# Blender 3.5.1
# www.blender.org
mtllib DB02_1_HorseT1_Low_OBJ_v1.mtl
o D01_Horse_Body_Low
v -1.695445 1.650402 -6.951595
v -1.270960 1.875432 -6.968080
v -1.621866 1.926739 -10.025531
v -1.270910 2.928273 -9.863436
v -1.718854 1.297606 -6.902177
v -1.705228 1.491310 -9.983101
v -1.782454 0.675014 -7.019265
v -1.787931 0.943779 -10.065054
v -1.804305 -0.856984 -7.155729
v -1.878576 -0.571890 -9.966563
v -1.775598 1.765728 -7.931965
v -1.270911 2.176262 -7.982043
v -1.842334 1.514804 -7.923147
v -1.837617 1.108762 -7.833184
v -1.821227 1.501445 -8.438403
v -1.670428 1.845854 -7.050776
v -1.588205 2.180572 -10.059903
v -1.661336 1.920060 -7.955952
v -1.802267 1.742081 -7.162599
v -1.866180 1.413104 -7.198714
v -1.885281 0.802997 -7.220180
v -1.927972 -0.844292 -7.271039
v -1.270911 2.048207 -7.148649
v -1.665809 1.954533 -7.201934
v -1.806260 -0.185450 -6.907437
v -1.868555 0.142433 -9.978237
v -1.745127 1.762612 -8.422268
v -1.902482 -0.153015 -7.061096
v -1.271007 2.221790 -7.656250
v -1.677277 1.948134 -7.644374
v -1.793411 1.761713 -7.623565
v -1.901293 1.467398 -7.617740
v -1.854961 0.687370 -7.626272
v -1.813019 -0.790514 -7.425694
v -1.795915 -0.119656 -7.281958
v -1.270499 2.256216 -9.118202
v -1.807952 1.874224 -9.217940
v -1.854921 1.562862 -9.214454
v -1.799660 1.075849 -9.206617
v -1.844873 -0.538382 -9.830085
v -1.706779 2.036706 -9.179361
v -1.877789 0.167846 -9.780891
v -1.748935 1.157382 -8.422562
v -1.271334 2.117126 -8.398302
v -1.642150 1.935513 -8.413369
v -1.768457 1.123005 -8.752865
v -1.826404 1.522398 -8.727235
v -1.752329 1.796328 -8.751493
v -1.270764 2.124760 -8.748191
v -1.658409 1.958832 -8.747683
v -1.270882 2.513203 -9.474146
v -1.737701 2.116951 -9.540577
v -1.873005 1.552356 -9.594719
v -1.819789 1.902092 -9.532152
v -1.909972 0.974606 -9.695598
v -1.270895 1.015477 -10.148386
v -1.270892 1.502099 -10.190691
v -1.804658 -1.158515 -10.013153
v -1.877170 0.562985 -9.968305
v -1.918324 0.605273 -9.710024
v -1.803052 0.632311 -9.628787
v -1.668069 0.969940 -7.856160
v -1.679212 0.894719 -9.186397
v -1.607267 1.029586 -8.438366
v -1.662760 0.976055 -8.739147
v -1.270532 0.939216 -7.830042
v -1.270916 0.655029 -9.163116
v -1.271089 0.893331 -8.444817
v -1.271120 0.773330 -8.760566
v -1.271014 1.969622 -10.237381
v -1.270950 3.088454 -10.028625
v -1.270884 2.283266 -10.316441
v -1.504402 2.550417 -10.247833
v -1.270913 3.215583 -10.192245
v -1.491649 2.636912 -10.357687
v -1.573975 0.983458 -10.164764
v -1.271413 2.413612 -10.381743
v -1.270942 2.496317 -10.460608
v -1.720067 -0.586539 -10.018625
v -1.682783 0.149495 -10.049346
v -1.610322 0.599907 -10.098530
v -1.516104 1.533710 -10.125203
v -1.919133 -1.024071 -9.816623
v -1.484750 1.972663 -10.179378
v -1.443169 2.274890 -10.279088
v -1.427237 2.444397 -10.351789
v -1.426861 2.541404 -10.414455
v -1.946144 -0.989957 -10.090546
v -1.700179 -0.992086 -10.219224
v -1.705181 -0.538693 -9.852931
v -1.663677 0.146257 -9.828820
v -1.640709 0.535837 -9.753442
v -1.732743 -1.018469 -9.787700
v -1.829553 0.803998 -9.537323
v -1.270118 0.641885 -9.483121
v -1.854099 0.753508 -9.989944
v -1.924663 0.777790 -9.688483
v -1.604563 0.828955 -10.135413
v -1.271044 0.659028 -9.611147
v -1.270895 0.805241 -9.982952
v -1.270902 0.745914 -9.823233
v -1.504865 0.858266 -8.737275
v -1.529934 0.747039 -9.170986
v -1.500025 0.968810 -8.402537
v -1.573186 0.964536 -7.841540
v -1.561666 0.720400 -9.502263
v -1.561735 0.717105 -9.809830
v -1.521761 0.706798 -9.615938
v -1.270736 0.906984 -10.095831
v -1.496340 0.804565 -9.992140
v -1.479379 0.883850 -10.084724
v -1.270893 3.343690 -10.430814
v -1.561963 2.757653 -10.635778
v -1.270919 2.401916 -10.656924
v -1.519245 2.651713 -10.753550
v -1.270895 3.239648 -10.951527
v -1.270786 3.104312 -11.088140
v -1.270851 2.199015 -10.935312
v -1.270881 2.836937 -11.142961
v -1.447302 2.307227 -11.042093
v -1.270962 2.433469 -11.299232
v -1.268347 1.881798 -11.179489
v -1.414801 2.019102 -11.244185
v -1.270824 2.157777 -11.444167
v -1.387453 1.516425 -10.167665
v -1.422804 0.676477 -9.162054
v -1.359675 1.970363 -10.225739
v -1.348755 2.275251 -10.312490
v -1.355322 2.421181 -10.376022
v -1.367192 2.508414 -10.436550
v -1.442701 1.033250 -10.150763
v -1.439362 0.670918 -9.500433
v -1.396425 0.674534 -9.612078
v -1.421079 0.820407 -9.990463
v -1.425207 0.923537 -8.421753
v -1.428844 0.812034 -8.735445
v -1.471090 0.956704 -7.828153
v -1.415570 0.740233 -9.814449
v -1.424274 0.896758 -10.066477
v -1.412592 2.435617 -10.700418
v -1.397675 2.220154 -10.992489
v -1.401058 1.974186 -11.179452
v -1.442994 2.377729 -11.182512
v -1.500786 2.883772 -10.967236
v -1.533060 3.000748 -10.929722
v -1.270894 3.332150 -10.781143
v -1.382978 2.129281 -11.364557
v -1.567682 1.859713 -7.006634
v -1.542201 2.552523 -9.983035
v -1.570046 2.019380 -7.973029
v -1.576165 1.995218 -7.178382
v -1.591274 2.041572 -7.655984
v -1.608432 2.126135 -9.148845
v -1.561388 2.009672 -8.410366
v -1.568689 2.038288 -8.744883
v -1.641661 2.281517 -9.513170
v -1.501539 2.750174 -10.168759
v -1.511905 2.852627 -10.270966
v -1.576189 3.005905 -10.557964
v -1.544089 3.269691 -10.766323
v -1.361670 3.328387 -10.436579
v -1.410428 3.360871 -10.833025
v -1.486655 3.609738 -10.710625
v -1.526959 3.601305 -10.712490
v -1.489145 3.611655 -10.757893
v -1.532949 3.608648 -10.747883
v -1.537473 3.560499 -10.737103
v -1.465531 3.577046 -10.752245
v -1.517362 3.534050 -10.660539
v -1.457860 3.559235 -10.661398
v -1.431567 3.533741 -10.734184
v -1.412221 3.474890 -10.736485
v -1.411360 3.424325 -10.759193
v -1.543477 3.374150 -10.717726
v -1.543760 3.434938 -10.711025
v -1.544484 3.476994 -10.716091
v -1.510959 3.289508 -10.541067
v -1.521465 3.397263 -10.612880
v -1.522760 3.465522 -10.637073
v -1.386532 3.379035 -10.544437
v -1.426459 3.437597 -10.605902
v -1.448399 3.492083 -10.624405
v -1.270902 3.306643 -10.858744
v -1.467618 3.230691 -10.423822
v -1.477314 3.302406 -10.805828
v -1.509041 3.609739 -10.710186
v -1.515742 3.620452 -10.759920
v -1.495713 3.545386 -10.651880
v -1.504899 3.563704 -10.755950
v -1.472881 3.363485 -10.723633
v -1.479727 3.444088 -10.712678
v -1.496941 3.512151 -10.730307
v -1.445696 3.345430 -10.518515
v -1.466034 3.414493 -10.587690
v -1.482355 3.472278 -10.615271
v -1.459631 2.368686 -11.135744
v -1.494427 2.712125 -10.898359
v -1.428024 2.067298 -11.316133
v -1.542161 2.890018 -10.752713
v -1.270888 3.368449 -10.684826
v -1.568717 3.188138 -10.633797
v -1.336724 3.382238 -10.695641
v -1.532451 3.610205 -10.732356
v -1.487311 3.617773 -10.734166
v -1.442660 3.570213 -10.695459
v -1.543167 3.542749 -10.702729
v -1.558265 3.316576 -10.658497
v -1.556952 3.402337 -10.676483
v -1.553707 3.457116 -10.685898
v -1.377803 3.427175 -10.678692
v -1.399868 3.466480 -10.660752
v -1.416262 3.521800 -10.674938
v -1.512569 3.627213 -10.742262
v -1.504222 3.050504 -11.026655
v -1.363525 2.427765 -11.278815
v -1.442417 2.909450 -11.064152
v -1.349968 2.168330 -11.419789
v -1.416844 3.262107 -10.923599
v -1.511564 2.554755 -10.569613
v -1.342370 3.342063 -10.806631
v -1.372828 3.323044 -10.866536
v -1.270889 3.289829 -10.305340
v -1.553375 2.668412 -10.504747
v -1.270832 2.471077 -10.573338
v -1.401845 2.486109 -10.597017
v -1.551528 2.936023 -10.349812
v -1.397550 2.825855 -11.111752
v -1.483419 2.797793 -10.966997
v -1.552422 3.037097 -10.872707
v -1.474384 3.096625 -11.042442
v -1.450697 2.899320 -11.013329
v -1.526801 2.921101 -10.931755
v -1.521865 3.041260 -10.972405
v -1.462078 2.984037 -11.066074
v -1.470268 2.963169 -10.977789
v -1.780995 0.147905 -10.067378
v -1.764279 0.602252 -10.085458
v -1.690897 0.959157 -10.129448
v -1.795045 -0.563179 -10.036495
v -1.596993 1.543602 -10.073482
v -1.554582 1.966169 -10.122006
v -1.532736 2.285800 -10.189744
v -1.476414 2.470363 -10.309329
v -1.459869 2.574383 -10.397588
v -1.852520 -0.972781 -10.225132
v -1.713130 0.782189 -10.124755
v -1.542363 2.702971 -10.697167
v -1.522646 2.882725 -10.889381
v -1.517697 2.808767 -10.827912
v -1.539594 2.609029 -10.533991
v -1.534356 3.091722 -10.971773
v -1.499076 3.273196 -10.835258
v -1.270853 2.995748 -11.124775
v -1.451123 2.993091 -11.096186
v -1.271381 1.879787 -11.227987
v -1.389322 1.970947 -11.299041
v -1.269975 2.106279 -11.437459
v -1.366667 1.934385 -11.201661
v -1.361386 2.065627 -11.395712
v -1.390925 2.017073 -11.352650
v -1.318169 2.112225 -11.427937
v -1.269833 1.898494 -11.249732
v -1.350152 1.943947 -11.318375
v -1.270895 2.015298 -11.406214
v -1.335672 1.917978 -11.226573
v -1.346101 2.034322 -11.391428
v -1.355024 1.991811 -11.367452
v -1.311176 2.020533 -11.399910
v -1.270710 1.932459 -11.334672
v -1.307606 1.901377 -11.239042
v -1.346412 0.658977 -9.162006
v -1.270900 1.976305 -11.388380
v -1.316001 1.977783 -11.378935
v -1.316644 1.968489 -10.234634
v -1.331364 1.509503 -10.182973
v -1.316122 1.935574 -11.333611
v -1.307716 2.278698 -10.315539
v -1.301621 2.418250 -10.383364
v -1.320485 2.498684 -10.451217
v -1.358974 0.649893 -9.491423
v -1.334913 0.663719 -9.611547
v -1.351979 0.805114 -9.988589
v -1.365365 0.909187 -10.085607
v -1.347565 2.411006 -10.676154
v -1.334956 2.201748 -10.956286
v -1.324049 1.898159 -11.160889
v -1.352063 1.016986 -10.143541
v -1.356942 0.897171 -8.448505
v -1.360462 0.789020 -8.735754
v -1.336446 0.945793 -7.840221
v -1.343881 0.742689 -9.818807
v -1.337205 2.474843 -10.582669
v -1.312814 1.888582 -11.223707
v -1.270892 1.927078 -11.101195
v -1.427614 2.082239 -11.179926
v -1.270037 2.245336 -11.433582
v -1.416093 2.011983 -11.093198
v -1.431960 2.207176 -11.329260
v -1.462169 2.150944 -11.270697
v -1.372394 2.240712 -11.398637
v -1.336812 1.952466 -11.087506
v -1.270921 2.024130 -11.016888
v -1.437946 2.171256 -11.127067
v -1.270762 2.333453 -11.366333
v -1.408716 2.107283 -11.046850
v -1.446764 2.274588 -11.269090
v -1.466619 2.241614 -11.228557
v -1.371487 2.327576 -11.350561
v -1.339138 2.060443 -11.020746
v -1.498836 2.577098 -10.815845
v -1.271016 2.745764 -11.166785
v -1.270877 2.358654 -10.717443
v -1.403454 2.393032 -10.768818
v -1.457471 2.681800 -11.011676
v -1.485063 2.611094 -10.951344
v -1.379564 2.735051 -11.134132
v -1.343401 2.367870 -10.738806
v -1.270901 2.566998 -11.241009
v -1.393335 2.299869 -10.899206
v -1.451452 2.504162 -11.109488
v -1.482245 2.482366 -11.038309
v -1.371237 2.556830 -11.214140
v -1.336127 2.276780 -10.865265
v -1.476700 2.421407 -10.944538
v -1.270854 2.268461 -10.839695
v -1.444994 2.808411 -11.038596
v -1.270890 3.379881 -10.562796
v -1.322316 3.381372 -10.563734
v -1.270895 1.645459 -6.852112
v -1.270882 1.263121 -6.806983
v -1.602772 1.285861 -6.837297
v -1.591950 1.650365 -6.893706
v -1.614078 0.702155 -6.990619
v -1.644753 -0.856028 -7.204879
v -1.621689 -0.153546 -6.904284
v -1.270895 1.004504 -6.949919
v -1.642755 0.679697 -7.557763
v -1.694154 -0.787495 -7.391436
v -1.654989 -0.154145 -7.235481
v -1.519441 0.808336 -7.012987
v -1.563268 0.808026 -7.581282
v -1.440618 0.924474 -6.989800
v -1.442552 0.888287 -7.638599
v -1.361165 0.985839 -6.963761
v -1.354286 0.889156 -7.653203
v -1.817677 1.765108 -7.409226
v -1.903654 1.444546 -7.426494
v -1.920916 0.823989 -7.438642
v -1.899556 -0.808432 -7.385285
v -1.901020 -0.157338 -7.202803
v -1.270949 2.163163 -7.382938
v -1.710561 1.946094 -7.421162
v -1.562734 2.079379 -7.419916
v -1.270807 2.199643 -7.853030
v -1.665496 1.932413 -7.812864
v -1.875420 0.974825 -7.742351
v -1.781772 1.752406 -7.804691
v -1.871763 1.470463 -7.770929
v -1.577374 2.027756 -7.831562
v -1.668425 0.856699 -7.716619
v -1.565886 0.898881 -7.720251
v -1.456602 0.925511 -7.732234
v -1.347782 0.915163 -7.733137
v -1.270521 0.880588 -7.646751
v -1.270359 0.909484 -7.730468
v -1.755295 1.745312 -8.084312
v -1.803700 1.499527 -8.070633
v -1.747763 1.177309 -8.018921
v -1.270908 2.148977 -8.104021
v -1.677602 1.904508 -8.099756
v -1.628512 1.044365 -7.973979
v -1.271390 0.970021 -7.984429
v -1.522931 0.999156 -8.002808
v -1.448715 0.980075 -8.009778
v -1.578423 2.003946 -8.105968
v -1.363910 0.974485 -8.033843
v -1.271366 2.130841 -8.254272
v -1.646640 1.925676 -8.250456
v -1.564046 2.006082 -8.254111
v -1.743020 1.753478 -8.254341
v -1.806748 1.501618 -8.277968
v -1.731489 1.169178 -8.216731
v -1.603722 1.070909 -8.215499
v -1.271814 0.958933 -8.236260
v -1.498370 1.000474 -8.207704
v -1.430491 0.971969 -8.222367
v -1.358058 0.957286 -8.253096
v -1.446388 1.870836 -6.984360
v -1.478801 2.717093 -9.920543
v -1.475041 2.098660 -7.978147
v -1.454474 2.024421 -7.158666
v -1.501939 2.121525 -7.660920
v -1.504387 2.193861 -9.129989
v -1.456773 2.072858 -8.403065
v -1.465667 2.088723 -8.743972
v -1.521581 2.389120 -9.478552
v -1.446342 2.924362 -10.096477
v -1.432820 3.034387 -10.192595
v -1.450739 3.130478 -10.315228
v -1.461569 1.278260 -6.808836
v -1.461042 1.654304 -6.861905
v -1.464480 2.128908 -7.400277
v -1.483623 2.108371 -7.842261
v -1.477507 2.081965 -8.105210
v -1.464507 2.075777 -8.254446
v -1.380823 3.224839 -10.292734
v -1.380418 2.859585 -9.861228
v -1.388102 2.468201 -9.456425
v -1.364927 3.043055 -10.047199
v -1.372608 3.141333 -10.178101
v -1.364415 1.270281 -6.807090
v -1.364873 1.650194 -6.854858
v -1.359064 1.874975 -6.972957
v -1.369361 2.157333 -7.982378
v -1.364766 2.040328 -7.150393
v -1.400164 2.188468 -7.661207
v -1.391884 2.237116 -9.116670
v -1.353908 2.107564 -8.400348
v -1.370322 2.115197 -8.744782
v -1.368017 2.154552 -7.386338
v -1.381517 2.171616 -7.850267
v -1.367669 2.132857 -8.106466
v -1.360449 2.118941 -8.254659
v -1.270930 2.178709 -8.954311
v -1.666032 1.988233 -8.965723
v -1.780855 1.114926 -8.971344
v -1.821035 1.530510 -8.957441
v -1.754248 1.827574 -8.975068
v -1.677870 0.940003 -8.983655
v -1.270876 0.716997 -8.949052
v -1.521383 0.798174 -8.964163
v -1.425726 0.744983 -8.940513
v -1.577965 2.073918 -8.957843
v -1.353980 0.725128 -8.943304
v -1.476717 2.133771 -8.952394
v -1.375705 2.167296 -8.950171
v -1.801599 -0.971130 -7.196633
v -1.918140 -0.938993 -7.301895
v -1.846630 -0.916770 -7.474669
v -1.649016 -0.961571 -7.282362
v -1.692737 -0.913058 -7.454127
v -1.903916 -0.919311 -7.406446
v -1.780845 -1.202609 -7.406709
v -1.663740 -0.864874 -9.988545
v -1.736382 -0.929799 -9.781702
v -1.887300 -0.932971 -9.800055
v -1.662850 -0.912803 -9.998819
v -1.831541 -0.935055 -10.185143
v -1.955972 -0.999642 -7.456944
v -1.873649 -0.984979 -7.567999
v -1.627948 -0.996029 -7.533414
v -1.942201 -1.020194 -7.272125
v -1.617627 -1.022788 -7.280369
v -1.790183 -1.032786 -7.173787
v -1.922164 -0.501968 -7.169699
v -1.825959 -0.465974 -7.026736
v -1.813225 -0.466720 -7.286646
v -1.650372 -0.507309 -7.074074
v -1.698205 -0.478754 -7.254307
v -1.889182 -0.478778 -7.259301
v -1.782601 0.238102 -6.983444
v -1.909769 0.326349 -7.152242
v -1.813829 0.292836 -7.436396
v -1.640628 0.279166 -6.996628
v -1.662921 0.266410 -7.388008
v -1.899584 0.339372 -7.362567
v -1.774366 0.457548 -7.019512
v -1.636799 0.505942 -7.023948
v -1.901724 0.558769 -7.199632
v -1.831972 0.495666 -7.520590
v -1.658978 0.475516 -7.467311
v -1.908869 0.554569 -7.430243
v -1.906542 0.056612 -7.095269
v -1.800093 0.068393 -7.325402
v -1.667902 0.033566 -7.291220
v -1.901859 0.070540 -7.225479
v -1.802465 0.001705 -6.930013
v -1.627985 0.033959 -6.939833
v -1.727381 -0.980373 -9.796988
v -1.713976 -0.968725 -7.200182
v -1.700158 -1.021606 -7.195924
v -1.772712 -0.901572 -7.472000
v -1.919386 -0.949340 -10.070428
v -1.766842 -0.981489 -7.595995
v -1.843029 1.361590 -9.198667
v -1.918628 1.173742 -7.627493
v -1.868028 1.177866 -7.210293
v -1.651481 -0.905154 -7.246041
v -1.696789 -0.855291 -7.399584
v -1.923217 -0.890267 -7.286341
v -1.900294 -0.862281 -7.395111
v -1.826734 -0.842496 -7.431885
v -1.804364 -0.912874 -7.183008
v -1.912665 -0.702379 -7.229005
v -1.811925 -0.670463 -7.339151
v -1.710305 -0.668045 -7.312139
v -1.881162 -0.676279 -7.319459
v -1.812017 -0.694778 -7.109453
v -1.655459 -0.713690 -7.157756
v -1.817047 -0.317739 -6.957983
v -1.617034 -0.323184 -6.975844
v -1.922564 -0.315762 -7.108159
v -1.803984 -0.282408 -7.277425
v -1.671322 -0.301753 -7.247639
v -1.901347 -0.309607 -7.232695
v -1.880289 -0.854860 -7.200367
v -1.876672 -0.957252 -7.230145
v -1.879105 -1.018677 -7.193874
v -1.876626 -0.909759 -7.218617
v -1.908073 -0.988420 -9.822800
v -1.714252 -0.869506 -7.154068
v -1.716554 -0.926723 -7.186292
v -1.851961 1.319321 -7.869092
v -1.760092 1.223725 -10.036853
v -1.749295 -0.780661 -7.421496
v -1.762941 -0.846628 -7.437201
v -1.903549 -1.068486 -7.604141
v -1.616408 -1.095781 -7.583065
v -1.592821 -1.088375 -7.255144
v -1.794811 -1.096673 -7.139376
v -1.985417 -1.088096 -7.481510
v -1.970359 -1.104607 -7.244514
v -1.676565 -1.099183 -7.166765
v -1.765153 -1.082863 -7.653442
v -1.755670 1.049041 -6.938665
v -1.917277 -1.096701 -7.175055
v -1.587214 -0.154043 -7.089367
v -1.540969 0.671417 -7.334451
v -1.271349 0.856915 -7.337130
v -1.513939 0.754253 -7.373430
v -1.425238 0.845626 -7.350160
v -1.360474 0.857549 -7.351288
v -1.635198 -0.480360 -7.162225
v -1.589097 0.273089 -7.217693
v -1.582293 0.476457 -7.274651
v -1.589755 0.026000 -7.151042
v -1.651705 -0.930023 -7.356809
v -1.721252 -0.935382 -10.175980
v -1.600341 -0.997902 -7.388425
v -1.654146 -0.683733 -7.248326
v -1.601428 -0.318037 -7.142674
v -1.639822 -0.825316 -7.291408
v -1.660727 -0.883339 -7.319231
v -1.565388 -1.083461 -7.416017
v -1.820808 1.377498 -8.426214
v -1.827826 1.367075 -8.727319
v -1.270923 1.288184 -10.192836
v -1.888477 1.327959 -9.635185
v -1.535601 1.293554 -10.141907
v -1.440322 1.281903 -10.167849
v -1.656814 1.255149 -10.098930
v -1.334290 1.294095 -10.188601
v -1.622149 1.043606 -6.867510
v -1.908305 1.213789 -7.436295
v -1.885384 1.293431 -7.754365
v -1.793447 1.335684 -8.042729
v -1.803318 1.369709 -8.255882
v -1.825031 1.355538 -8.958315
v -1.270829 1.150112 -6.837494
v -1.443902 1.110089 -6.850164
v -1.364368 1.142713 -6.842958
v -1.871241 0.988356 -7.212658
v -1.908139 1.013156 -7.444010
v -1.772493 0.860162 -6.975029
v -1.919393 0.977841 -7.626847
v -1.618018 0.827369 -6.940401
v -1.709192 1.490743 -6.919697
v -1.644329 1.761493 -10.011750
v -1.824662 1.659435 -7.919724
v -1.847168 1.582768 -7.176422
v -1.862979 1.609866 -7.619879
v -1.840305 1.732731 -9.210703
v -1.793105 1.638516 -8.430533
v -1.797415 1.665661 -8.742406
v -1.849124 1.743040 -9.560488
v -1.270901 1.747056 -10.203190
v -1.499152 1.770241 -10.139399
v -1.366852 1.756791 -10.186487
v -1.567368 1.776825 -10.093037
v -1.318973 1.751233 -10.199328
v -1.270907 1.464547 -6.808482
v -1.599221 1.485302 -6.852955
v -1.874288 1.613190 -7.412941
v -1.837077 1.614224 -7.772415
v -1.782361 1.658344 -8.081205
v -1.784723 1.633486 -8.267793
v -1.466456 1.482037 -6.817228
v -1.365375 1.474188 -6.811143
v -1.795398 1.690324 -8.968639
v -1.575137 0.561905 -9.895067
v -1.638961 0.141802 -9.967230
v -1.681926 -0.561622 -9.923916
v -1.631984 -1.000367 -10.008965
v -1.904090 -1.183375 -7.174367
v -1.786713 -1.174715 -7.141541
v -1.984980 -1.170707 -7.485851
v -1.973387 -1.177269 -7.239870
v -1.679109 -1.181972 -7.164795
v -1.600907 -1.178456 -7.248877
v -1.761244 -1.163037 -7.668287
v -1.917159 -1.164472 -7.605187
v -1.639522 -1.176958 -7.614515
v -1.571499 -1.183274 -7.470837
v -1.844578 -1.204843 -7.323614
v -1.790758 -1.206539 -7.303195
v -1.882506 -1.197017 -7.444150
v -1.881886 -1.201184 -7.374712
v -1.735035 -1.206959 -7.314068
v -1.689444 -1.206043 -7.356091
v -1.766815 -1.197795 -7.519281
v -1.838321 -1.192478 -7.501961
v -1.702463 -1.202928 -7.486882
v -1.674180 -1.204387 -7.422159
v -1.831428 -0.888865 -10.158786
v -1.904046 -0.900743 -10.051239
v -1.722613 -0.882040 -10.148870
v -1.884277 -0.792168 -9.822692
v -1.712348 -0.791750 -9.821225
v -1.736975 -0.773916 -10.103960
v -1.893622 -0.797248 -10.026031
v -1.820290 -0.778624 -10.128865
v -1.672204 -0.787676 -9.990816
v -1.859959 -0.697880 -9.832644
v -1.710317 -0.697738 -9.834537
v -1.734274 -0.698783 -10.046550
v -1.883473 -0.709093 -9.998389
v -1.810469 -0.690184 -10.060031
v -1.675766 -0.694109 -9.952912
v -1.865370 -0.316538 -9.964443
v -1.851600 -0.285992 -9.817645
v -1.719865 -0.324205 -10.012697
v -1.698452 -0.290778 -9.846723
v -1.791619 -0.324040 -10.018433
v -1.683828 -0.310792 -9.938533
v -1.894377 -0.025503 -9.984756
v -1.881055 -0.000831 -9.803964
v -1.685230 -0.055083 -10.047504
v -1.674022 -0.043010 -9.833359
v -1.774693 -0.033169 -10.088151
v -1.643596 -0.054562 -9.956538
v -1.877631 -0.187426 -9.974493
v -1.869038 -0.156689 -9.819091
v -1.708425 -0.185668 -10.026855
v -1.686588 -0.166979 -9.839088
v -1.787737 -0.190111 -10.047615
v -1.673091 -0.180770 -9.946890
v -1.777687 -0.534515 -9.808997
v -1.824718 -1.019930 -9.765180
v -1.756166 0.160100 -9.763158
v -1.700157 0.586578 -9.687979
v -1.270965 0.700310 -9.716560
v -1.556920 0.719627 -9.712890
v -1.408404 0.703975 -9.710829
v -1.340012 0.700857 -9.713728
v -1.823185 -0.933564 -9.757412
v -1.828689 -0.979195 -9.772611
v -1.797292 -0.765576 -9.775975
v -1.786107 -0.693824 -9.797739
v -1.758109 -0.291220 -9.804482
v -1.763239 -0.015123 -9.779906
v -1.765189 -0.159059 -9.792040
v -1.716766 -0.857377 -9.789817
v -1.896488 -0.848265 -9.803000
v -1.722456 -0.847468 -10.138547
v -1.902281 -0.849616 -10.043097
v -1.825173 -0.832346 -10.153018
v -1.665981 -0.829760 -9.981048
v -1.811341 -0.830904 -9.742460
v -1.270895 2.716633 -9.672160
v -1.655377 2.141853 -9.794635
v -1.799016 1.489194 -9.845285
v -1.713171 1.891844 -9.774917
v -1.884652 0.968044 -9.928864
v -1.880019 -0.553500 -9.895893
v -1.901532 0.136702 -9.867869
v -1.928784 0.576595 -9.843921
v -1.955095 -0.995139 -9.950768
v -1.916482 0.738940 -9.871254
v -1.586459 2.411750 -9.747520
v -1.499334 2.546875 -9.700178
v -1.377421 2.660862 -9.654301
v -1.845394 1.271572 -9.894954
v -1.746482 1.710870 -9.806862
v -1.918239 -0.915038 -9.927658
v -1.928352 -0.957559 -9.948063
v -1.909028 -0.789083 -9.927593
v -1.895739 -0.701082 -9.915588
v -1.884228 -0.297486 -9.887567
v -1.907894 -0.010651 -9.888823
v -1.892004 -0.168572 -9.887989
v -1.919764 -0.852945 -9.935272
v -1.881336 1.566255 -9.407781
v -1.837366 1.899161 -9.374988
v -1.844423 1.022420 -9.468645
v -1.270949 2.391425 -9.295746
v -1.749548 2.095738 -9.345178
v -1.632746 2.218830 -9.311248
v -1.513368 2.299978 -9.295128
v -1.394454 2.360228 -9.289402
v -1.877907 1.358192 -9.429225
v -1.866851 1.748140 -9.389659
v -1.710032 0.870150 -9.339911
v -1.270655 0.637862 -9.322776
v -1.555905 0.733805 -9.333220
v -1.442747 0.665849 -9.327315
v -1.350487 0.641486 -9.325736
v -1.825118 0.926026 -9.427336
v -1.973928 -1.139342 -9.975124
v -1.913972 -1.141546 -9.829461
v -1.852342 -1.132503 -10.254944
v -1.952306 -1.137863 -10.134059
v -1.820308 -1.134213 -9.783778
v -1.720514 -1.132977 -9.798004
v -1.614289 -1.137581 -10.032692
v -1.694826 -1.134812 -10.247312
v -1.913911 -1.157629 -9.983469
v -1.866494 -1.153796 -9.870954
v -1.826931 -1.145806 -10.200528
v -1.897842 -1.156409 -10.112891
v -1.809234 -1.151826 -9.838927
v -1.758942 -1.152090 -9.846731
v -1.674765 -1.154915 -10.035240
v -1.736011 -1.145468 -10.193830
v -0.846644 1.650245 -6.951639
v -0.928460 1.936471 -10.039658
v -0.822872 1.297614 -6.902114
v -0.852226 1.521733 -9.992036
v -0.759674 0.675065 -7.019747
v -0.753846 0.944217 -10.065099
v -0.736120 -0.856200 -7.157139
v -0.664046 -0.571990 -9.966243
v -0.767013 1.765197 -7.931719
v -0.699600 1.510741 -7.923213
v -0.704843 1.108867 -7.832636
v -0.720702 1.501423 -8.438390
v -0.871516 1.845444 -7.050620
v -0.954598 2.180748 -10.061663
v -0.879291 1.918366 -7.957194
v -0.739329 1.742437 -7.162059
v -0.675633 1.413101 -7.198734
v -0.655449 0.801721 -7.221454
v -0.613872 -0.844160 -7.271207
v -0.877507 1.954690 -7.202093
v -0.735895 -0.185361 -6.907943
v -0.672729 0.142445 -9.978462
v -0.797038 1.762860 -8.421921
v -0.637965 -0.152888 -7.060762
v -0.864490 1.948180 -7.645315
v -0.748208 1.761073 -7.623846
v -0.640904 1.468701 -7.617261
v -0.686770 0.687330 -7.626422
v -0.729177 -0.790478 -7.425682
v -0.745963 -0.119617 -7.281461
v -0.734187 1.875304 -9.218660
v -0.686605 1.561893 -9.216398
v -0.740444 1.074733 -9.205946
v -0.697595 -0.538427 -9.830972
v -0.835297 2.035947 -9.180545
v -0.657273 0.154388 -9.789554
v -0.792937 1.156129 -8.421242
v -0.899239 1.934745 -8.415309
v -0.772454 1.122937 -8.755619
v -0.715662 1.521506 -8.725248
v -0.789923 1.796251 -8.751554
v -0.884096 1.958795 -8.747767
v -0.805307 2.116370 -9.540438
v -0.668693 1.551725 -9.596866
v -0.721998 1.901620 -9.531951
v -0.630139 0.982076 -9.697079
v -0.737214 -1.158354 -10.013197
v -0.663998 0.562999 -9.968761
v -0.624874 0.613568 -9.701711
v -0.738460 0.632710 -9.629900
v -0.873663 0.969099 -7.857107
v -0.862519 0.894667 -9.186378
v -0.933347 1.029310 -8.440870
v -0.878909 0.975921 -8.739108
v -1.039059 2.544995 -10.246838
v -1.052526 2.637701 -10.357861
v -0.971959 0.986260 -10.166158
v -0.821921 -0.586535 -10.018869
v -0.859067 0.149475 -10.049425
v -0.931063 0.599988 -10.098164
v -1.024020 1.535160 -10.124536
v -0.622514 -1.024043 -9.816537
v -1.057103 1.970911 -10.178886
v -1.097548 2.272800 -10.278288
v -1.114513 2.444670 -10.352084
v -1.115896 2.542414 -10.413881
v -0.596778 -0.990681 -10.090242
v -0.841579 -0.992047 -10.219266
v -0.837005 -0.538076 -9.853506
v -0.877861 0.146316 -9.829015
v -0.896693 0.535754 -9.752009
v -0.808820 -1.018500 -9.787829
v -0.712393 0.804348 -9.537705
v -0.687504 0.753512 -9.990074
v -0.617176 0.777362 -9.682676
v -0.937487 0.828761 -10.136492
v -1.037108 0.858529 -8.737359
v -1.012642 0.747378 -9.170722
v -1.041934 0.969063 -8.402610
v -0.968638 0.961755 -7.842935
v -0.980609 0.725362 -9.500744
v -0.966970 0.722315 -9.813182
v -1.028527 0.710319 -9.614195
v -1.039556 0.809837 -9.991585
v -1.062675 0.883596 -10.085031
v -0.979867 2.757880 -10.635730
v -1.022397 2.651705 -10.753599
v -1.091290 2.306223 -11.041531
v -1.112380 2.020871 -11.245029
v -1.154722 1.516429 -10.168191
v -1.119053 0.676406 -9.162613
v -1.181554 1.970265 -10.224876
v -1.192837 2.275137 -10.312469
v -1.189549 2.425305 -10.379790
v -1.174685 2.508425 -10.436373
v -1.099414 1.032839 -10.152958
v -1.100971 0.674022 -9.500041
v -1.145437 0.677096 -9.611162
v -1.122168 0.823061 -9.988196
v -1.116581 0.923549 -8.421757
v -1.113039 0.812146 -8.735502
v -1.070598 0.955393 -7.828530
v -1.127777 0.745536 -9.811667
v -1.117422 0.898183 -10.064781
v -1.128181 2.433925 -10.701765
v -1.141542 2.218531 -10.990024
v -1.123470 1.977000 -11.174782
v -1.091842 2.377409 -11.174256
v -1.038031 2.883814 -10.969730
v -1.007528 3.000633 -10.930975
v -1.159751 2.130434 -11.363890
v -0.974162 1.859782 -7.006699
v -1.003116 2.552714 -9.983921
v -0.970965 2.018891 -7.973115
v -0.965544 1.995021 -7.178746
v -0.949950 2.042213 -7.656067
v -0.934427 2.125166 -9.149676
v -0.980901 2.009336 -8.409991
v -0.973519 2.037076 -8.745154
v -0.901872 2.279346 -9.516857
v -1.043310 2.749903 -10.169619
v -1.030781 2.853096 -10.273527
v -0.966925 3.015052 -10.541107
v -0.993953 3.272101 -10.769591
v -1.177004 3.328949 -10.434430
v -1.130761 3.357198 -10.829271
v -1.056737 3.615618 -10.706013
v -1.014819 3.600727 -10.712666
v -1.051993 3.611908 -10.755026
v -1.010579 3.608202 -10.746351
v -1.008275 3.559961 -10.736756
v -1.074156 3.577701 -10.745830
v -1.023036 3.534850 -10.658907
v -1.085969 3.562889 -10.658142
v -1.106282 3.535264 -10.725431
v -1.129206 3.472785 -10.713945
v -1.124322 3.400205 -10.767612
v -0.998437 3.368510 -10.719431
v -1.001896 3.428905 -10.707937
v -1.006625 3.482928 -10.714497
v -1.030837 3.289503 -10.541072
v -1.017885 3.398211 -10.610229
v -1.016807 3.466351 -10.635050
v -1.155433 3.384395 -10.541536
v -1.118668 3.441789 -10.599195
v -1.094194 3.494570 -10.620292
v -1.071141 3.228101 -10.424980
v -1.064042 3.304341 -10.805737
v -1.030325 3.611741 -10.707914
v -1.026683 3.620775 -10.758096
v -1.044968 3.546676 -10.649553
v -1.037919 3.565731 -10.753124
v -1.068561 3.366949 -10.728584
v -1.063175 3.444193 -10.706521
v -1.044498 3.512969 -10.728494
v -1.094379 3.347938 -10.516120
v -1.072455 3.413613 -10.581059
v -1.058780 3.473048 -10.611853
v -1.079228 2.353179 -11.144557
v -1.048195 2.709503 -10.901764
v -1.115510 2.067650 -11.315081
v -1.000836 2.890815 -10.751982
v -0.976300 3.188669 -10.629069
v -1.209375 3.379495 -10.699959
v -1.011489 3.608930 -10.732609
v -1.056615 3.624493 -10.729296
v -1.104453 3.574600 -10.695709
v -1.003138 3.541168 -10.704798
v -0.984184 3.316707 -10.656092
v -0.986484 3.402155 -10.678915
v -0.995998 3.456604 -10.691154
v -1.169552 3.426718 -10.682098
v -1.149955 3.468956 -10.668289
v -1.130215 3.524434 -10.675203
v -1.028874 3.627396 -10.741481
v -1.035020 3.049987 -11.028095
v -1.176992 2.428804 -11.280521
v -1.102949 2.911792 -11.065890
v -1.188969 2.168817 -11.418554
v -1.126569 3.262369 -10.921122
v -1.029696 2.554065 -10.569253
v -1.198496 3.340241 -10.804689
v -1.168777 3.319284 -10.863304
v -0.986353 2.668007 -10.504307
v -1.139176 2.485317 -10.596532
v -0.991867 2.934273 -10.348321
v -1.145089 2.825604 -11.112186
v -1.057320 2.797840 -10.968113
v -0.989606 3.037137 -10.872702
v -1.068507 3.095459 -11.040932
v -1.089663 2.900097 -11.009686
v -1.010813 2.921130 -10.934173
v -1.016849 3.037842 -10.974077
v -1.073310 2.981088 -11.066077
v -1.069292 2.963396 -10.979737
v -0.765594 0.177489 -10.067261
v -0.777684 0.597465 -10.085486
v -0.848640 0.959573 -10.129225
v -0.746756 -0.563180 -10.036418
v -0.944963 1.544372 -10.073518
v -0.987094 1.973119 -10.122277
v -1.009345 2.287044 -10.188445
v -1.067100 2.470453 -10.308353
v -1.084367 2.576134 -10.396893
v -0.689851 -0.973617 -10.224047
v -0.831775 0.782462 -10.126663
v -0.999339 2.703048 -10.696962
v -1.020306 2.883061 -10.889344
v -1.024237 2.808933 -10.827930
v -1.002487 2.606925 -10.534303
v -1.005301 3.092176 -10.972558
v -1.041450 3.274075 -10.834798
v -1.089164 2.993237 -11.098270
v -1.145423 1.969440 -11.290781
v -1.168540 1.934314 -11.217316
v -1.182549 2.065624 -11.394108
v -1.153100 2.018191 -11.350228
v -1.217402 2.112082 -11.428312
v -1.191942 1.938648 -11.330020
v -1.195769 1.924218 -11.229962
v -1.195757 2.034381 -11.391306
v -1.190279 1.981033 -11.365578
v -1.230465 2.020331 -11.400354
v -1.233528 1.899317 -11.245204
v -1.195696 0.658915 -9.161491
v -1.225205 1.977053 -11.380605
v -1.228517 1.968264 -10.234326
v -1.210562 1.509516 -10.182996
v -1.225321 1.930952 -11.332603
v -1.234069 2.278682 -10.315563
v -1.241028 2.415906 -10.382630
v -1.221109 2.498375 -10.451523
v -1.181841 0.651040 -9.493661
v -1.207354 0.664896 -9.611238
v -1.189813 0.805323 -9.988451
v -1.176556 0.909429 -10.085208
v -1.193753 2.410118 -10.675552
v -1.206846 2.201767 -10.956276
v -1.218172 1.895938 -11.162186
v -1.189753 1.017191 -10.143044
v -1.184857 0.897246 -8.448535
v -1.181370 0.789167 -8.735792
v -1.205171 0.945467 -7.840210
v -1.198094 0.745855 -9.817657
v -1.204384 2.473900 -10.582118
v -1.227116 1.884471 -11.225328
v -1.101365 2.087835 -11.182810
v -1.128739 2.007987 -11.089472
v -1.111298 2.207068 -11.328136
v -1.078519 2.151291 -11.270916
v -1.169144 2.241018 -11.398054
v -1.204778 1.953016 -11.087888
v -1.099715 2.171877 -11.126473
v -1.131974 2.104037 -11.045917
v -1.094703 2.276227 -11.267269
v -1.072093 2.241051 -11.228296
v -1.169439 2.327649 -11.350932
v -1.202932 2.060285 -11.020452
v -1.041303 2.576994 -10.816021
v -1.138125 2.391838 -10.768053
v -1.083078 2.681525 -11.012027
v -1.054292 2.610671 -10.947906
v -1.160185 2.733685 -11.135380
v -1.198121 2.367261 -10.738311
v -1.146614 2.298510 -10.901419
v -1.090466 2.507337 -11.109468
v -1.059376 2.474768 -11.050255
v -1.170196 2.556900 -11.215164
v -1.205588 2.276699 -10.865141
v -1.062543 2.420789 -10.944227
v -1.098643 2.807124 -11.039972
v -1.219432 3.386085 -10.562756
v -0.938670 1.285819 -6.837753
v -0.950030 1.649819 -6.893846
v -0.924349 0.702704 -6.990390
v -0.892854 -0.856327 -7.206257
v -0.919935 -0.153572 -6.904799
v -0.899068 0.679675 -7.557802
v -0.847591 -0.786731 -7.391158
v -0.886872 -0.154143 -7.235555
v -1.022221 0.808869 -7.012938
v -0.979605 0.806649 -7.582016
v -1.100126 0.924738 -6.988646
v -1.099484 0.885248 -7.640198
v -1.180436 0.986317 -6.964006
v -1.186686 0.887283 -7.651475
v -0.723918 1.765188 -7.409291
v -0.638554 1.446275 -7.426257
v -0.620650 0.823745 -7.439590
v -0.642435 -0.808451 -7.385724
v -0.640135 -0.157269 -7.203132
v -0.831354 1.946098 -7.421211
v -0.980362 2.080403 -7.421229
v -0.874821 1.931193 -7.812504
v -0.667372 0.974884 -7.741659
v -0.760065 1.751822 -7.804622
v -0.670022 1.473386 -7.767458
v -0.964194 2.028193 -7.831508
v -0.875223 0.855385 -7.718393
v -0.976357 0.897201 -7.721317
v -1.085082 0.923965 -7.732570
v -1.193534 0.914739 -7.733696
v -0.788292 1.751060 -8.078134
v -0.738100 1.499520 -8.070633
v -0.794432 1.177531 -8.018837
v -0.862765 1.901206 -8.096715
v -0.900242 1.039594 -7.951983
v -1.017892 0.998981 -8.003736
v -1.093900 0.979718 -8.009611
v -0.963975 2.004268 -8.105747
v -1.178324 0.974898 -8.032107
v -0.895441 1.925122 -8.251255
v -0.977988 2.005466 -8.253314
v -0.798522 1.752574 -8.252393
v -0.735063 1.501598 -8.277342
v -0.809963 1.168757 -8.216715
v -0.938806 1.071358 -8.214778
v -1.044479 1.000293 -8.207943
v -1.110478 0.972333 -8.222886
v -1.183997 0.957710 -8.252794
v -1.095587 1.870528 -6.984152
v -1.064574 2.714969 -9.920636
v -1.067174 2.099206 -7.978080
v -1.087461 2.025488 -7.159286
v -1.039847 2.122933 -7.660925
v -1.038332 2.191929 -9.130816
v -1.085270 2.071988 -8.404021
v -1.075335 2.086804 -8.744228
v -1.021407 2.387677 -9.478998
v -1.096779 2.924151 -10.096744
v -1.109792 3.034036 -10.192902
v -1.091066 3.130472 -10.315234
v -1.079092 1.278291 -6.809670
v -1.079504 1.653840 -6.862268
v -1.074767 2.127894 -7.401464
v -1.057639 2.108928 -7.842322
v -1.064447 2.081833 -8.105086
v -1.077954 2.074736 -8.254127
v -1.159955 3.227474 -10.295497
v -1.161628 2.861462 -9.865488
v -1.152181 2.467006 -9.456473
v -1.178737 3.044091 -10.046705
v -1.169487 3.141805 -10.179349
v -1.177361 1.269785 -6.807778
v -1.176918 1.650183 -6.855194
v -1.182724 1.875104 -6.973109
v -1.172470 2.157148 -7.982357
v -1.176476 2.040525 -7.150172
v -1.140828 2.188489 -7.661314
v -1.147706 2.234377 -9.117409
v -1.188496 2.107180 -8.399653
v -1.172114 2.114693 -8.744981
v -1.174883 2.154620 -7.385849
v -1.160229 2.172167 -7.850876
v -1.174396 2.132836 -8.106399
v -1.181949 2.118128 -8.254654
v -0.875661 1.986421 -8.966194
v -0.759791 1.119647 -8.966020
v -0.721294 1.530491 -8.956864
v -0.788419 1.827335 -8.975883
v -0.863662 0.939797 -8.983626
v -1.020589 0.798118 -8.964113
v -1.116148 0.745215 -8.940122
v -0.964864 2.072375 -8.957658
v -1.187753 0.725162 -8.943298
v -1.066016 2.132018 -8.952936
v -1.166294 2.166334 -8.950440
v -0.740241 -0.971298 -7.198483
v -0.622282 -0.938930 -7.301503
v -0.695060 -0.916514 -7.474809
v -0.885096 -0.966290 -7.284629
v -0.848684 -0.913578 -7.453828
v -0.635690 -0.917829 -7.407797
v -0.761001 -1.202752 -7.406716
v -0.878393 -0.864878 -9.988565
v -0.805595 -0.929885 -9.781479
v -0.654670 -0.932920 -9.800102
v -0.879221 -0.912635 -9.998524
v -0.710362 -0.929727 -10.182538
v -0.585649 -0.999545 -7.456967
v -0.668168 -0.985114 -7.567927
v -0.913840 -0.996010 -7.533425
v -0.599706 -1.020270 -7.272169
v -0.920518 -1.025618 -7.282046
v -0.751650 -1.032270 -7.173032
v -0.615085 -0.499236 -7.168375
v -0.715707 -0.466097 -7.026683
v -0.728563 -0.466706 -7.286754
v -0.885684 -0.504564 -7.076326
v -0.840176 -0.478964 -7.256163
v -0.656017 -0.477573 -7.265976
v -0.758153 0.238373 -6.983888
v -0.633065 0.326773 -7.152939
v -0.727871 0.293342 -7.435308
v -0.902510 0.279381 -6.996417
v -0.878799 0.266494 -7.387980
v -0.643647 0.339684 -7.361941
v -0.767397 0.457570 -7.019457
v -0.904949 0.505861 -7.024693
v -0.640070 0.559693 -7.199342
v -0.709800 0.495742 -7.520504
v -0.882966 0.475613 -7.467290
v -0.631671 0.554439 -7.430446
v -0.635839 0.055587 -7.095283
v -0.741539 0.068570 -7.325165
v -0.874411 0.033733 -7.290253
v -0.641497 0.070706 -7.225005
v -0.739034 0.001817 -6.929642
v -0.913956 0.033969 -6.939476
v -0.814355 -0.980377 -9.796997
v -0.828162 -0.968680 -7.202365
v -0.842426 -1.023099 -7.196552
v -0.769076 -0.901571 -7.471994
v -0.621276 -0.947857 -10.068671
v -0.774926 -0.981447 -7.596039
v -0.698890 1.364655 -9.199565
v -0.623964 1.175247 -7.628336
v -0.673949 1.178116 -7.211287
v -0.886669 -0.902338 -7.244782
v -0.843815 -0.855485 -7.398543
v -0.618438 -0.890307 -7.286325
v -0.640553 -0.862334 -7.395930
v -0.714946 -0.842139 -7.432278
v -0.737504 -0.912330 -7.183915
v -0.626708 -0.701939 -7.228486
v -0.729695 -0.670282 -7.338798
v -0.831358 -0.668000 -7.312027
v -0.659732 -0.676123 -7.319646
v -0.729785 -0.694852 -7.109464
v -0.880565 -0.714686 -7.160160
v -0.725001 -0.317899 -6.958511
v -0.921564 -0.321184 -6.977934
v -0.616670 -0.315740 -7.107188
v -0.737972 -0.282541 -7.277727
v -0.870320 -0.301586 -7.247662
v -0.639019 -0.309679 -7.234763
v -0.661713 -0.854903 -7.200231
v -0.666819 -0.957404 -7.231030
v -0.662782 -1.017900 -7.195830
v -0.665524 -0.910012 -7.219761
v -0.634785 -0.988850 -9.823565
v -0.827370 -0.869513 -7.154077
v -0.825697 -0.927012 -7.187928
v -0.691055 1.324809 -7.869940
v -0.774090 1.225145 -10.029079
v -0.792202 -0.780586 -7.421589
v -0.778679 -0.846604 -7.436347
v -0.639240 -1.068784 -7.604913
v -0.924570 -1.095215 -7.583706
v -0.948540 -1.089700 -7.255613
v -0.746964 -1.096702 -7.139460
v -0.556561 -1.087958 -7.480691
v -0.571227 -1.104545 -7.244442
v -0.865124 -1.099262 -7.166969
v -0.776929 -1.082267 -7.653181
v -0.786539 1.049062 -6.938453
v -0.624337 -1.096639 -7.174798
v -0.953893 -0.155342 -7.088884
v -1.001708 0.670495 -7.333852
v -1.030026 0.752874 -7.373839
v -1.116947 0.842052 -7.351474
v -1.181894 0.854804 -7.351627
v -0.903333 -0.479673 -7.161534
v -0.953811 0.272630 -7.217954
v -0.960293 0.477253 -7.273812
v -0.952021 0.023758 -7.151297
v -0.888522 -0.930944 -7.354000
v -0.818023 -0.939955 -10.176814
v -0.941354 -0.997544 -7.388792
v -0.886327 -0.685091 -7.244210
v -0.939246 -0.317916 -7.142451
v -0.901647 -0.823618 -7.290390
v -0.879168 -0.883582 -7.318387
v -0.976421 -1.083596 -7.415968
v -0.720605 1.376397 -8.427925
v -0.713456 1.365683 -8.728686
v -0.652133 1.325576 -9.636305
v -1.006050 1.289790 -10.143085
v -1.101379 1.281919 -10.168301
v -0.888806 1.255019 -10.101588
v -1.207506 1.293939 -10.188861
v -0.919269 1.046920 -6.867962
v -0.633962 1.215193 -7.436416
v -0.658018 1.299362 -7.759285
v -0.748339 1.335656 -8.042872
v -0.738265 1.370381 -8.254852
v -0.716678 1.354276 -8.957651
v -1.095914 1.112616 -6.850872
v -1.175217 1.142659 -6.843506
v -0.670586 0.986992 -7.212786
v -0.634038 1.013276 -7.443388
v -0.769569 0.860731 -6.975267
v -0.623415 0.978511 -7.626321
v -0.926296 0.835577 -6.938829
v -0.832660 1.490677 -6.919724
v -0.897930 1.761631 -10.011230
v -0.712692 1.643866 -7.911995
v -0.694400 1.582632 -7.176400
v -0.678831 1.610213 -7.619856
v -0.701525 1.732736 -9.211562
v -0.749006 1.638049 -8.427281
v -0.745601 1.667730 -8.742283
v -0.691614 1.740815 -9.559926
v -1.045322 1.770930 -10.141243
v -1.174696 1.756373 -10.186391
v -0.972934 1.772825 -10.091087
v -1.222652 1.751419 -10.199289
v -0.942484 1.485250 -6.853265
v -0.666802 1.613056 -7.412265
v -0.705100 1.613897 -7.770673
v -0.759465 1.658666 -8.080773
v -0.757048 1.633377 -8.267374
v -1.075403 1.482031 -6.817080
v -1.176463 1.474074 -6.810894
v -0.747162 1.688746 -8.966758
v -0.964765 0.562566 -9.894885
v -0.902498 0.141859 -9.967116
v -0.860680 -0.561671 -9.923686
v -0.909961 -1.000318 -10.008959
v -0.638636 -1.180910 -7.175632
v -0.755111 -1.174623 -7.141663
v -0.556099 -1.171242 -7.486242
v -0.569709 -1.176618 -7.240553
v -0.863318 -1.182379 -7.162684
v -0.942286 -1.179665 -7.247443
v -0.778118 -1.161912 -7.669237
v -0.623853 -1.164717 -7.605916
v -0.903312 -1.177736 -7.613801
v -0.970271 -1.181012 -7.469318
v -0.697207 -1.204792 -7.323524
v -0.751034 -1.206557 -7.303155
v -0.659273 -1.196854 -7.444098
v -0.659936 -1.201159 -7.374715
v -0.806734 -1.207088 -7.314019
v -0.852137 -1.206283 -7.356098
v -0.774961 -1.197933 -7.519298
v -0.703462 -1.192340 -7.502016
v -0.839329 -1.202796 -7.486889
v -0.867606 -1.204266 -7.422170
v -0.710325 -0.888792 -10.158972
v -0.637452 -0.900702 -10.051283
v -0.818918 -0.880286 -10.147864
v -0.659199 -0.792876 -9.823627
v -0.829289 -0.791877 -9.821392
v -0.805233 -0.773413 -10.104569
v -0.648044 -0.797811 -10.026109
v -0.720590 -0.778607 -10.127758
v -0.869853 -0.787579 -9.990835
v -0.682807 -0.697977 -9.833227
v -0.831046 -0.697907 -9.834796
v -0.807920 -0.698606 -10.047114
v -0.660039 -0.709688 -9.999664
v -0.732629 -0.689290 -10.060250
v -0.866033 -0.693835 -9.952848
v -0.677142 -0.316733 -9.965216
v -0.690381 -0.285957 -9.817872
v -0.822747 -0.324488 -10.012981
v -0.843648 -0.290384 -9.847285
v -0.750266 -0.324048 -10.018120
v -0.858134 -0.310929 -9.938687
v -0.647572 -0.025510 -9.984692
v -0.660475 0.002605 -9.803748
v -0.856919 -0.055024 -10.047777
v -0.867638 -0.043123 -9.833709
v -0.764788 -0.034129 -10.086971
v -0.897235 -0.054033 -9.956285
v -0.665497 -0.187007 -9.974148
v -0.672834 -0.156558 -9.819243
v -0.833624 -0.184885 -10.027643
v -0.856477 -0.166486 -9.841720
v -0.754108 -0.190026 -10.047423
v -0.870350 -0.181593 -9.946929
v -0.763783 -0.534646 -9.810809
v -0.717091 -1.019990 -9.765543
v -0.785579 0.160150 -9.763430
v -0.837822 0.586216 -9.688429
v -0.980217 0.731183 -9.706409
v -1.134445 0.707499 -9.709282
v -1.202098 0.702942 -9.712687
v -0.718722 -0.935374 -9.758251
v -0.713148 -0.979170 -9.772978
v -0.744652 -0.767316 -9.777780
v -0.756225 -0.693803 -9.799000
v -0.783991 -0.291189 -9.804873
v -0.778510 -0.015113 -9.780092
v -0.776536 -0.159015 -9.792421
v -0.824526 -0.857491 -9.790299
v -0.647129 -0.848875 -9.803806
v -0.819654 -0.847153 -10.138783
v -0.639748 -0.849650 -10.043339
v -0.717194 -0.832656 -10.152699
v -0.875963 -0.829743 -9.980979
v -0.730646 -0.831457 -9.744372
v -0.887716 2.140822 -9.793671
v -0.739338 1.489586 -9.839310
v -0.827610 1.890399 -9.771912
v -0.655185 0.969160 -9.927106
v -0.663456 -0.554307 -9.895858
v -0.639870 0.136724 -9.867914
v -0.612735 0.576590 -9.843960
v -0.586321 -0.995791 -9.950970
v -0.625300 0.738941 -9.871248
v -0.956785 2.408581 -9.749668
v -1.043439 2.543915 -9.699821
v -1.163614 2.660194 -9.655260
v -0.693019 1.270475 -9.889803
v -0.793590 1.707428 -9.804013
v -0.622307 -0.914249 -9.928130
v -0.612948 -0.957034 -9.948105
v -0.634893 -0.789334 -9.927494
v -0.648115 -0.701907 -9.915802
v -0.658144 -0.297432 -9.887583
v -0.633231 -0.010649 -9.888821
v -0.651544 -0.168489 -9.887986
v -0.622678 -0.852812 -9.935124
v -0.660389 1.568446 -9.408331
v -0.704945 1.899170 -9.374252
v -0.696592 1.026565 -9.471200
v -0.792568 2.095290 -9.344827
v -0.909466 2.218401 -9.313643
v -1.028748 2.298510 -9.296130
v -1.148717 2.359674 -9.289289
v -0.662838 1.358167 -9.430976
v -0.675023 1.747706 -9.389717
v -0.832075 0.870383 -9.340015
v -0.986599 0.734285 -9.333558
v -1.099512 0.667345 -9.326117
v -1.190504 0.641992 -9.326115
v -0.712986 0.925028 -9.425999
v -0.567407 -1.139633 -9.975195
v -0.628167 -1.139750 -9.830801
v -0.689093 -1.134128 -10.256068
v -0.588838 -1.138508 -10.133855
v -0.721444 -1.134228 -9.783648
v -0.821324 -1.134936 -9.797793
v -0.927579 -1.137616 -10.032715
v -0.847294 -1.133062 -10.246868
v -0.627848 -1.157760 -9.983342
v -0.674915 -1.153570 -9.870945
v -0.714862 -1.145949 -10.200449
v -0.644144 -1.156314 -10.112416
v -0.732580 -1.151811 -9.838914
v -0.782786 -1.152191 -9.846642
v -0.866904 -1.155235 -10.035128
v -0.805780 -1.145595 -10.193943
v -1.422506 2.052496 -11.215981
v -1.378603 2.039985 -11.174360
v -1.423135 2.007908 -11.151597
v -1.376009 1.993493 -11.256344
v -1.402671 1.992682 -11.267413
v -1.383644 1.949606 -11.189816
v -1.286890 1.899359 -11.243338
v -1.341185 1.971930 -11.293119
v -1.354470 1.922594 -11.212843
v -1.369958 1.949767 -11.306994
v -1.306493 1.967139 -11.308825
v -1.290811 1.932876 -11.333394
v -1.320514 1.908843 -11.235378
v -1.335724 1.938943 -11.325548
v -1.260371 1.957571 -11.318674
v -1.427812 2.069117 -11.161159
v -1.151325 2.039430 -11.210287
v -1.146841 1.993375 -11.253201
v -1.125030 1.989715 -11.270015
v -1.143461 1.947644 -11.194023
v -1.252715 1.898239 -11.248660
v -1.183284 1.963613 -11.288576
v -1.184433 1.928673 -11.224761
v -1.165901 1.948065 -11.308929
v -1.212871 1.958428 -11.306182
v -1.248652 1.929944 -11.335773
v -1.215626 1.903731 -11.241084
v -1.209051 1.934256 -11.333195
v -1.196793 1.960242 -11.296528
v -1.235997 1.962923 -11.311734
v -1.164035 1.981112 -11.271070
v -1.147938 2.013031 -11.235387
v -1.325600 1.969732 -11.301890
v -1.287086 1.968220 -11.312318
v -1.359370 1.984413 -11.274216
v -1.386576 2.014217 -11.237521
v -1.408584 2.059986 -11.167585
v -1.398356 1.984987 -11.179599
v -1.366296 1.944917 -11.202663
v -1.340314 1.932598 -11.214828
v -1.304884 1.922178 -11.226476
v -1.267929 1.920053 -11.237541
v -1.428545 2.025922 -11.109364
v -1.143328 1.993226 -11.186972
v -1.172549 1.953623 -11.207293
v -1.199950 1.938044 -11.220874
v -1.228225 1.920759 -11.233568
v -1.212813 1.925859 -11.231107
v -1.249485 1.918513 -11.234293
v -1.188533 1.944476 -11.211296
v -1.155121 1.976090 -11.193747
v -1.324160 1.924886 -11.221645
v -1.285826 1.920988 -11.232326
v -1.352891 1.936611 -11.210869
v -1.381004 1.963054 -11.191600
v -1.418827 2.019445 -11.156118
v -1.195299 1.917219 -11.229497
v -1.216051 1.970485 -11.236536
v -1.248178 1.969432 -11.236619
v -1.186613 1.978247 -11.228114
v -1.162139 2.006249 -11.199928
v -1.386661 2.023719 -11.165657
v -1.333833 2.001482 -11.192112
v -1.315066 1.986275 -11.215981
v -1.305812 1.975419 -11.239644
v -1.264769 1.973707 -11.240128
v -1.431597 2.053216 -11.124466
v -1.156915 2.022014 -11.190815
v -1.172020 1.992611 -11.214331
v -1.200291 1.970200 -11.231708
v -1.227831 1.968695 -11.234877
v -1.313700 1.975558 -11.235961
v -1.281008 1.972331 -11.237713
v -1.318541 1.991150 -11.208183
v -1.369135 2.002013 -11.178108
v -1.424581 2.037999 -11.153891
v -1.109346 2.077999 -11.155936
v -1.108847 2.040480 -11.152216
v -1.426779 2.137785 -11.085970
v -1.270617 2.154683 -10.971300
v -1.440199 2.269135 -11.067409
v -1.270855 2.402830 -11.315523
v -1.397633 2.189158 -11.011086
v -1.442192 2.347299 -11.206777
v -1.456560 2.331607 -11.161802
v -1.364863 2.397258 -11.297421
v -1.333657 2.164316 -10.980898
v -1.097433 2.268395 -11.066822
v -1.141979 2.187166 -11.009047
v -1.094656 2.347519 -11.200211
v -1.079012 2.320753 -11.168743
v -1.175401 2.398589 -11.299448
v -1.208265 2.164652 -10.981409
v -1.422202 2.227895 -11.037525
v -1.104263 2.273283 -11.029281
v -1.414148 2.212699 -11.026467
v -1.422492 2.126860 -11.070975
v -1.108371 2.242053 -11.047530
v -1.106837 2.149807 -11.099526
v -1.103743 2.021873 -11.134203
v -1.113101 2.130184 -11.074374
v -1.121148 2.214690 -11.027130
v -1.431397 2.248430 -11.052547
v -1.431500 2.152801 -11.104448
v -1.364945 2.019230 -11.187910
vn -0.4905 0.6453 0.5856
vn 0.0050 0.7010 0.7132
vn 0.0032 0.7129 0.7012
vn -0.6123 0.5808 0.5364
vn -0.8927 0.2111 -0.3981
vn -0.8248 0.1085 -0.5549
vn -0.7553 0.2143 -0.6193
vn -0.8862 0.2254 -0.4048
vn -0.9014 0.1912 -0.3885
vn -0.7017 0.1951 -0.6853
vn -0.7111 0.0699 -0.6996
vn -0.9244 0.1003 -0.3679
vn -0.9890 -0.0527 0.1383
vn -0.8614 -0.0382 -0.5065
vn -0.8865 0.1019 -0.4514
vn -0.9844 0.0347 0.1723
vn -0.2574 0.9623 -0.0879
vn 0.0026 0.9950 -0.1003
vn 0.0029 0.9995 -0.0329
vn -0.2177 0.9758 -0.0212
vn -0.9097 0.3814 0.1641
vn -0.7809 0.5920 0.1995
vn -0.7849 0.5287 0.3231
vn -0.9112 0.3284 0.2489
vn -0.9518 0.2919 -0.0939
vn -0.9543 0.2727 -0.1227
vn -0.9750 0.0684 -0.2115
vn -0.9773 0.1190 -0.1753
vn -0.3814 0.9160 -0.1248
vn -0.0012 0.9911 -0.1332
vn -0.0002 0.9836 -0.1801
vn -0.3365 0.9288 -0.1555
vn -0.8829 0.4671 -0.0480
vn -0.7894 0.6086 -0.0797
vn -0.7874 0.6144 -0.0493
vn -0.8829 0.4636 -0.0750
vn -0.9155 0.2037 -0.3469
vn -0.9448 0.2399 -0.2230
vn -0.9437 0.0936 -0.3174
vn -0.8904 0.0794 -0.4481
vn -0.6496 0.3197 0.6898
vn -0.5797 0.5562 0.5954
vn -0.6555 0.6851 0.3176
vn -0.8665 0.3830 0.3201
vn -0.0822 0.6064 0.7909
vn 0.0001 0.5979 0.8016
vn -0.0011 0.8237 0.5670
vn -0.1386 0.8182 0.5580
vn -0.7004 0.1381 0.7002
vn -0.9307 0.1744 0.3215
vn -0.9499 0.0573 0.3072
vn -0.7085 0.0281 0.7052
vn -0.6627 -0.1398 0.7357
vn -0.9580 0.0219 0.2861
vn -0.9563 0.0276 0.2911
vn -0.5817 -0.0751 0.8099
vn -0.2986 -0.2726 0.9146
vn -0.9802 -0.0018 0.1978
vn -0.9820 -0.0241 0.1872
vn -0.6800 -0.2166 0.7005
vn -0.4583 0.1635 0.8736
vn -0.9528 0.0610 0.2974
vn -0.9526 0.0128 0.3040
vn -0.4288 -0.0988 0.8980
vn -0.9629 0.0021 -0.2697
vn -0.9923 0.0082 -0.1237
vn -0.9857 0.1422 -0.0908
vn -0.9915 -0.0224 -0.1285
vn -0.8409 0.0061 -0.5412
vn -0.8520 0.0487 -0.5213
vn -0.9999 -0.0000 -0.0123
vn -0.9214 -0.1182 -0.3702
vn -0.2701 -0.3295 -0.9047
vn -0.1956 -0.1037 -0.9752
vn -0.8936 0.0194 -0.4485
vn -0.8988 0.4381 0.0143
vn -0.7690 0.6387 0.0255
vn -0.7846 0.6127 -0.0947
vn -0.8861 0.4523 -0.1011
vn -0.2332 0.9283 0.2896
vn -0.0008 0.9501 0.3119
vn -0.0011 0.9993 0.0363
vn -0.3611 0.9325 0.0083
vn -0.9647 0.2599 0.0418
vn -0.9476 0.3044 -0.0971
vn -0.9922 0.0968 0.0791
vn -0.9970 -0.0071 0.0771
vn -0.9799 -0.0865 -0.1797
vn -0.5260 -0.4064 -0.7471
vn -0.9989 -0.0407 -0.0234
vn -0.7283 0.2846 -0.6233
vn -0.0627 0.4394 -0.8961
vn -0.2061 0.3708 -0.9055
vn -0.7602 0.2549 -0.5977
vn -0.9939 -0.0981 0.0509
vn -0.9881 -0.0884 0.1262
vn -0.9247 -0.3289 0.1915
vn -0.9282 -0.3608 0.0908
vn -0.9695 0.2176 0.1126
vn -0.9683 0.1661 0.1868
vn -0.9891 0.0370 0.1427
vn -0.9954 0.0745 0.0609
vn -0.2074 0.9251 0.3179
vn 0.0060 0.9422 0.3351
vn 0.0071 0.8594 0.5113
vn -0.2522 0.8411 0.4784
vn -0.9697 0.2431 0.0219
vn -0.9630 0.2649 0.0496
vn -0.9942 0.0935 0.0537
vn -0.9959 0.0728 0.0530
vn -0.9847 -0.1674 0.0491
vn -0.9873 -0.1436 0.0686
vn -0.8474 -0.5181 0.1163
vn -0.8284 -0.5598 0.0193
vn -0.9133 0.4070 -0.0143
vn -0.7900 0.6127 -0.0228
vn -0.7786 0.6256 0.0486
vn -0.9052 0.4223 0.0475
vn 0.0034 0.9899 0.1416
vn -0.1977 0.9705 0.1381
vn -0.9659 0.2574 0.0281
vn -0.9948 0.1016 0.0084
vn -0.9928 -0.1177 0.0237
vn -0.8967 -0.4325 0.0942
vn -0.7807 0.6177 0.0948
vn -0.9099 0.4102 0.0613
vn -0.2636 -0.5095 0.8191
vn -0.8771 -0.1402 0.4594
vn -0.6493 -0.1565 0.7443
vn -0.9498 0.3023 0.0801
vn -0.8457 0.4976 0.1928
vn -0.9093 0.3996 -0.1160
vn -0.9378 0.2725 -0.2153
vn -0.1171 -0.0488 -0.9919
vn -0.1742 -0.0122 -0.9846
vn -0.0006 -0.0158 -0.9999
vn -0.0001 -0.0754 -0.9972
vn -0.9918 -0.0463 0.1189
vn -0.9958 0.0730 -0.0560
vn -0.9957 0.0338 0.0864
vn -0.9735 -0.1062 0.2025
vn -0.9883 0.1484 0.0357
vn -0.9511 0.1944 -0.2400
vn -0.9734 0.1408 -0.1808
vn -0.9977 0.0446 0.0509
vn -0.3069 0.7932 0.5260
vn 0.0040 0.8209 0.5711
vn 0.0033 0.7624 0.6470
vn -0.3895 0.7465 0.5395
vn -0.9450 0.2998 0.1310
vn -0.8768 0.3824 -0.2916
vn -0.7881 -0.5018 -0.3565
vn -0.8417 -0.5341 0.0798
vn -0.9659 0.0453 -0.2550
vn -0.7965 0.0230 -0.6042
vn -0.7391 -0.6345 0.2262
vn -0.7587 -0.6324 0.1564
vn -0.7002 -0.6898 0.1841
vn -0.6215 -0.7611 0.1858
vn -0.5911 -0.8063 0.0209
vn -0.1616 -0.9448 0.2850
vn -0.1442 -0.9705 0.1934
vn 0.0004 -0.9810 0.1939
vn -0.0001 -0.9582 0.2861
vn -0.1424 -0.9373 0.3180
vn -0.1706 -0.9321 0.3194
vn 0.0004 -0.9489 0.3156
vn 0.0008 -0.9456 0.3254
vn -0.0969 -0.9772 0.1891
vn 0.0013 -0.9862 0.1653
vn -0.1740 -0.1062 -0.9790
vn -0.1196 -0.2055 -0.9713
vn 0.0023 -0.2032 -0.9791
vn 0.0015 -0.1034 -0.9946
vn -0.0619 -0.3415 -0.9379
vn -0.0008 -0.3553 -0.9347
vn 0.0015 0.7598 0.6501
vn -0.6444 0.5790 0.4995
vn -0.0010 0.8042 0.5943
vn -0.6411 0.5939 0.4861
vn -0.1172 -0.5522 -0.8254
vn -0.0046 -0.5559 -0.8312
vn -0.1793 -0.9344 -0.3077
vn -0.0083 -0.9659 -0.2586
vn -0.3170 0.0207 -0.9482
vn -0.4255 -0.0502 -0.9036
vn 0.5854 -0.2359 -0.7756
vn 0.6190 -0.0605 -0.7830
vn -0.3835 -0.0793 -0.9201
vn -0.4238 0.0416 -0.9048
vn -0.0192 -0.1046 -0.9943
vn 0.2555 -0.2156 -0.9425
vn -0.1783 -0.0525 -0.9826
vn 0.6593 -0.1292 -0.7407
vn -0.2946 0.3960 -0.8697
vn -0.2330 0.1270 -0.9641
vn 0.6382 0.0903 -0.7646
vn 0.6028 0.3155 -0.7329
vn -0.8388 -0.1862 -0.5115
vn -0.8808 -0.4693 -0.0629
vn -0.6800 -0.6929 -0.2397
vn -0.5721 -0.3800 -0.7269
vn -0.8292 -0.0688 -0.5547
vn -0.5277 -0.2466 -0.8128
vn -0.7514 -0.0553 -0.6576
vn -0.5053 -0.1587 -0.8482
vn -0.6629 -0.0136 -0.7486
vn -0.4631 -0.0763 -0.8830
vn -0.4950 0.1661 -0.8529
vn -0.5873 0.0940 -0.8039
vn -0.4038 0.0427 -0.9139
vn -0.2872 0.0893 -0.9537
vn -0.3568 -0.4589 -0.8137
vn -0.3958 0.4637 -0.7927
vn 0.5759 0.3797 -0.7240
vn 0.5154 -0.4618 -0.7219
vn -0.9162 0.3898 0.0933
vn -0.8200 0.5123 -0.2553
vn -0.1892 -0.0260 0.9816
vn -0.1325 0.0411 0.9903
vn 0.5844 0.0850 0.8070
vn 0.7222 0.0537 0.6896
vn 0.1992 -0.0574 0.9783
vn 0.1226 0.0094 0.9924
vn 0.8073 0.0001 0.5901
vn 0.8277 -0.0624 0.5577
vn 0.4885 -0.5302 0.6930
vn 0.2775 -0.1754 0.9446
vn 0.8202 -0.1230 0.5587
vn 0.8070 -0.2729 0.5237
vn -0.0990 -0.5979 0.7954
vn 0.5436 -0.5279 0.6525
vn -0.6484 -0.6747 0.3527
vn -0.8862 -0.3181 0.3369
vn -0.6961 -0.4538 0.5563
vn -0.1519 -0.9878 0.0336
vn -0.1575 -0.9840 -0.0836
vn 0.0058 -0.9967 -0.0815
vn 0.0029 -0.9993 0.0364
vn 0.9761 0.2101 0.0558
vn 0.8597 -0.5106 0.0133
vn 0.9809 0.1942 0.0069
vn 0.9863 -0.1197 -0.1133
vn 0.9921 -0.0932 -0.0840
vn 0.8117 -0.0944 0.5764
vn 0.9908 -0.1334 0.0248
vn -0.9474 -0.0377 0.3179
vn -0.1047 -0.9672 -0.2315
vn 0.0098 -0.9698 -0.2435
vn 0.6689 -0.7432 0.0151
vn 0.5582 -0.6934 -0.4557
vn -0.0441 -0.9368 -0.3471
vn -0.0234 -0.9310 -0.3643
vn 0.0158 -0.9320 -0.3621
vn 0.0168 -0.9292 -0.3693
vn 0.3454 -0.9266 0.1488
vn -0.0853 -0.9859 0.1437
vn -0.3360 -0.8968 0.2878
vn -0.5386 -0.8234 0.1785
vn -0.4990 -0.8406 0.2108
vn -0.4417 -0.8960 0.0442
vn -0.5464 -0.7992 0.2506
vn -0.6065 -0.7723 0.1892
vn -0.5949 -0.7739 0.2173
vn -0.0786 -0.3218 -0.9435
vn 0.0019 -0.3083 -0.9513
vn 0.0026 -0.5868 -0.8097
vn -0.0761 -0.5881 -0.8052
vn -0.0517 -0.8391 -0.5415
vn 0.0072 -0.8502 -0.5263
vn 0.4322 -0.4684 -0.7706
vn 0.0183 -0.9451 -0.3263
vn 0.0545 -0.8262 -0.5607
vn -0.8926 -0.4413 0.0926
vn -0.9571 -0.2514 0.1439
vn -0.9908 -0.0982 -0.0936
vn -0.9659 -0.1819 -0.1843
vn -0.5116 -0.8311 0.2178
vn -0.7755 -0.6287 0.0577
vn -0.9573 -0.2623 -0.1220
vn -0.6980 -0.6615 0.2741
vn -0.5708 0.6612 0.4868
vn -0.0057 0.8505 0.5260
vn -0.0162 0.9147 0.4039
vn -0.3384 0.8116 0.4761
vn -0.5583 0.0870 -0.8251
vn -0.5172 0.4134 -0.7494
vn 0.0022 0.5227 -0.8525
vn -0.0024 0.2268 -0.9739
vn -0.5897 0.3248 -0.7394
vn -0.0067 0.4055 -0.9141
vn -0.0110 0.4626 -0.8865
vn -0.5512 0.3947 -0.7351
vn -0.0847 0.7711 -0.6311
vn 0.2165 0.8806 -0.4215
vn 0.0129 0.9346 -0.3555
vn 0.0160 0.8589 -0.5119
vn -0.7203 -0.5550 0.4161
vn -0.9537 -0.2719 0.1286
vn -0.9512 -0.2711 0.1476
vn -0.7339 -0.4360 0.5209
vn -0.7878 -0.5598 -0.2570
vn -0.8404 -0.5029 0.2023
vn -0.7486 -0.6151 0.2475
vn -0.7477 -0.5939 -0.2972
vn -0.5730 0.2406 -0.7835
vn 0.0033 0.3498 -0.9368
vn -0.0037 0.0396 -0.9992
vn -0.5443 -0.0164 -0.8387
vn -0.7459 -0.4672 0.4747
vn -0.9211 -0.3398 -0.1899
vn -0.8272 -0.3889 -0.4054
vn -0.4160 -0.7286 0.5442
vn -0.4110 -0.6189 0.6693
vn -0.2028 -0.9023 0.3805
vn -0.3300 -0.7858 0.5231
vn 0.0878 -0.6206 -0.7792
vn 0.0149 -0.2359 -0.9717
vn -0.0718 -0.9659 -0.2486
vn -0.1929 -0.9650 -0.1777
vn -0.3114 -0.9488 -0.0523
vn -0.3776 -0.9241 0.0580
vn -0.4110 -0.8517 -0.3252
vn -0.2922 -0.4827 -0.8256
vn -0.2287 -0.3244 -0.9179
vn -0.2653 -0.2083 -0.9414
vn -0.2962 -0.1032 -0.9495
vn -0.3310 -0.9044 0.2694
vn -0.2585 -0.9594 0.1131
vn -0.3842 -0.8751 0.2942
vn -0.3805 -0.9050 0.1904
vn -0.3924 -0.8801 0.2672
vn -0.2734 0.0059 -0.9619
vn -0.1531 0.0010 -0.9882
vn -0.9693 -0.1386 -0.2032
vn -0.8331 0.0797 -0.5474
vn -0.7526 -0.0786 -0.6537
vn -0.8966 -0.2368 -0.3743
vn 0.4003 0.8938 -0.2024
vn -0.0026 0.9804 -0.1972
vn -0.9837 0.0048 -0.1798
vn -0.8895 0.1805 -0.4198
vn -0.8880 0.2141 -0.4070
vn -0.9859 -0.0178 -0.1665
vn -0.9697 -0.1244 -0.2103
vn -0.9851 -0.0705 -0.1568
vn -0.9847 -0.0091 -0.1741
vn -0.9647 -0.1828 -0.1897
vn -0.9886 0.0891 0.1218
vn -0.8942 0.2951 -0.3365
vn -0.3088 0.7057 -0.6377
vn 0.0082 0.7046 -0.7096
vn -0.9417 0.1132 0.3169
vn -0.9926 0.0884 0.0837
vn -0.9771 -0.0024 -0.2130
vn -0.9868 0.1535 0.0522
vn -0.9591 0.0642 0.2757
vn -0.9741 -0.2148 0.0705
vn -0.9684 0.2490 -0.0143
vn -0.6784 0.6540 0.3348
vn -0.8179 0.5646 0.1110
vn -0.5992 0.7997 0.0379
vn -0.5807 0.8053 0.1192
vn -0.5961 0.7672 0.2366
vn -0.6225 0.6860 0.3767
vn -0.5624 0.8194 0.1109
vn -0.6730 0.7358 -0.0747
vn -0.3146 0.6125 0.7252
vn -0.4093 0.8024 0.4343
vn -0.6985 0.7088 -0.0981
vn -0.6839 0.7270 -0.0621
vn -0.6336 0.7731 -0.0295
vn -0.9171 0.3977 0.0281
vn -0.1249 -0.2415 -0.9623
vn -0.7933 -0.0946 -0.6014
vn -0.8251 0.2820 -0.4895
vn -0.2437 0.5918 -0.7684
vn -0.1396 0.9898 0.0276
vn 0.5091 0.8597 0.0419
vn 0.4700 0.4686 -0.7480
vn -0.9601 0.1906 0.2045
vn -0.6506 0.3458 0.6762
vn -0.6293 0.5223 0.5755
vn -0.8032 0.5613 0.1997
vn -0.2459 0.5086 0.8251
vn 0.3356 0.6183 0.7107
vn 0.2599 0.8075 0.5296
vn -0.2090 0.7672 0.6064
vn 0.7650 0.6257 0.1522
vn 0.5899 0.1549 -0.7925
vn 0.8614 0.4456 0.2437
vn 0.6692 0.1535 -0.7270
vn -0.2248 0.3755 0.8992
vn 0.3505 0.4689 0.8107
vn -0.9886 0.0994 0.1127
vn -0.6882 0.2456 0.6827
vn -0.0970 -0.2721 -0.9574
vn -0.6840 -0.1194 -0.7196
vn -0.4909 0.6823 -0.5417
vn -0.7197 0.1991 -0.6651
vn -0.4508 0.4314 -0.7814
vn -0.6193 -0.0332 -0.7844
vn -0.2201 0.0007 -0.9755
vn -0.8278 0.2757 0.4887
vn -0.9862 0.1122 0.1215
vn -0.7350 0.2652 0.6240
vn -0.9939 0.0728 0.0833
vn -0.7662 0.4582 0.4505
vn 0.0761 0.8530 0.5163
vn -0.4937 0.5862 0.6424
vn 0.3996 0.5937 0.6984
vn -0.2835 0.5078 0.8135
vn -0.1810 0.7272 -0.6622
vn 0.1276 0.6403 -0.7574
vn 0.7447 0.6659 -0.0454
vn 0.5432 0.2539 -0.8003
vn 0.8519 0.4665 0.2381
vn 0.1407 0.9713 0.1920
vn -0.0184 0.9909 0.1335
vn -0.6838 0.5987 -0.4171
vn -0.8575 0.2459 -0.4519
vn -0.8398 -0.1908 -0.5082
vn -0.8828 -0.1909 -0.4292
vn -0.8655 -0.1252 -0.4851
vn -0.8907 -0.2048 -0.4058
vn -0.8844 -0.0628 -0.4624
vn -0.9184 -0.1936 -0.3451
vn -0.6021 0.0305 -0.7979
vn -0.8536 -0.0403 -0.5194
vn -0.9023 -0.1239 -0.4128
vn -0.8478 -0.0410 -0.5288
vn -0.9114 -0.0827 -0.4031
vn -0.8937 -0.1758 -0.4128
vn -0.9690 -0.0751 -0.2352
vn -0.8827 0.2297 -0.4101
vn -0.8745 -0.0096 -0.4849
vn -0.0036 0.1435 -0.9896
vn -0.0052 -0.1949 -0.9808
vn -0.4011 -0.1626 -0.9015
vn -0.7512 -0.3515 -0.5586
vn -0.7114 -0.7005 0.0556
vn -0.6620 -0.7071 0.2486
vn -0.3711 -0.8079 0.4578
vn -0.2829 -0.8378 0.4670
vn -0.5978 -0.1808 -0.7810
vn -0.8242 -0.4566 -0.3351
vn -0.7567 -0.4492 -0.4750
vn -0.4381 -0.8468 0.3017
vn -0.0122 -0.3678 -0.9298
vn -0.2762 -0.3551 -0.8931
vn -0.4262 -0.3374 -0.8394
vn -0.3960 0.0305 -0.9177
vn -0.7570 -0.4116 -0.5075
vn -0.4087 0.1911 -0.8925
vn -0.5095 -0.5059 -0.6960
vn -0.1992 -0.8525 0.4832
vn -0.3826 -0.9146 0.1311
vn -0.2258 -0.9707 0.0826
vn -0.0338 -0.8445 0.5345
vn -0.2862 -0.5741 -0.7672
vn -0.0225 -0.5830 -0.8122
vn -0.0562 -0.8683 0.4928
vn -0.0427 -0.9874 0.1523
vn -0.0824 -0.9834 0.1617
vn -0.0639 -0.7831 0.6186
vn -0.1076 -0.9942 0.0027
vn -0.1878 -0.9791 0.0782
vn 0.0280 -0.8700 0.4923
vn 0.0414 -0.8604 0.5080
vn -0.0133 -0.9618 0.2734
vn -0.4341 -0.8450 -0.3123
vn -0.0641 -0.9487 -0.3095
vn -0.0068 -0.9162 0.4007
vn -0.0072 -0.8078 0.5895
vn -0.0022 -0.8040 0.5946
vn 0.0007 -0.7140 0.7002
vn -0.0017 -0.7590 0.6511
vn -0.4124 -0.6729 0.6141
vn -0.3066 -0.1563 -0.9389
vn -0.2881 -0.1589 -0.9443
vn 0.0015 -0.5044 0.8635
vn -0.3498 -0.4034 0.8455
vn -0.8763 0.2799 -0.3922
vn -0.5276 0.4971 -0.6888
vn -0.9766 -0.1325 0.1697
vn -0.9962 0.0411 -0.0766
vn -0.9376 -0.3262 0.1202
vn -0.7044 -0.2502 0.6642
vn -0.0038 0.5739 -0.8189
vn -0.9841 -0.0989 0.1478
vn -0.9621 -0.2548 -0.0968
vn -0.9534 -0.2125 0.2143
vn -0.9726 -0.1766 0.1511
vn -0.5297 0.4978 -0.6868
vn -0.0100 0.5529 -0.8332
vn -0.3782 -0.4226 0.8236
vn -0.7037 -0.2949 0.6465
vn -0.9963 0.0410 -0.0751
vn -0.8807 0.3056 -0.3620
vn 0.0026 -0.4684 0.8835
vn -0.3961 -0.7644 0.5087
vn -0.0052 -0.8186 0.5743
vn -0.6072 0.2038 -0.7680
vn -0.9796 0.0149 -0.2003
vn -0.9689 -0.2437 0.0438
vn -0.9098 0.0686 -0.4094
vn -0.7228 -0.5894 0.3607
vn -0.0045 0.3078 -0.9515
vn -0.0274 0.1336 0.9907
vn -0.0229 -0.1203 0.9925
vn 0.0020 -0.1343 0.9909
vn 0.0008 0.1188 0.9929
vn -0.0436 0.3579 0.9327
vn 0.0006 0.3464 0.9381
vn -0.3450 0.3550 0.8689
vn -0.3281 -0.0245 0.9443
vn -0.3660 0.1546 0.9177
vn -0.2685 -0.3417 0.9006
vn 0.2727 -0.3502 0.8961
vn 0.6037 -0.0632 0.7947
vn 0.6333 0.1701 0.7550
vn 0.4889 -0.3365 0.8048
vn 0.1015 -0.3150 0.9437
vn -0.1221 0.0513 -0.9912
vn 0.6558 -0.0782 -0.7509
vn 0.5974 -0.0182 -0.8017
vn -0.3710 -0.3795 -0.8476
vn 0.5327 -0.5012 -0.6819
vn 0.6261 -0.3366 -0.7033
vn -0.7150 -0.3530 -0.6034
vn -0.7832 -0.3451 -0.5172
vn -0.2863 -0.7524 -0.5932
vn 0.1229 -0.6559 -0.7448
vn 0.9674 -0.1015 -0.2319
vn 0.9950 -0.0226 -0.0972
vn 0.9861 -0.1439 -0.0835
vn 0.9202 -0.3813 -0.0886
vn 0.7717 -0.6241 -0.1225
vn 0.5675 -0.6976 -0.4374
vn -0.0013 -0.9724 -0.2332
vn -0.0042 -0.9528 -0.3036
vn -0.0735 -0.9488 -0.3073
vn -0.0605 -0.9747 -0.2152
vn 0.4971 -0.8675 0.0213
vn 0.1940 -0.9273 -0.3202
vn 0.2491 -0.8147 -0.5237
vn 0.1224 -0.9888 0.0855
vn -0.0322 -0.9728 -0.2295
vn 0.0382 -0.9228 -0.3834
vn -0.0094 -0.9794 -0.2018
vn -0.0553 -0.9609 -0.2714
vn -0.0308 -0.9078 -0.4183
vn -0.9424 -0.0830 -0.3241
vn -0.1725 -0.9817 -0.0805
vn -0.0683 -0.9974 -0.0217
vn -0.0089 -0.9890 0.1476
vn -0.6660 0.7443 -0.0491
vn -0.8089 0.5852 -0.0565
vn -0.3104 -0.9345 -0.1743
vn -0.4969 -0.7988 -0.3391
vn 0.0011 -0.9959 -0.0906
vn -0.8204 -0.4955 -0.2855
vn -0.9071 0.4087 -0.1007
vn -0.9675 -0.1725 -0.1849
vn -0.9626 0.2399 -0.1259
vn -0.9913 0.0367 -0.1264
vn 0.0015 0.9870 -0.1609
vn -0.2985 0.9445 -0.1372
vn -0.5250 0.8461 -0.0914
vn -0.4750 0.8780 -0.0588
vn -0.5586 0.8228 -0.1051
vn -0.5574 0.8294 -0.0370
vn -0.5902 0.7997 -0.1099
vn -0.2528 0.8157 0.5203
vn -0.4046 0.8877 0.2197
vn -0.1490 0.3696 0.9172
vn -0.1723 0.6185 0.7667
vn -0.0973 -0.0816 0.9919
vn -0.1404 0.1477 0.9790
vn -0.8529 0.3503 0.3871
vn -0.8213 0.4032 0.4036
vn -0.8943 0.3458 0.2841
vn -0.8808 0.4007 0.2521
vn -0.5080 0.7407 0.4397
vn -0.6355 0.6822 0.3615
vn -0.4202 0.9074 0.0078
vn -0.3874 0.9122 0.1337
vn -0.4082 0.8686 0.2810
vn -0.4562 0.7803 0.4278
vn -0.7813 0.5361 0.3197
vn 0.7075 -0.5052 0.4942
vn 0.0268 -0.4247 0.9049
vn 0.1554 -0.7838 0.6012
vn -0.0008 -0.7828 0.6223
vn 0.0026 -0.4360 0.9000
vn 0.0525 -0.4133 0.9091
vn 0.4534 -0.6840 0.5715
vn -0.9813 -0.1015 0.1637
vn -0.8327 0.1788 -0.5240
vn -0.8511 0.4207 -0.3141
vn -0.9596 0.1863 0.2109
vn 0.9722 0.0663 -0.2244
vn 0.9258 -0.2350 0.2961
vn 0.9011 0.2343 0.3648
vn 0.8927 0.4431 -0.0826
vn -0.3077 0.3379 -0.8895
vn -0.3968 0.6796 -0.6171
vn 0.3604 -0.4001 0.8426
vn -0.2487 -0.3405 0.9067
vn -0.1442 0.0750 0.9867
vn 0.4484 0.0069 0.8938
vn -0.6676 -0.2559 0.6992
vn -0.6516 0.1220 0.7487
vn 0.2031 0.3761 -0.9041
vn 0.7468 0.2586 -0.6128
vn 0.5649 0.6798 -0.4677
vn 0.1039 0.7004 -0.7062
vn -0.9469 0.2163 -0.2381
vn -0.5886 0.2936 -0.7532
vn -0.5480 -0.5213 -0.6542
vn -0.7993 -0.5544 -0.2318
vn 0.0534 0.3158 -0.9473
vn 0.7483 0.2501 -0.6144
vn 0.5358 -0.5291 -0.6580
vn 0.0201 -0.4756 -0.8794
vn -0.9083 0.1867 0.3745
vn -0.7623 -0.5670 0.3122
vn 0.9884 0.1448 -0.0449
vn 0.8762 0.1809 0.4467
vn 0.7149 -0.5966 0.3647
vn 0.7838 -0.6003 -0.1591
vn 0.4857 0.2149 0.8473
vn -0.0310 0.1984 0.9796
vn -0.0149 -0.5882 0.8086
vn 0.3814 -0.6041 0.6997
vn -0.5547 0.2097 0.8052
vn -0.3943 -0.6381 0.6614
vn -0.8558 0.4009 0.3270
vn -0.4528 0.4321 0.7799
vn -0.0134 0.3802 0.9248
vn 0.4429 0.3816 0.8113
vn 0.8120 0.4162 0.4092
vn 0.8732 0.4874 0.0015
vn -0.8455 0.4932 -0.2045
vn 0.6656 0.5738 -0.4773
vn 0.0783 0.6580 -0.7490
vn -0.4550 0.6305 -0.6289
vn -0.9734 -0.0530 0.2230
vn -0.8078 0.0774 -0.5844
vn -0.7435 0.1157 -0.6586
vn -0.9795 -0.1048 0.1721
vn 0.9569 0.1243 -0.2625
vn 0.5847 0.3556 -0.7291
vn 0.5747 0.0907 -0.8133
vn 0.9666 -0.0881 -0.2407
vn -0.0644 0.1572 -0.9855
vn -0.4275 -0.3196 0.8456
vn -0.3913 -0.3584 0.8476
vn 0.7080 -0.3452 0.6161
vn 0.6843 -0.3445 0.6427
vn -0.9510 0.0392 0.3068
vn -0.9667 -0.1106 -0.2307
vn -0.9183 -0.1730 -0.3561
vn -0.9459 0.0724 0.3164
vn 0.9893 -0.0316 -0.1421
vn 0.6015 -0.2461 -0.7600
vn 0.6149 -0.2997 -0.7294
vn 0.9928 -0.0590 -0.1044
vn -0.2862 -0.3895 -0.8754
vn -0.4495 0.0903 0.8887
vn -0.4169 0.1913 0.8886
vn 0.6367 0.1419 0.7580
vn 0.6286 -0.0431 0.7765
vn 0.2285 0.3937 -0.8904
vn 0.6598 0.2809 -0.6970
vn 0.9720 0.0346 -0.2323
vn 0.8572 -0.2229 0.4643
vn -0.7155 -0.0738 0.6947
vn -0.1591 -0.2734 0.9486
vn 0.7933 -0.1404 0.5925
vn -0.9947 0.0145 0.1019
vn -0.9567 0.0134 0.2909
vn 0.5393 0.5272 -0.6567
vn 0.9968 0.0781 -0.0190
vn 0.7654 0.0351 0.6426
vn 0.6449 -0.1513 0.7491
vn 0.9991 0.0290 -0.0299
vn -0.0688 -0.9965 0.0477
vn -0.0126 -0.9962 0.0862
vn -0.1403 -0.9864 -0.0851
vn -0.1506 -0.9884 -0.0175
vn 0.0390 -0.9968 0.0703
vn 0.1124 -0.9932 0.0307
vn -0.0549 -0.9869 -0.1518
vn -0.0985 -0.9846 -0.1444
vn 0.0436 -0.9933 -0.1066
vn 0.1154 -0.9931 -0.0194
vn -0.0319 -0.9984 -0.0473
vn 0.6205 0.2527 -0.7423
vn 0.6136 0.2612 -0.7452
vn -0.3145 0.6340 -0.7065
vn -0.9905 0.1052 0.0884
vn -0.9236 0.2114 -0.3197
vn -0.1366 -0.1664 0.9766
vn -0.0808 0.2060 0.9752
vn -0.9963 0.0856 0.0123
vn -0.9210 0.1593 -0.3554
vn -0.4478 0.3415 -0.8263
vn -0.9843 0.1327 0.1166
vn -0.8920 0.2732 -0.3602
vn -0.9806 0.1920 0.0405
vn 0.0439 0.1457 0.9884
vn -0.0054 0.3344 0.9424
vn 0.8108 0.1537 0.5648
vn 0.7833 0.0465 0.6199
vn 0.9931 0.0728 -0.0914
vn 0.9679 0.1860 -0.1688
vn 0.5554 0.4334 -0.7097
vn -0.3196 0.4890 -0.8116
vn -0.3617 0.3055 -0.8808
vn 0.9984 0.0105 -0.0551
vn 0.6157 -0.0644 -0.7853
vn 0.9923 -0.0542 -0.1111
vn -0.2566 -0.0538 -0.9650
vn 0.1541 -0.0852 0.9844
vn 0.8165 -0.1134 0.5661
vn -0.9897 -0.0973 0.1047
vn -0.8601 -0.1202 -0.4958
vn -0.9986 -0.0174 0.0498
vn 0.1657 -0.0971 0.9814
vn 0.6319 -0.2064 -0.7471
vn 0.9811 -0.1538 -0.1177
vn -0.2256 -0.1840 -0.9567
vn -0.6811 -0.0866 0.7271
vn -0.6664 -0.0983 0.7391
vn -0.6091 -0.0611 0.7907
vn -0.6435 0.0101 0.7654
vn -0.7244 0.1572 0.6712
vn -0.8020 0.2959 0.5189
vn -0.8315 0.1332 0.5394
vn -0.7801 -0.0447 0.6240
vn -0.7969 0.2348 0.5566
vn -0.7563 0.1163 0.6438
vn -0.6024 -0.5965 0.5304
vn -0.1573 -0.9873 0.0211
vn -0.0878 -0.9885 0.1234
vn -0.0467 -0.9848 -0.1675
vn -0.1270 -0.9867 -0.1015
vn -0.0029 -0.9816 0.1909
vn 0.1133 -0.9795 0.1664
vn 0.1625 -0.9867 -0.0011
vn 0.0771 -0.9879 -0.1343
vn 0.0159 -0.9998 -0.0096
vn 0.4999 0.6424 0.5809
vn 0.6203 0.5763 0.5321
vn 0.8907 0.2122 -0.4020
vn 0.8855 0.2278 -0.4049
vn 0.7548 0.2018 -0.6241
vn 0.8282 0.1087 -0.5498
vn 0.9038 0.1917 -0.3825
vn 0.9254 0.0972 -0.3664
vn 0.7126 0.0689 -0.6981
vn 0.7093 0.1962 -0.6770
vn 0.9895 -0.0510 0.1354
vn 0.9845 0.0320 0.1725
vn 0.8900 0.0987 -0.4452
vn 0.8622 -0.0362 -0.5052
vn 0.2609 0.9612 -0.0894
vn 0.2229 0.9746 -0.0209
vn 0.9094 0.3817 0.1651
vn 0.9102 0.3300 0.2505
vn 0.7826 0.5308 0.3252
vn 0.7797 0.5936 0.1993
vn 0.9513 0.2931 -0.0952
vn 0.9773 0.1206 -0.1744
vn 0.9749 0.0628 -0.2134
vn 0.9569 0.2631 -0.1226
vn 0.3783 0.9170 -0.1266
vn 0.3354 0.9288 -0.1578
vn 0.8845 0.4636 -0.0519
vn 0.8848 0.4596 -0.0773
vn 0.7890 0.6123 -0.0509
vn 0.7917 0.6055 -0.0812
vn 0.9141 0.2060 -0.3492
vn 0.8862 0.0722 -0.4576
vn 0.9439 0.0964 -0.3157
vn 0.9440 0.2419 -0.2242
vn 0.6484 0.3200 0.6908
vn 0.8651 0.3850 0.3216
vn 0.6544 0.6860 0.3180
vn 0.5792 0.5568 0.5954
vn 0.0826 0.6059 0.7913
vn 0.1383 0.8181 0.5583
vn 0.6997 0.1383 0.7010
vn 0.7080 0.0274 0.7057
vn 0.9501 0.0556 0.3070
vn 0.9306 0.1737 0.3222
vn 0.6602 -0.1391 0.7381
vn 0.5808 -0.0732 0.8108
vn 0.9561 0.0290 0.2915
vn 0.9577 0.0235 0.2867
vn 0.2815 -0.2749 0.9193
vn 0.6733 -0.2259 0.7040
vn 0.9816 -0.0274 0.1888
vn 0.9809 -0.0085 0.1943
vn 0.4583 0.1634 0.8736
vn 0.4234 -0.1014 0.9003
vn 0.9519 0.0175 0.3058
vn 0.9539 0.0638 0.2932
vn 0.9625 0.0006 -0.2713
vn 0.9857 0.1414 -0.0915
vn 0.9921 0.0068 -0.1251
vn 0.9910 -0.0199 -0.1321
vn 0.9997 -0.0027 -0.0255
vn 0.8488 0.0513 -0.5262
vn 0.8383 0.0060 -0.5452
vn 0.9213 -0.1144 -0.3717
vn 0.8911 0.0279 -0.4530
vn 0.1934 -0.0992 -0.9761
vn 0.2732 -0.3273 -0.9045
vn 0.8980 0.4398 0.0143
vn 0.8863 0.4516 -0.1021
vn 0.7858 0.6112 -0.0941
vn 0.7689 0.6388 0.0270
vn 0.2309 0.9287 0.2902
vn 0.3583 0.9335 0.0091
vn 0.9650 0.2589 0.0416
vn 0.9924 0.0950 0.0782
vn 0.9473 0.3046 -0.0991
vn 0.9972 -0.0050 0.0752
vn 0.9989 -0.0386 -0.0265
vn 0.5269 -0.4054 -0.7470
vn 0.9798 -0.0848 -0.1809
vn 0.7186 0.2814 -0.6359
vn 0.7565 0.2600 -0.6001
vn 0.2002 0.3716 -0.9065
vn 0.0526 0.4354 -0.8987
vn 0.9942 -0.0957 0.0501
vn 0.9298 -0.3570 0.0901
vn 0.9242 -0.3291 0.1937
vn 0.9883 -0.0852 0.1264
vn 0.9695 0.2182 0.1118
vn 0.9952 0.0768 0.0611
vn 0.9889 0.0374 0.1439
vn 0.9678 0.1672 0.1881
vn 0.2168 0.9238 0.3155
vn 0.2631 0.8386 0.4769
vn 0.9697 0.2434 0.0213
vn 0.9959 0.0736 0.0527
vn 0.9940 0.0959 0.0530
vn 0.9630 0.2651 0.0486
vn 0.9849 -0.1657 0.0498
vn 0.8316 -0.5552 0.0155
vn 0.8458 -0.5204 0.1177
vn 0.9874 -0.1424 0.0687
vn 0.9134 0.4068 -0.0152
vn 0.9051 0.4227 0.0470
vn 0.7779 0.6265 0.0490
vn 0.7895 0.6133 -0.0219
vn 0.2048 0.9691 0.1372
vn 0.9945 0.1048 0.0079
vn 0.9655 0.2588 0.0271
vn 0.8968 -0.4326 0.0924
vn 0.9930 -0.1158 0.0230
vn 0.9101 0.4101 0.0598
vn 0.7790 0.6201 0.0933
vn 0.2457 -0.5188 0.8189
vn 0.6797 -0.1424 0.7195
vn 0.8683 -0.1482 0.4734
vn 0.9491 0.3042 0.0812
vn 0.9369 0.2754 -0.2155
vn 0.9071 0.4043 -0.1174
vn 0.8435 0.5014 0.1927
vn 0.1127 -0.0488 -0.9924
vn 0.1717 -0.0119 -0.9851
vn 0.9919 -0.0443 0.1191
vn 0.9759 -0.0974 0.1952
vn 0.9959 0.0322 0.0850
vn 0.9959 0.0734 -0.0530
vn 0.9881 0.1496 0.0371
vn 0.9976 0.0465 0.0520
vn 0.9729 0.1437 -0.1810
vn 0.9512 0.1959 -0.2384
vn 0.3129 0.7901 0.5271
vn 0.3981 0.7440 0.5367
vn 0.9470 0.2931 0.1316
vn 0.8415 -0.5339 0.0828
vn 0.7882 -0.5030 -0.3546
vn 0.8806 0.3677 -0.2987
vn 0.9664 0.0421 -0.2538
vn 0.7956 0.0228 -0.6054
vn 0.7577 -0.6333 0.1575
vn 0.7346 -0.6389 0.2282
vn 0.6197 -0.7621 0.1874
vn 0.6993 -0.6909 0.1834
vn 0.5884 -0.8085 0.0120
vn 0.1624 -0.9446 0.2854
vn 0.1465 -0.9703 0.1925
vn 0.1427 -0.9372 0.3183
vn 0.1711 -0.9320 0.3194
vn 0.0968 -0.9772 0.1887
vn 0.1738 -0.1051 -0.9792
vn 0.1205 -0.2047 -0.9714
vn 0.0584 -0.3438 -0.9372
vn 0.6454 0.5774 0.5001
vn 0.6422 0.5910 0.4881
vn 0.1050 -0.5462 -0.8310
vn 0.1778 -0.9362 -0.3032
vn 0.3211 0.0055 -0.9470
vn -0.6317 -0.0569 -0.7731
vn -0.5976 -0.2339 -0.7669
vn 0.4216 -0.0517 -0.9053
vn 0.3773 -0.0824 -0.9224
vn -0.2645 -0.2224 -0.9384
vn 0.0146 -0.1080 -0.9940
vn 0.4300 0.0438 -0.9018
vn 0.1909 -0.0559 -0.9800
vn -0.6589 -0.1270 -0.7414
vn 0.2927 0.3958 -0.8705
vn -0.6022 0.3162 -0.7330
vn -0.6375 0.0913 -0.7651
vn 0.2377 0.1279 -0.9629
vn 0.8432 -0.1774 -0.5075
vn 0.5813 -0.3701 -0.7247
vn 0.6916 -0.6850 -0.2290
vn 0.8821 -0.4679 -0.0537
vn 0.8327 -0.0638 -0.5500
vn 0.5344 -0.2425 -0.8097
vn 0.7536 -0.0565 -0.6549
vn 0.5058 -0.1567 -0.8483
vn 0.6636 -0.0146 -0.7479
vn 0.4629 -0.0763 -0.8831
vn 0.4910 0.1629 -0.8558
vn 0.2858 0.0905 -0.9540
vn 0.4065 0.0440 -0.9126
vn 0.5875 0.0980 -0.8032
vn 0.3531 -0.4628 -0.8131
vn -0.5215 -0.4527 -0.7233
vn -0.5767 0.3830 -0.7216
vn 0.3962 0.4583 -0.7956
vn 0.9202 0.3794 0.0962
vn 0.8321 0.4917 -0.2566
vn 0.1930 -0.0255 0.9809
vn -0.7212 0.0497 0.6909
vn -0.5831 0.0852 0.8079
vn 0.1357 0.0447 0.9897
vn -0.2016 -0.0578 0.9778
vn -0.8251 -0.0638 0.5614
vn -0.8037 -0.0008 0.5951
vn -0.1198 0.0086 0.9928
vn -0.5056 -0.5354 0.6765
vn -0.8139 -0.2552 0.5220
vn -0.8197 -0.1208 0.5598
vn -0.2711 -0.1734 0.9468
vn -0.5393 -0.5349 0.6504
vn 0.1086 -0.5971 0.7948
vn 0.6384 -0.6850 0.3511
vn 0.6895 -0.4589 0.5604
vn 0.8919 -0.3197 0.3198
vn 0.1610 -0.9865 0.0301
vn 0.1737 -0.9808 -0.0890
vn -0.9747 0.2169 0.0544
vn -0.8601 -0.5101 0.0093
vn -0.9815 0.1913 0.0036
vn -0.9872 -0.1138 -0.1115
vn -0.8120 -0.0929 0.5762
vn -0.9926 -0.0919 -0.0788
vn -0.9941 -0.1008 0.0406
vn 0.9423 -0.0425 0.3322
vn 0.1255 -0.9633 -0.2374
vn -0.6953 -0.7179 0.0353
vn -0.5627 -0.7049 -0.4319
vn 0.0743 -0.9325 -0.3535
vn 0.0579 -0.9306 -0.3614
vn -0.3420 -0.9321 0.1192
vn 0.3372 -0.8963 0.2880
vn 0.1142 -0.9884 0.0997
vn 0.5379 -0.8256 0.1702
vn 0.4359 -0.8991 0.0401
vn 0.4992 -0.8404 0.2112
vn 0.5460 -0.7994 0.2508
vn 0.5944 -0.7744 0.2169
vn 0.6059 -0.7733 0.1868
vn 0.0756 -0.3255 -0.9425
vn 0.0846 -0.5926 -0.8010
vn 0.0787 -0.8420 -0.5338
vn -0.4424 -0.4846 -0.7546
vn 0.0098 -0.9487 -0.3161
vn -0.0287 -0.8367 -0.5469
vn 0.8892 -0.4464 0.0997
vn 0.9661 -0.1791 -0.1860
vn 0.9909 -0.0936 -0.0970
vn 0.9549 -0.2570 0.1490
vn 0.5142 -0.8284 0.2222
vn 0.7000 -0.6591 0.2751
vn 0.9589 -0.2568 -0.1203
vn 0.7781 -0.6248 0.0647
vn 0.5700 0.6584 0.4915
vn 0.3328 0.8034 0.4938
vn 0.5512 0.0956 -0.8289
vn 0.4965 0.4348 -0.7513
vn 0.5850 0.3277 -0.7419
vn 0.5451 0.4006 -0.7365
vn 0.0854 0.7793 -0.6208
vn -0.1939 0.8796 -0.4344
vn 0.9564 -0.2470 0.1558
vn 0.7134 -0.5529 0.4305
vn 0.9128 -0.2650 0.3107
vn 0.7395 -0.5966 0.3117
vn 0.7837 -0.5350 0.3157
vn 0.9139 -0.3853 0.1278
vn 0.5797 0.2365 -0.7798
vn 0.5647 -0.0194 -0.8250
vn 0.3840 -0.6726 0.6326
vn 0.3905 -0.8655 0.3138
vn 0.8791 -0.3874 -0.2777
vn 0.6862 -0.4701 0.5552
vn 0.4066 -0.7314 0.5474
vn 0.3927 -0.6243 0.6754
vn 0.7189 -0.4355 0.5418
vn 0.1969 -0.9024 0.3832
vn 0.3224 -0.7884 0.5239
vn -0.0810 -0.6342 -0.7689
vn -0.0231 -0.2407 -0.9703
vn 0.1004 -0.9620 -0.2539
vn 0.3288 -0.9423 -0.0621
vn 0.2181 -0.9571 -0.1909
vn 0.3846 -0.9216 0.0518
vn 0.2975 -0.4905 -0.8191
vn 0.4200 -0.8492 -0.3200
vn 0.2265 -0.3270 -0.9175
vn 0.2627 -0.2078 -0.9422
vn 0.2929 -0.1013 -0.9508
vn 0.2582 -0.9594 0.1133
vn 0.3318 -0.9040 0.2697
vn 0.3849 -0.8748 0.2942
vn 0.3935 -0.8796 0.2671
vn 0.3832 -0.9045 0.1872
vn 0.1502 0.0033 -0.9887
vn 0.2711 0.0064 -0.9625
vn 0.9641 -0.1011 -0.2457
vn 0.8823 -0.1861 -0.4324
vn 0.7646 -0.0892 -0.6383
vn 0.8288 0.0747 -0.5545
vn -0.3594 0.9010 -0.2429
vn 0.9821 0.0160 -0.1879
vn 0.9891 0.0056 -0.1472
vn 0.8849 0.2232 -0.4088
vn 0.8849 0.1906 -0.4249
vn 0.9711 -0.1195 -0.2068
vn 0.9681 -0.1911 -0.1623
vn 0.9883 -0.0133 -0.1520
vn 0.9864 -0.0676 -0.1495
vn 0.9000 0.2955 -0.3205
vn 0.9888 0.0911 0.1182
vn 0.2955 0.7107 -0.6385
vn 0.9895 0.1024 0.1017
vn 0.9390 0.1068 0.3269
vn 0.9763 0.0003 -0.2164
vn 0.9719 -0.2214 0.0796
vn 0.9568 0.0573 0.2851
vn 0.9872 0.1500 0.0539
vn 0.9683 0.2493 -0.0144
vn 0.8190 0.5640 0.1053
vn 0.6777 0.6564 0.3316
vn 0.5785 0.8072 0.1171
vn 0.5972 0.8012 0.0376
vn 0.6192 0.6882 0.3782
vn 0.5934 0.7698 0.2352
vn 0.6753 0.7338 -0.0740
vn 0.5646 0.8178 0.1118
vn 0.4115 0.8015 0.4339
vn 0.3159 0.6122 0.7249
vn 0.6858 0.7248 -0.0652
vn 0.7000 0.7071 -0.1002
vn 0.6332 0.7734 -0.0302
vn 0.9181 0.3956 0.0248
vn 0.0771 -0.2459 -0.9662
vn 0.2519 0.5561 -0.7920
vn 0.8393 0.2432 -0.4862
vn 0.7790 -0.1328 -0.6128
vn 0.2507 0.9668 -0.0488
vn -0.4626 0.3956 -0.7934
vn -0.4290 0.9032 -0.0153
vn 0.9889 0.1180 0.0906
vn 0.8610 0.4869 0.1472
vn 0.7483 0.4571 0.4807
vn 0.7296 0.3159 0.6066
vn 0.3029 0.4915 0.8165
vn 0.3622 0.7333 0.5754
vn -0.1754 0.8104 0.5591
vn -0.3131 0.6096 0.7283
vn -0.8103 0.5833 0.0571
vn -0.5779 0.0862 -0.8115
vn -0.8854 0.4399 0.1502
vn -0.6303 0.0567 -0.7743
vn 0.2609 0.3878 0.8841
vn -0.3276 0.4841 0.8114
vn 0.9935 0.1128 -0.0151
vn 0.7504 0.2507 0.6116
vn 0.0206 -0.2970 -0.9547
vn 0.6295 -0.1537 -0.7616
vn 0.4582 0.6924 -0.5573
vn 0.4183 0.4856 -0.7676
vn 0.7394 0.2580 -0.6218
vn 0.1707 0.0663 -0.9831
vn 0.6148 0.0533 -0.7869
vn 0.9852 0.1131 0.1290
vn 0.8358 0.2744 0.4755
vn 0.9946 0.0977 0.0345
vn 0.7671 0.2591 0.5869
vn 0.7678 0.4499 0.4561
vn 0.5062 0.5662 0.6505
vn -0.0894 0.8420 0.5321
vn 0.3273 0.4941 0.8055
vn -0.4025 0.5949 0.6958
vn -0.7056 0.6950 -0.1383
vn 0.0097 0.7162 -0.6978
vn 0.1519 0.7311 -0.6651
vn -0.8736 0.4793 0.0839
vn -0.5376 0.2649 -0.8005
vn -0.1761 0.9666 0.1861
vn 0.9513 -0.2777 0.1337
vn 0.6641 0.6059 -0.4381
vn 0.8483 0.2639 -0.4591
vn 0.8327 -0.2131 -0.5110
vn 0.8862 -0.2224 -0.4065
vn 0.8590 -0.0785 -0.5059
vn 0.8908 -0.1777 -0.4182
vn 0.8636 -0.0828 -0.4973
vn 0.8484 -0.0271 -0.5287
vn 0.5988 0.0397 -0.7999
vn 0.9098 -0.2340 -0.3427
vn 0.9129 -0.1370 -0.3844
vn 0.9107 -0.0838 -0.4045
vn 0.8400 -0.0627 -0.5389
vn 0.9120 -0.1702 -0.3732
vn 0.9708 -0.0672 -0.2305
vn 0.8841 0.2337 -0.4046
vn 0.8749 -0.0138 -0.4842
vn 0.4289 -0.1602 -0.8890
vn 0.7600 -0.6290 0.1638
vn 0.7489 -0.2845 -0.5986
vn 0.6105 -0.5906 0.5277
vn 0.4309 -0.7687 0.4727
vn 0.6492 -0.7547 0.0951
vn 0.6286 -0.1885 -0.7545
vn 0.8165 -0.4284 -0.3871
vn 0.6025 -0.2322 -0.7636
vn 0.2776 -0.3488 -0.8951
vn 0.4799 -0.3178 -0.8177
vn 0.3058 0.3047 -0.9020
vn 0.5999 -0.3781 -0.7051
vn 0.4308 -0.2242 -0.8742
vn 0.3052 0.3010 -0.9035
vn 0.5196 -0.4677 -0.7150
vn 0.3052 -0.8483 0.4326
vn 0.0948 -0.9053 0.4140
vn 0.3592 -0.9202 -0.1556
vn 0.4977 -0.8647 0.0674
vn 0.2590 -0.5401 -0.8007
vn -0.1173 -0.8699 0.4791
vn -0.0624 -0.9958 0.0670
vn 0.1401 -0.9847 -0.1039
vn 0.0277 -0.9238 0.3818
vn -0.0852 -0.8734 0.4795
vn -0.0257 -0.9962 0.0833
vn 0.3774 -0.8924 -0.2474
vn 0.1268 -0.1801 -0.9754
vn 0.1797 -0.1977 -0.9637
vn 0.3337 -0.4061 0.8508
vn 0.8676 0.2767 -0.4133
vn 0.5306 0.4863 -0.6942
vn 0.9737 -0.1309 0.1867
vn 0.9930 0.0500 -0.1070
vn 0.6914 -0.2704 0.6700
vn 0.9684 -0.1358 0.2091
vn 0.9757 -0.1986 -0.0929
vn 0.9365 -0.1900 0.2948
vn 0.9711 -0.1682 0.1692
vn 0.5246 0.4945 -0.6930
vn 0.3595 -0.4303 0.8280
vn 0.6758 -0.3182 0.6649
vn 0.9953 0.0611 -0.0755
vn 0.8769 0.3018 -0.3742
vn 0.3885 -0.7681 0.5090
vn 0.6073 0.2106 -0.7660
vn 0.9703 -0.2372 0.0477
vn 0.9801 0.0186 -0.1977
vn 0.9100 0.0736 -0.4080
vn 0.7174 -0.5931 0.3654
vn 0.0286 0.1329 0.9907
vn 0.0267 -0.1229 0.9921
vn 0.0445 0.3588 0.9324
vn 0.3452 0.3546 0.8689
vn 0.3659 0.1546 0.9177
vn 0.3271 -0.0257 0.9447
vn -0.2829 -0.3467 0.8943
vn 0.2736 -0.3478 0.8967
vn -0.6331 0.1672 0.7558
vn -0.6053 -0.0702 0.7929
vn -0.1042 -0.3159 0.9431
vn -0.4757 -0.3369 0.8125
vn 0.1109 0.0567 -0.9922
vn -0.6017 -0.0216 -0.7984
vn -0.6569 -0.0791 -0.7498
vn 0.3705 -0.3822 -0.8466
vn -0.6243 -0.3380 -0.7043
vn -0.5279 -0.5064 -0.6818
vn 0.7173 -0.3518 -0.6014
vn -0.1180 -0.6594 -0.7425
vn 0.2924 -0.7471 -0.5969
vn 0.7834 -0.3433 -0.5181
vn -0.9683 -0.1143 -0.2220
vn -0.9952 -0.0290 -0.0935
vn -0.9867 -0.1411 -0.0813
vn -0.9179 -0.3878 -0.0841
vn -0.7655 -0.6321 -0.1203
vn -0.5622 -0.7021 -0.4369
vn 0.0557 -0.9743 -0.2182
vn 0.0636 -0.9479 -0.3121
vn -0.4990 -0.8663 0.0235
vn -0.1973 -0.9240 -0.3275
vn -0.2477 -0.8151 -0.5236
vn -0.1376 -0.9866 0.0876
vn 0.0140 -0.9723 -0.2333
vn -0.0452 -0.9207 -0.3875
vn 0.0454 -0.9605 -0.2746
vn 0.0336 -0.9043 -0.4255
vn 0.9431 -0.0830 -0.3220
vn 0.0663 -0.9975 -0.0250
vn 0.1654 -0.9826 -0.0847
vn 0.8103 0.5832 -0.0572
vn 0.6672 0.7430 -0.0520
vn 0.3090 -0.9341 -0.1786
vn 0.4970 -0.7830 -0.3740
vn 0.8261 -0.4887 -0.2807
vn 0.9059 0.4118 -0.0991
vn 0.9678 -0.1734 -0.1822
vn 0.9915 0.0361 -0.1252
vn 0.9627 0.2418 -0.1214
vn 0.2995 0.9438 -0.1400
vn 0.4743 0.8783 -0.0607
vn 0.5243 0.8461 -0.0954
vn 0.5576 0.8230 -0.1083
vn 0.5897 0.7997 -0.1125
vn 0.5564 0.8301 -0.0359
vn 0.4051 0.8875 0.2195
vn 0.2550 0.8160 0.5187
vn 0.1732 0.6170 0.7677
vn 0.1502 0.3697 0.9169
vn 0.1411 0.1471 0.9790
vn 0.0990 -0.0840 0.9915
vn 0.8196 0.3958 0.4143
vn 0.8541 0.3450 0.3892
vn 0.8962 0.3408 0.2840
vn 0.8841 0.3963 0.2475
vn 0.6416 0.6790 0.3569
vn 0.5119 0.7386 0.4386
vn 0.3907 0.9111 0.1317
vn 0.4206 0.9072 0.0086
vn 0.4572 0.7797 0.4277
vn 0.4105 0.8681 0.2790
vn 0.7864 0.5321 0.3139
vn -0.7031 -0.5090 0.4966
vn -0.0219 -0.4252 0.9048
vn -0.1548 -0.7814 0.6045
vn -0.0476 -0.4088 0.9114
vn -0.4495 -0.6785 0.5810
vn 0.9797 -0.0954 0.1763
vn 0.9563 0.1854 0.2261
vn 0.8492 0.4222 -0.3172
vn 0.8308 0.1954 -0.5211
vn -0.9774 0.0364 -0.2080
vn -0.9008 0.4315 -0.0493
vn -0.8957 0.2325 0.3790
vn -0.9220 -0.2584 0.2882
vn 0.3892 0.6780 -0.6235
vn 0.2972 0.3436 -0.8909
vn -0.3770 -0.4078 0.8316
vn -0.4751 0.0170 0.8798
vn 0.1444 0.0838 0.9860
vn 0.2467 -0.3507 0.9034
vn 0.6628 -0.2620 0.7014
vn 0.6396 0.1212 0.7591
vn -0.2124 0.3727 -0.9033
vn -0.1097 0.7021 -0.7036
vn -0.5666 0.6840 -0.4594
vn -0.7527 0.2487 -0.6095
vn 0.9471 0.2182 -0.2352
vn 0.7998 -0.5543 -0.2303
vn 0.5514 -0.5167 -0.6550
vn 0.5855 0.2996 -0.7533
vn -0.0581 0.3209 -0.9453
vn -0.0134 -0.4696 -0.8828
vn -0.5385 -0.5338 -0.6520
vn -0.7454 0.2516 -0.6173
vn 0.9085 0.1815 0.3765
vn 0.7556 -0.5741 0.3154
vn -0.9873 0.1532 -0.0414
vn -0.7912 -0.5909 -0.1579
vn -0.7182 -0.5923 0.3653
vn -0.8751 0.1979 0.4416
vn -0.4867 0.2321 0.8422
vn -0.3789 -0.5953 0.7086
vn 0.0248 -0.5890 0.8078
vn 0.0341 0.2004 0.9791
vn 0.5558 0.2041 0.8058
vn 0.3964 -0.6373 0.6609
vn 0.4544 0.4390 0.7751
vn 0.8539 0.4004 0.3325
vn -0.4563 0.4090 0.7902
vn 0.0121 0.3925 0.9197
vn -0.8654 0.5006 0.0225
vn -0.8003 0.4355 0.4122
vn 0.8481 0.4868 -0.2093
vn -0.0786 0.6591 -0.7480
vn -0.6659 0.5755 -0.4747
vn 0.4555 0.6274 -0.6316
vn 0.9730 -0.0508 0.2253
vn 0.9804 -0.1057 0.1665
vn 0.7122 0.1210 -0.6915
vn 0.7977 0.0846 -0.5970
vn -0.9671 0.1182 -0.2255
vn -0.9703 -0.1013 -0.2197
vn -0.5774 0.0876 -0.8117
vn -0.5936 0.3567 -0.7214
vn 0.0458 0.1560 -0.9867
vn 0.4151 -0.3221 0.8508
vn -0.6824 -0.3526 0.6403
vn -0.7026 -0.3472 0.6211
vn 0.3737 -0.3601 0.8548
vn 0.9505 0.0371 0.3085
vn 0.9473 0.0692 0.3128
vn 0.9185 -0.1767 -0.3539
vn 0.9663 -0.1136 -0.2310
vn -0.9889 -0.0352 -0.1443
vn -0.9925 -0.0597 -0.1069
vn -0.6116 -0.3009 -0.7317
vn -0.6011 -0.2465 -0.7602
vn 0.2902 -0.3911 -0.8734
vn 0.4498 0.0898 0.8886
vn -0.6293 -0.0388 0.7762
vn -0.6373 0.1422 0.7573
vn 0.4217 0.1917 0.8862
vn -0.2311 0.3883 -0.8921
vn -0.6645 0.2754 -0.6947
vn -0.9773 0.0252 -0.2105
vn -0.8564 -0.2224 0.4659
vn 0.1609 -0.2712 0.9490
vn 0.7133 -0.0758 0.6967
vn -0.7872 -0.1339 0.6020
vn 0.9570 0.0131 0.2899
vn 0.9948 0.0142 0.1006
vn -0.5313 0.5313 -0.6599
vn -0.9969 0.0765 -0.0161
vn -0.9992 0.0239 -0.0314
vn -0.6421 -0.1468 0.7524
vn -0.7610 0.0420 0.6474
vn 0.0731 -0.9959 0.0542
vn 0.0204 -0.9959 0.0883
vn 0.1391 -0.9868 -0.0834
vn 0.1502 -0.9886 -0.0131
vn -0.0337 -0.9970 0.0700
vn -0.1124 -0.9934 0.0247
vn 0.0554 -0.9867 -0.1530
vn 0.0971 -0.9847 -0.1447
vn -0.0491 -0.9933 -0.1045
vn -0.1226 -0.9922 -0.0234
vn 0.0326 -0.9983 -0.0479
vn -0.6198 0.2488 -0.7443
vn -0.6184 0.2426 -0.7475
vn 0.3206 0.6162 -0.7194
vn 0.9895 0.1111 0.0929
vn 0.9205 0.2226 -0.3212
vn 0.1388 -0.1635 0.9767
vn 0.0856 0.2136 0.9732
vn 0.9945 0.1025 0.0196
vn 0.9197 0.1683 -0.3548
vn 0.4450 0.3432 -0.8272
vn 0.9843 0.1310 0.1186
vn 0.9791 0.1978 0.0477
vn 0.8943 0.2760 -0.3521
vn -0.0418 0.1428 0.9889
vn -0.7780 0.0463 0.6266
vn -0.8067 0.1535 0.5707
vn 0.0104 0.3319 0.9432
vn -0.5515 0.4326 -0.7132
vn -0.9688 0.1843 -0.1656
vn -0.9935 0.0718 -0.0880
vn 0.3583 0.3048 -0.8824
vn 0.3330 0.4850 -0.8086
vn -0.9987 0.0085 -0.0512
vn -0.9924 -0.0568 -0.1096
vn -0.6129 -0.0655 -0.7874
vn 0.2617 -0.0531 -0.9637
vn -0.1581 -0.0860 0.9837
vn -0.8210 -0.1114 0.5600
vn 0.9899 -0.0996 0.1005
vn 0.8613 -0.1208 -0.4934
vn 0.9987 -0.0250 0.0440
vn -0.1623 -0.0941 0.9822
vn -0.6262 -0.2039 -0.7526
vn -0.9817 -0.1503 -0.1167
vn 0.2317 -0.1828 -0.9554
vn 0.6821 -0.0866 0.7261
vn 0.6687 -0.1006 0.7367
vn 0.6109 -0.0625 0.7892
vn 0.6437 0.0078 0.7652
vn 0.7252 0.1537 0.6712
vn 0.8008 0.2977 0.5197
vn 0.8271 0.1466 0.5427
vn 0.7785 -0.0415 0.6263
vn 0.7948 0.2354 0.5593
vn 0.7552 0.1194 0.6445
vn 0.6067 -0.5913 0.5314
vn 0.1555 -0.9875 0.0257
vn 0.0964 -0.9868 0.1299
vn 0.0379 -0.9862 -0.1611
vn 0.1199 -0.9882 -0.0953
vn 0.0144 -0.9819 0.1886
vn -0.1038 -0.9818 0.1592
vn -0.1622 -0.9867 -0.0068
vn -0.0861 -0.9867 -0.1376
vn -0.0148 -0.9998 -0.0096
vn 0.5430 -0.7182 -0.4352
vn 0.2277 -0.8515 -0.4723
vn 0.0115 -0.7224 -0.6913
vn 0.0468 -0.7281 -0.6839
vn -0.0956 -0.8367 -0.5392
vn 0.8343 -0.5036 -0.2241
vn 0.6571 -0.7075 -0.2601
vn 0.8868 -0.1913 -0.4208
vn 0.9251 -0.1865 -0.3309
vn -0.5515 -0.7340 -0.3964
vn -0.1636 -0.8544 -0.4932
vn -0.7578 -0.5084 -0.4089
vn -0.1972 -0.7245 -0.6605
vn -0.6878 -0.5192 -0.5073
vn -0.6808 -0.4571 -0.5723
vn -0.7433 -0.6350 -0.2106
vn -0.8052 -0.1714 -0.5677
vn -0.4536 0.0250 -0.8909
vn -0.9946 -0.0991 -0.0310
vn -0.9684 -0.2017 0.1469
vn -0.7674 0.0357 -0.6401
vn -0.4539 0.2148 -0.8648
vn -0.4111 0.1986 -0.8897
vn -0.5088 0.1778 -0.8423
vn -0.4798 0.2552 -0.8394
vn -0.4778 0.3361 -0.8116
vn -0.1641 0.1954 -0.9669
vn -0.1960 0.1935 -0.9613
vn -0.0444 0.2409 -0.9695
vn -0.1105 -0.1533 -0.9820
vn -0.3037 0.3649 -0.8801
vn 0.5117 0.1448 -0.8469
vn 0.6026 0.0965 -0.7922
vn 0.6270 0.0745 -0.7754
vn 0.4068 0.1703 -0.8975
vn 0.4001 0.1694 -0.9007
vn 0.1057 0.2617 -0.9593
vn 0.0543 0.2349 -0.9705
vn 0.1550 0.2239 -0.9622
vn -0.3776 0.1394 -0.9154
vn 0.8227 0.0180 -0.5683
vn 0.9767 -0.2146 -0.0081
vn -0.9229 -0.1008 0.3716
vn -0.9775 -0.0632 0.2013
vn -0.8866 -0.1862 0.4235
vn -0.9214 -0.1806 0.3441
vn 0.8921 -0.1966 0.4068
vn 0.9323 -0.1313 0.3371
vt 0.264940 0.527404
vt 0.230605 0.518287
vt 0.622015 0.930215
vt 0.337712 0.242569
vt 0.226827 0.259190
vt 0.840566 0.793575
vt 0.277603 0.550998
vt 0.384246 0.252094
vt 0.318075 0.595939
vt 0.443752 0.248619
vt 0.396769 0.719023
vt 0.607639 0.225677
vt 0.303694 0.457324
vt 0.250417 0.430757
vt 0.684301 0.866137
vt 0.326001 0.469635
vt 0.357938 0.502348
vt 0.348127 0.418516
vt 0.260142 0.513367
vt 0.311088 0.236663
vt 0.288600 0.447873
vt 0.273592 0.512337
vt 0.293482 0.527817
vt 0.330438 0.570771
vt 0.414237 0.714742
vt 0.230137 0.498188
vt 0.638994 0.919696
vt 0.260587 0.500918
vt 0.367225 0.662891
vt 0.533502 0.247888
vt 0.320616 0.411265
vt 0.378486 0.654340
vt 0.239495 0.455614
vt 0.669516 0.888784
vt 0.276339 0.472023
vt 0.291645 0.482084
vt 0.314274 0.497818
vt 0.372101 0.552725
vt 0.433204 0.703950
vt 0.400385 0.639193
vt 0.266600 0.333740
vt 0.756665 0.799988
vt 0.333539 0.328859
vt 0.365312 0.336868
vt 0.418410 0.351936
vt 0.608637 0.242839
vt 0.313998 0.329156
vt 0.536651 0.270976
vt 0.384186 0.432408
vt 0.262571 0.397356
vt 0.705648 0.838039
vt 0.301065 0.406057
vt 0.397718 0.399008
vt 0.355240 0.388675
vt 0.327338 0.377980
vt 0.268245 0.367186
vt 0.727800 0.816801
vt 0.308663 0.373654
vt 0.255180 0.298449
vt 0.792399 0.790712
vt 0.315527 0.292531
vt 0.374699 0.297228
vt 0.337675 0.297486
vt 0.441344 0.294457
vt 0.425007 0.194909
vt 0.788839 0.592632
vt 0.380591 0.202209
vt 0.806100 0.634023
vt 0.037148 0.256118
vt 0.487552 0.258295
vt 0.487075 0.290603
vt 0.488166 0.310076
vt 0.384371 0.506127
vt 0.440475 0.364581
vt 0.404275 0.437519
vt 0.415236 0.406765
vt 0.426474 0.504925
vt 0.526624 0.759206
vt 0.478968 0.396127
vt 0.588947 0.656210
vt 0.438777 0.450497
vt 0.565476 0.719312
vt 0.455071 0.424525
vt 0.578315 0.691588
vt 0.337111 0.199022
vt 0.831957 0.668890
vt 0.212926 0.245820
vt 0.859250 0.798174
vt 0.307370 0.190214
vt 0.855237 0.689143
vt 0.270906 0.212515
vt 0.199739 0.234520
vt 0.875832 0.803260
vt 0.259958 0.199921
vt 0.436001 0.224022
vt 0.295248 0.183959
vt 0.867095 0.695858
vt 0.287409 0.176588
vt 0.877533 0.698596
vt 0.600369 0.205604
vt 0.527659 0.224623
vt 0.479156 0.224263
vt 0.378844 0.227273
vt 0.656685 0.229634
vt 0.333668 0.220750
vt 0.302799 0.207726
vt 0.284520 0.198006
vt 0.272792 0.189972
vt 0.650258 0.205050
vt 0.638788 0.180870
vt 0.613349 0.259032
vt 0.552244 0.291919
vt 0.516948 0.319552
vt 0.657690 0.247519
vt 0.461764 0.318645
vt 0.499723 0.377514
vt 0.593064 0.628704
vt 0.465731 0.257604
vt 0.465595 0.295198
vt 0.453667 0.224740
vt 0.509186 0.371937
vt 0.592182 0.617720
vt 0.446960 0.185097
vt 0.785834 0.568850
vt 0.526965 0.364553
vt 0.459270 0.176135
vt 0.588186 0.598423
vt 0.786983 0.553695
vt 0.433192 0.414894
vt 0.459013 0.378352
vt 0.415185 0.445376
vt 0.395747 0.506220
vt 0.484066 0.349714
vt 0.476951 0.193739
vt 0.519644 0.340993
vt 0.499424 0.347685
vt 0.435057 0.191389
vt 0.786599 0.582260
vt 0.458758 0.204473
vt 0.446081 0.209969
vt 0.181239 0.221043
vt 0.897091 0.811724
vt 0.237797 0.175255
vt 0.282579 0.157627
vt 0.896086 0.692448
vt 0.244285 0.160562
vt 0.177037 0.147222
vt 0.961192 0.775602
vt 0.188735 0.135039
vt 0.965162 0.759429
vt 0.918767 0.673746
vt 0.286126 0.128529
vt 0.209142 0.123048
vt 0.964445 0.736071
vt 0.264385 0.121724
vt 0.970540 0.699115
vt 0.237689 0.097953
vt 0.295056 0.095741
vt 0.942247 0.647661
vt 0.276497 0.094715
vt 0.259591 0.079597
vt 0.974932 0.671737
vt 0.379848 0.213576
vt 0.468538 0.386678
vt 0.335478 0.207490
vt 0.305295 0.197663
vt 0.289997 0.190894
vt 0.279455 0.184125
vt 0.428081 0.211615
vt 0.492262 0.362952
vt 0.504322 0.361462
vt 0.453377 0.198096
vt 0.424229 0.446390
vt 0.440926 0.418739
vt 0.407116 0.506680
vt 0.467732 0.186047
vt 0.522238 0.353356
vt 0.443490 0.204070
vt 0.268428 0.156452
vt 0.274740 0.122293
vt 0.284873 0.099651
vt 0.252862 0.112346
vt 0.216957 0.149484
vt 0.208720 0.156017
vt 0.165195 0.159557
vt 0.150469 0.213140
vt 0.956946 0.791948
vt 0.919811 0.834246
vt 0.265298 0.089846
vt 0.252717 0.515303
vt 0.271137 0.242184
vt 0.277875 0.441941
vt 0.253569 0.500168
vt 0.267422 0.466871
vt 0.300618 0.330483
vt 0.290724 0.403439
vt 0.296945 0.371485
vt 0.296601 0.292167
vt 0.249325 0.222952
vt 0.237447 0.213485
vt 0.216580 0.188356
vt 0.043828 0.418305
vt 0.189592 0.174310
vt 0.185672 0.213951
vt 0.026485 0.422645
vt 0.146099 0.200777
vt 0.176387 0.166832
vt 0.161608 0.183011
vt 0.163407 0.181075
vt 0.158630 0.181032
vt 0.034187 0.453234
vt 0.039017 0.453572
vt 0.162128 0.178689
vt 0.040299 0.448678
vt 0.165955 0.178589
vt 0.157293 0.184365
vt 0.032499 0.449238
vt 0.167908 0.184711
vt 0.163943 0.187376
vt 0.157679 0.189319
vt 0.030089 0.443976
vt 0.157015 0.194588
vt 0.029261 0.437831
vt 0.154059 0.198107
vt 0.029149 0.432218
vt 0.043828 0.429920
vt 0.181183 0.179321
vt 0.043059 0.435977
vt 0.176081 0.180005
vt 0.042459 0.440188
vt 0.172588 0.179748
vt 0.190056 0.196289
vt 0.179016 0.189802
vt 0.173086 0.186986
vt 0.176561 0.205689
vt 0.170794 0.197274
vt 0.167924 0.191804
vt 0.170415 0.154638
vt 0.958440 0.785021
vt 0.197667 0.207288
vt 0.035178 0.418752
vt 0.184036 0.169568
vt 0.162450 0.181898
vt 0.160114 0.179144
vt 0.036747 0.454602
vt 0.166533 0.186015
vt 0.036589 0.448874
vt 0.037153 0.428328
vt 0.036721 0.435922
vt 0.037012 0.443108
vt 0.183452 0.202429
vt 0.175758 0.195240
vt 0.171254 0.190600
vt 0.255432 0.116211
vt 0.233797 0.149136
vt 0.270957 0.092729
vt 0.222666 0.168022
vt 0.159452 0.212926
vt 0.915345 0.826320
vt 0.198634 0.184915
vt 0.159275 0.206551
vt 0.162609 0.179799
vt 0.160275 0.182014
vt 0.161234 0.187047
vt 0.167610 0.180997
vt 0.186624 0.184342
vt 0.178902 0.183119
vt 0.174295 0.182258
vt 0.161941 0.200739
vt 0.163808 0.196217
vt 0.162390 0.191236
vt 0.160879 0.180300
vt 0.202427 0.149702
vt 0.243796 0.104091
vt 0.211217 0.141053
vt 0.260839 0.086415
vt 0.184469 0.157742
vt 0.259457 0.174609
vt 0.148346 0.206913
vt 0.170975 0.162985
vt 0.176999 0.161192
vt 0.190753 0.227690
vt 0.886403 0.807196
vt 0.250239 0.184962
vt 0.283593 0.166880
vt 0.887761 0.696569
vt 0.270746 0.167947
vt 0.227764 0.206108
vt 0.215554 0.132794
vt 0.223926 0.146023
vt 0.207200 0.161738
vt 0.198239 0.148651
vt 0.213814 0.144565
vt 0.214959 0.153844
vt 0.204547 0.153582
vt 0.205813 0.144031
vt 0.210231 0.149332
vt 0.529841 0.234975
vt 0.480602 0.240901
vt 0.440696 0.236320
vt 0.602280 0.214216
vt 0.378246 0.237260
vt 0.333843 0.230157
vt 0.300350 0.221040
vt 0.280303 0.204989
vt 0.267692 0.193460
vt 0.645403 0.191661
vt 0.460054 0.236390
vt 0.241163 0.167760
vt 0.219406 0.156002
vt 0.227640 0.158774
vt 0.254985 0.180140
vt 0.200845 0.155074
vt 0.187553 0.167560
vt 0.197025 0.129506
vt 0.965429 0.749586
vt 0.204212 0.142116
vt 0.293095 0.092612
vt 0.946381 0.646782
vt 0.277052 0.089642
vt 0.264193 0.078604
vt 0.973548 0.667448
vt 0.287426 0.097037
vt 0.268883 0.085883
vt 0.273010 0.088340
vt 0.264442 0.082800
vt 0.291684 0.091086
vt 0.948776 0.647288
vt 0.278299 0.086987
vt 0.272539 0.078639
vt 0.969983 0.660246
vt 0.288795 0.094743
vt 0.271111 0.084721
vt 0.274337 0.085683
vt 0.271944 0.081950
vt 0.281121 0.082225
vt 0.963459 0.653755
vt 0.290231 0.093353
vt 0.473981 0.391532
vt 0.276259 0.079328
vt 0.967897 0.657234
vt 0.275438 0.082933
vt 0.336355 0.203307
vt 0.380198 0.207942
vt 0.279129 0.084826
vt 0.306410 0.193702
vt 0.293158 0.186098
vt 0.283548 0.180042
vt 0.495929 0.370448
vt 0.506703 0.366868
vt 0.450546 0.191699
vt 0.438956 0.199366
vt 0.275522 0.156971
vt 0.280897 0.125603
vt 0.291575 0.098287
vt 0.427208 0.202316
vt 0.431851 0.446644
vt 0.446889 0.421997
vt 0.420502 0.504381
vt 0.463491 0.181132
vt 0.524442 0.358949
vt 0.277441 0.167614
vt 0.290917 0.094375
vt 0.295878 0.102951
vt 0.935326 0.651259
vt 0.276094 0.101710
vt 0.252263 0.082798
vt 0.975619 0.679381
vt 0.283939 0.105729
vt 0.261533 0.096043
vt 0.267246 0.098703
vt 0.256644 0.090639
vt 0.290528 0.104530
vt 0.293489 0.113481
vt 0.927677 0.659313
vt 0.271662 0.109357
vt 0.244936 0.089715
vt 0.973616 0.688894
vt 0.279975 0.112452
vt 0.258619 0.102363
vt 0.262468 0.104491
vt 0.251063 0.096085
vt 0.287039 0.113495
vt 0.248942 0.151967
vt 0.215881 0.118518
vt 0.964745 0.728036
vt 0.282566 0.151338
vt 0.901394 0.689080
vt 0.269468 0.148574
vt 0.232270 0.137480
vt 0.240943 0.140808
vt 0.222111 0.126809
vt 0.275992 0.149979
vt 0.228644 0.107148
vt 0.967524 0.711405
vt 0.272238 0.133656
vt 0.244578 0.122941
vt 0.249261 0.128716
vt 0.235053 0.114024
vt 0.278254 0.136000
vt 0.257867 0.134546
vt 0.283996 0.138397
vt 0.911549 0.680895
vt 0.220214 0.139434
vt 0.170294 0.215469
vt 0.907625 0.818178
vt 0.171913 0.210731
vt 0.234191 0.538548
vt 0.603159 0.938324
vt 0.243900 0.568556
vt 0.572723 0.946587
vt 0.268416 0.556723
vt 0.257567 0.531152
vt 0.300629 0.605471
vt 0.381452 0.724732
vt 0.355942 0.667087
vt 0.252054 0.592762
vt 0.547950 0.952917
vt 0.395516 0.553243
vt 0.441305 0.695906
vt 0.415401 0.636976
vt 0.284515 0.603420
vt 0.404346 0.539345
vt 0.270528 0.597172
vt 0.414615 0.526443
vt 0.260761 0.593293
vt 0.422375 0.522506
vt 0.283033 0.497092
vt 0.305065 0.512358
vt 0.346928 0.554669
vt 0.425431 0.709259
vt 0.390392 0.648607
vt 0.233270 0.477389
vt 0.654669 0.905819
vt 0.270019 0.488344
vt 0.256667 0.482028
vt 0.245989 0.440695
vt 0.678416 0.875228
vt 0.282828 0.459328
vt 0.361239 0.520789
vt 0.299620 0.468349
vt 0.322122 0.485306
vt 0.273213 0.453395
vt 0.387950 0.527303
vt 0.399316 0.521602
vt 0.410544 0.516766
vt 0.421021 0.514733
vt 0.429871 0.520884
vt 0.511369 0.765027
vt 0.427863 0.513638
vt 0.518568 0.762800
vt 0.310753 0.444136
vt 0.334193 0.455874
vt 0.366946 0.476959
vt 0.254627 0.421141
vt 0.690016 0.857407
vt 0.295454 0.436309
vt 0.386882 0.488484
vt 0.426470 0.491213
vt 0.538045 0.751652
vt 0.400876 0.486965
vt 0.409356 0.487093
vt 0.283477 0.431227
vt 0.418299 0.485674
vt 0.259071 0.409168
vt 0.697608 0.847274
vt 0.297206 0.421583
vt 0.286856 0.417819
vt 0.315842 0.427690
vt 0.342344 0.434832
vt 0.376809 0.454699
vt 0.394318 0.460578
vt 0.430990 0.468625
vt 0.554434 0.735581
vt 0.407775 0.465020
vt 0.415722 0.465467
vt 0.423729 0.464608
vt 0.244046 0.516477
vt 0.253221 0.248500
vt 0.267862 0.437736
vt 0.244482 0.499509
vt 0.258727 0.462735
vt 0.288555 0.331391
vt 0.279374 0.401139
vt 0.286038 0.369739
vt 0.280751 0.294508
vt 0.231911 0.232706
vt 0.220030 0.225474
vt 0.209105 0.215504
vt 0.258005 0.561805
vt 0.248266 0.534206
vt 0.248445 0.480327
vt 0.263818 0.448664
vt 0.272577 0.427498
vt 0.276114 0.414456
vt 0.200075 0.221646
vt 0.237439 0.255392
vt 0.266341 0.297343
vt 0.220004 0.240075
vt 0.209643 0.229935
vt 0.250940 0.565327
vt 0.241308 0.536418
vt 0.237480 0.517404
vt 0.258254 0.433869
vt 0.237618 0.498904
vt 0.249738 0.459098
vt 0.277393 0.332657
vt 0.269690 0.398947
vt 0.276965 0.368430
vt 0.240786 0.478991
vt 0.254671 0.444447
vt 0.262568 0.423908
vt 0.266479 0.411501
vt 0.268531 0.348996
vt 0.742885 0.806700
vt 0.311546 0.351511
vt 0.405883 0.376488
vt 0.361251 0.364664
vt 0.330268 0.354707
vt 0.427016 0.383445
vt 0.465668 0.410726
vt 0.584084 0.675256
vt 0.445550 0.395133
vt 0.453589 0.402643
vt 0.299206 0.350234
vt 0.459428 0.406454
vt 0.287753 0.349465
vt 0.277807 0.349155
vt 0.400606 0.731697
vt 0.418812 0.724546
vt 0.438993 0.717005
vt 0.380233 0.736732
vt 0.450115 0.706486
vt 0.430089 0.720274
vt 0.035146 0.152845
vt 0.645756 0.268061
vt 0.614989 0.181726
vt 0.649619 0.247927
vt 0.648339 0.233316
vt 0.650139 0.268536
vt 0.617931 0.178483
vt 0.640468 0.193951
vt 0.435239 0.729295
vt 0.445457 0.725335
vt 0.459316 0.712588
vt 0.418692 0.733918
vt 0.380941 0.743002
vt 0.400681 0.738654
vt 0.397911 0.680850
vt 0.381502 0.681835
vt 0.413769 0.671798
vt 0.369566 0.693215
vt 0.424917 0.666766
vt 0.406545 0.676113
vt 0.347293 0.633902
vt 0.357353 0.613402
vt 0.384445 0.596438
vt 0.333974 0.639243
vt 0.399594 0.597021
vt 0.372520 0.598473
vt 0.332738 0.615630
vt 0.317433 0.621263
vt 0.344883 0.592062
vt 0.377751 0.575135
vt 0.396150 0.576109
vt 0.363963 0.576914
vt 0.370617 0.636872
vt 0.392475 0.620586
vt 0.406687 0.619994
vt 0.379948 0.628150
vt 0.360279 0.650938
vt 0.347543 0.656748
vt 0.654339 0.248702
vt 0.390912 0.733922
vt 0.391525 0.739639
vt 0.443850 0.711297
vt 0.645839 0.206984
vt 0.452040 0.720819
vt 0.386213 0.343960
vt 0.336631 0.515318
vt 0.307236 0.542580
vt 0.381033 0.730399
vt 0.446069 0.700044
vt 0.416373 0.719335
vt 0.427718 0.714485
vt 0.434893 0.709029
vt 0.399057 0.725290
vt 0.407831 0.700377
vt 0.424573 0.691616
vt 0.433341 0.684893
vt 0.417721 0.695553
vt 0.391499 0.702862
vt 0.378093 0.711734
vt 0.373676 0.670661
vt 0.361174 0.678533
vt 0.387784 0.665725
vt 0.406557 0.654488
vt 0.419100 0.650675
vt 0.398400 0.661276
vt 0.405678 0.717129
vt 0.409668 0.728281
vt 0.409164 0.735876
vt 0.407772 0.723094
vt 0.653209 0.230121
vt 0.388830 0.722670
vt 0.390173 0.729178
vt 0.340946 0.485035
vt 0.413842 0.250959
vt 0.437276 0.699713
vt 0.440543 0.705482
vt 0.448205 0.731753
vt 0.465366 0.718051
vt 0.383139 0.748581
vt 0.402303 0.745058
vt 0.438233 0.736619
vt 0.419493 0.742343
vt 0.392673 0.747386
vt 0.457688 0.727136
vt 0.291824 0.567391
vt 0.412438 0.743117
vt 0.429525 0.632711
vt 0.345277 0.675832
vt 0.416251 0.563737
vt 0.285540 0.638062
vt 0.440474 0.546171
vt 0.252382 0.631463
vt 0.484262 0.769685
vt 0.515328 0.973588
vt 0.417880 0.555764
vt 0.276794 0.638574
vt 0.427552 0.550687
vt 0.266483 0.633229
vt 0.432738 0.548081
vt 0.260528 0.632710
vt 0.433699 0.661211
vt 0.362790 0.697561
vt 0.415873 0.598032
vt 0.317947 0.651836
vt 0.414261 0.580634
vt 0.302714 0.643142
vt 0.421277 0.618930
vt 0.333299 0.665973
vt 0.373064 0.736096
vt 0.454738 0.698162
vt 0.634161 0.185318
vt 0.461630 0.701409
vt 0.371688 0.743093
vt 0.370209 0.714914
vt 0.439843 0.679910
vt 0.429985 0.647381
vt 0.352676 0.688218
vt 0.374171 0.726373
vt 0.448966 0.688900
vt 0.374495 0.731610
vt 0.452019 0.694025
vt 0.469021 0.704912
vt 0.370542 0.750622
vt 0.360309 0.423981
vt 0.371152 0.393498
vt 0.400026 0.200102
vt 0.797586 0.616525
vt 0.399665 0.296660
vt 0.403588 0.226082
vt 0.403245 0.216151
vt 0.409254 0.238765
vt 0.400412 0.206035
vt 0.279833 0.574276
vt 0.320854 0.525981
vt 0.335887 0.496962
vt 0.349787 0.466321
vt 0.355159 0.442168
vt 0.379606 0.369818
vt 0.247302 0.577763
vt 0.563152 0.948755
vt 0.262757 0.575795
vt 0.255160 0.575773
vt 0.318351 0.556476
vt 0.334640 0.539786
vt 0.304128 0.581290
vt 0.350890 0.529712
vt 0.292272 0.592907
vt 0.270311 0.537815
vt 0.355190 0.245528
vt 0.312961 0.463358
vt 0.283103 0.519451
vt 0.303602 0.490022
vt 0.347784 0.332963
vt 0.333906 0.414699
vt 0.340919 0.382768
vt 0.354277 0.297427
vt 0.357874 0.202019
vt 0.818353 0.653042
vt 0.354502 0.225177
vt 0.356404 0.211278
vt 0.353662 0.233726
vt 0.357171 0.206527
vt 0.238351 0.553062
vt 0.588727 0.942778
vt 0.262023 0.542630
vt 0.293500 0.504220
vt 0.310168 0.477637
vt 0.319175 0.447973
vt 0.328626 0.430894
vt 0.252544 0.546823
vt 0.245311 0.549972
vt 0.344766 0.359021
vt 0.487909 0.205119
vt 0.530348 0.329930
vt 0.562008 0.302082
vt 0.527800 0.215298
vt 0.592751 0.198195
vt 0.617483 0.265515
vt 0.658318 0.269606
vt 0.621864 0.171308
vt 0.412790 0.750275
vt 0.044394 0.128535
vt 0.402897 0.751452
vt 0.032399 0.126591
vt 0.440353 0.743038
vt 0.056334 0.158107
vt 0.420484 0.748342
vt 0.052090 0.134110
vt 0.394286 0.753858
vt 0.022095 0.130345
vt 0.385234 0.755439
vt 0.015361 0.139591
vt 0.462056 0.731453
vt 0.036697 0.179010
vt 0.450903 0.738943
vt 0.051224 0.170766
vt 0.469529 0.723712
vt 0.023942 0.175116
vt 0.367940 0.759257
vt 0.475273 0.712103
vt 0.015361 0.161781
vt 0.040294 0.143966
vt 0.034807 0.142644
vt 0.045502 0.155206
vt 0.044561 0.148466
vt 0.029524 0.144405
vt 0.025627 0.149061
vt 0.035179 0.163981
vt 0.041985 0.161449
vt 0.028515 0.161599
vt 0.024981 0.155667
vt 0.636412 0.197055
vt 0.641100 0.209307
vt 0.629498 0.188655
vt 0.635329 0.234040
vt 0.637699 0.252601
vt 0.620901 0.196016
vt 0.631164 0.213555
vt 0.626634 0.201895
vt 0.611477 0.188110
vt 0.638620 0.268688
vt 0.625739 0.237053
vt 0.628863 0.254369
vt 0.612080 0.200365
vt 0.622118 0.218014
vt 0.616438 0.208238
vt 0.629856 0.266107
vt 0.603888 0.192751
vt 0.579321 0.234507
vt 0.581987 0.252085
vt 0.574309 0.216806
vt 0.589413 0.268223
vt 0.576770 0.224297
vt 0.595243 0.275572
vt 0.570772 0.209046
vt 0.550356 0.244189
vt 0.553346 0.262589
vt 0.547276 0.221260
vt 0.567936 0.280655
vt 0.546918 0.230208
vt 0.546210 0.212023
vt 0.575848 0.290003
vt 0.565773 0.239166
vt 0.568520 0.256154
vt 0.559938 0.219820
vt 0.578354 0.274104
vt 0.562252 0.227809
vt 0.585040 0.282256
vt 0.558536 0.211300
vt 0.610463 0.250458
vt 0.656858 0.239095
vt 0.543818 0.282874
vt 0.503483 0.317918
vt 0.517810 0.367889
vt 0.590638 0.608184
vt 0.510067 0.341956
vt 0.513016 0.356699
vt 0.515376 0.362480
vt 0.648867 0.240075
vt 0.653101 0.239021
vt 0.634706 0.243827
vt 0.627290 0.245832
vt 0.586367 0.261258
vt 0.560136 0.273097
vt 0.573381 0.266238
vt 0.643317 0.250086
vt 0.640976 0.233690
vt 0.626728 0.190849
vt 0.636308 0.211115
vt 0.631411 0.199173
vt 0.612751 0.184266
vt 0.642425 0.267641
vt 0.640895 0.242048
vt 0.242514 0.277631
vt 0.816665 0.790226
vt 0.313820 0.265523
vt 0.384321 0.270075
vt 0.340074 0.270607
vt 0.442362 0.267063
vt 0.607902 0.234142
vt 0.537174 0.260108
vt 0.488270 0.273905
vt 0.652659 0.217443
vt 0.468981 0.272848
vt 0.284881 0.267394
vt 0.268616 0.271043
vt 0.253102 0.275910
vt 0.408840 0.268626
vt 0.359622 0.269972
vt 0.644770 0.221168
vt 0.648563 0.218543
vt 0.632556 0.223743
vt 0.623609 0.227332
vt 0.580295 0.243683
vt 0.551515 0.253677
vt 0.567060 0.248515
vt 0.638642 0.221596
vt 0.369691 0.316543
vt 0.335445 0.312888
vt 0.432079 0.322048
vt 0.261678 0.315507
vt 0.774615 0.794403
vt 0.314586 0.311503
vt 0.298255 0.312602
vt 0.284729 0.313348
vt 0.272658 0.314157
vt 0.392318 0.318760
vt 0.350780 0.314621
vt 0.450068 0.347989
vt 0.488994 0.386258
vt 0.591671 0.642462
vt 0.468949 0.363559
vt 0.478370 0.373938
vt 0.484421 0.380764
vt 0.442874 0.329734
vt 0.665895 0.213227
vt 0.020898 0.262181
vt 0.667368 0.228048
vt 0.028910 0.275660
vt 0.657254 0.183650
vt 0.029214 0.232912
vt 0.663126 0.198013
vt 0.020898 0.246200
vt 0.667523 0.238197
vt 0.038800 0.278947
vt 0.668377 0.247657
vt 0.048467 0.276113
vt 0.671055 0.271029
vt 0.629896 0.160461
vt 0.055674 0.251696
vt 0.647929 0.171918
vt 0.044885 0.231627
vt 0.026928 0.260452
vt 0.033038 0.270810
vt 0.032487 0.238094
vt 0.026817 0.247707
vt 0.039071 0.273102
vt 0.043844 0.271658
vt 0.049433 0.252299
vt 0.041506 0.237526
vt 0.595666 0.906554
vt 0.797019 0.691572
vt 0.569036 0.908801
vt 0.765330 0.659418
vt 0.509298 0.899424
vt 0.733149 0.605334
vt 0.363277 0.900702
vt 0.665922 0.453998
vt 0.633199 0.836056
vt 0.610482 0.823944
vt 0.566088 0.815158
vt 0.641580 0.777840
vt 0.609995 0.902932
vt 0.814438 0.710793
vt 0.649203 0.843365
vt 0.603572 0.891148
vt 0.579802 0.882901
vt 0.523554 0.875187
vt 0.357318 0.883901
vt 0.620241 0.895827
vt 0.426423 0.894874
vt 0.685656 0.528853
vt 0.662570 0.796994
vt 0.427325 0.880744
vt 0.635800 0.866903
vt 0.619002 0.859532
vt 0.593706 0.849280
vt 0.516131 0.830580
vt 0.355900 0.861890
vt 0.428043 0.854059
vt 0.724778 0.741516
vt 0.700826 0.718922
vt 0.659143 0.682608
vt 0.650858 0.462006
vt 0.734983 0.757916
vt 0.664989 0.536520
vt 0.610160 0.755215
vt 0.677550 0.810260
vt 0.631162 0.725463
vt 0.662520 0.755798
vt 0.686822 0.773283
vt 0.700581 0.786609
vt 0.764883 0.737164
vt 0.729183 0.689625
vt 0.748740 0.721118
vt 0.696068 0.632670
vt 0.039043 0.328791
vt 0.701338 0.573253
vt 0.673407 0.592446
vt 0.656651 0.600628
vt 0.548524 0.795094
vt 0.636422 0.671020
vt 0.595348 0.740968
vt 0.614897 0.715219
vt 0.855712 0.731177
vt 0.872699 0.734126
vt 0.758756 0.598796
vt 0.686883 0.449754
vt 0.708278 0.521178
vt 0.734676 0.562113
vt 0.785800 0.649063
vt 0.637159 0.414083
vt 0.815391 0.683268
vt 0.842747 0.702307
vt 0.861011 0.712569
vt 0.874081 0.718204
vt 0.661343 0.406848
vt 0.687907 0.403414
vt 0.634674 0.466366
vt 0.638171 0.535900
vt 0.633722 0.581113
vt 0.621501 0.422480
vt 0.663661 0.627879
vt 0.713645 0.591443
vt 0.680975 0.612165
vt 0.748176 0.583944
vt 0.598310 0.704623
vt 0.614658 0.663109
vt 0.582602 0.736285
vt 0.542264 0.785587
vt 0.625087 0.626508
vt 0.761582 0.547990
vt 0.613235 0.590189
vt 0.617346 0.612455
vt 0.762514 0.569096
vt 0.764891 0.582519
vt 0.905378 0.739600
vt 0.914267 0.726313
vt 0.936361 0.688769
vt 0.953343 0.664676
vt 0.796956 0.640668
vt 0.602548 0.659657
vt 0.825628 0.674818
vt 0.850092 0.694895
vt 0.864714 0.704021
vt 0.875415 0.709439
vt 0.773011 0.598787
vt 0.609477 0.626774
vt 0.603773 0.615860
vt 0.771549 0.570114
vt 0.576841 0.729270
vt 0.590882 0.700255
vt 0.535644 0.776328
vt 0.774246 0.551659
vt 0.600430 0.596165
vt 0.771371 0.581627
vt 0.904901 0.703688
vt 0.930162 0.680160
vt 0.945035 0.660228
vt 0.949592 0.693798
vt 0.938148 0.743462
vt 0.937101 0.753729
vt 0.963413 0.671775
vt 0.612452 0.910177
vt 0.831220 0.747373
vt 0.660002 0.849252
vt 0.624620 0.901200
vt 0.644950 0.871518
vt 0.741110 0.769883
vt 0.685281 0.817746
vt 0.708670 0.795121
vt 0.775632 0.752479
vt 0.859080 0.755347
vt 0.873622 0.760240
vt 0.904470 0.765637
vt 0.042099 0.399325
vt 0.932029 0.779621
vt 0.900717 0.803844
vt 0.025885 0.394566
vt 0.932641 0.831543
vt 0.945091 0.786439
vt 0.939103 0.807842
vt 0.939837 0.805193
vt 0.942490 0.809267
vt 0.035824 0.363230
vt 0.040444 0.363613
vt 0.942405 0.805066
vt 0.040786 0.368668
vt 0.940466 0.801854
vt 0.940496 0.812246
vt 0.033689 0.366994
vt 0.934438 0.803294
vt 0.934356 0.808343
vt 0.936108 0.814526
vt 0.030640 0.371889
vt 0.930980 0.817354
vt 0.028732 0.378459
vt 0.931115 0.825123
vt 0.028310 0.387537
vt 0.042099 0.388737
vt 0.931844 0.788817
vt 0.041795 0.382441
vt 0.933570 0.793692
vt 0.041140 0.376888
vt 0.936291 0.797326
vt 0.913132 0.790810
vt 0.924284 0.796561
vt 0.929776 0.800073
vt 0.912577 0.807584
vt 0.922197 0.807980
vt 0.928337 0.807328
vt 0.899962 0.790008
vt 0.033931 0.397885
vt 0.938991 0.781842
vt 0.939635 0.806380
vt 0.943166 0.806978
vt 0.038439 0.362184
vt 0.934052 0.805193
vt 0.037487 0.367757
vt 0.035418 0.388653
vt 0.035501 0.381061
vt 0.037125 0.373632
vt 0.911629 0.799654
vt 0.921174 0.802027
vt 0.927535 0.803677
vt 0.946366 0.692028
vt 0.929735 0.728793
vt 0.958012 0.668110
vt 0.919463 0.748523
vt 0.917648 0.777810
vt 0.920877 0.823811
vt 0.941339 0.805248
vt 0.940522 0.808364
vt 0.936251 0.810698
vt 0.937730 0.801592
vt 0.924713 0.787414
vt 0.930068 0.793024
vt 0.933387 0.796445
vt 0.924328 0.818295
vt 0.927437 0.814444
vt 0.932060 0.812133
vt 0.941815 0.806987
vt 0.945666 0.755625
vt 0.962209 0.697140
vt 0.948507 0.743901
vt 0.968354 0.673954
vt 0.948571 0.775149
vt 0.894296 0.721017
vt 0.926296 0.832789
vt 0.951038 0.788913
vt 0.949558 0.782968
vt 0.890562 0.734348
vt 0.893817 0.707992
vt 0.884585 0.764405
vt 0.952957 0.735755
vt 0.937380 0.735770
vt 0.933012 0.758077
vt 0.948809 0.758624
vt 0.943675 0.743552
vt 0.935617 0.747441
vt 0.941264 0.755727
vt 0.948376 0.749786
vt 0.941898 0.748945
vt 0.700059 0.527550
vt 0.719673 0.569319
vt 0.745041 0.601409
vt 0.678485 0.452570
vt 0.777822 0.654750
vt 0.807945 0.688868
vt 0.833117 0.711706
vt 0.857342 0.719750
vt 0.873902 0.724315
vt 0.675211 0.404105
vt 0.735129 0.584707
vt 0.909857 0.732782
vt 0.931296 0.744813
vt 0.924612 0.739388
vt 0.892080 0.727564
vt 0.942025 0.759864
vt 0.938628 0.777768
vt 0.951114 0.750214
vt 0.956931 0.661024
vt 0.947053 0.655467
vt 0.965249 0.666649
vt 0.960929 0.664135
vt 0.969561 0.669231
vt 0.960265 0.658348
vt 0.947907 0.653365
vt 0.965203 0.664169
vt 0.962699 0.660891
vt 0.967285 0.662174
vt 0.948027 0.649956
vt 0.595470 0.657873
vt 0.964954 0.659445
vt 0.828947 0.671584
vt 0.801490 0.637393
vt 0.961510 0.656480
vt 0.852837 0.691775
vt 0.866178 0.698737
vt 0.876701 0.703763
vt 0.601035 0.627669
vt 0.597822 0.616915
vt 0.778364 0.569242
vt 0.777803 0.583061
vt 0.900446 0.698054
vt 0.924047 0.676626
vt 0.942194 0.652103
vt 0.781373 0.594633
vt 0.572489 0.723028
vt 0.584914 0.697055
vt 0.530283 0.763883
vt 0.780540 0.552737
vt 0.594423 0.597313
vt 0.890457 0.702140
vt 0.946330 0.650139
vt 0.947937 0.669058
vt 0.939540 0.663047
vt 0.959923 0.678024
vt 0.954720 0.674410
vt 0.966972 0.679559
vt 0.937137 0.656866
vt 0.943132 0.676247
vt 0.935997 0.670309
vt 0.955858 0.683921
vt 0.952091 0.681467
vt 0.965163 0.686979
vt 0.931189 0.664856
vt 0.919036 0.717843
vt 0.910747 0.698616
vt 0.940063 0.724207
vt 0.932325 0.718704
vt 0.954381 0.726992
vt 0.906070 0.693898
vt 0.922191 0.688248
vt 0.945943 0.706521
vt 0.939441 0.704394
vt 0.958433 0.709582
vt 0.916668 0.684465
vt 0.928951 0.701035
vt 0.945003 0.735223
vt 0.910851 0.814272
vt 0.569244 0.919570
vt 0.596524 0.914752
vt 0.510895 0.918879
vt 0.366663 0.916479
vt 0.429144 0.906541
vt 0.502946 0.811185
vt 0.358248 0.850742
vt 0.421750 0.840245
vt 0.521461 0.931533
vt 0.509745 0.796233
vt 0.534313 0.939633
vt 0.515060 0.780754
vt 0.542818 0.945851
vt 0.513896 0.772263
vt 0.611181 0.874920
vt 0.586574 0.864866
vt 0.528177 0.852663
vt 0.355682 0.871391
vt 0.425566 0.867584
vt 0.625573 0.881022
vt 0.638233 0.888774
vt 0.642691 0.854538
vt 0.548787 0.822377
vt 0.626154 0.845417
vt 0.599938 0.836257
vt 0.653036 0.859416
vt 0.528828 0.803355
vt 0.527409 0.790900
vt 0.525323 0.778939
vt 0.521382 0.769073
vt 0.640560 0.823870
vt 0.617852 0.809689
vt 0.582493 0.793820
vt 0.654808 0.831609
vt 0.560475 0.786244
vt 0.555665 0.770869
vt 0.550740 0.763768
vt 0.666011 0.838872
vt 0.547010 0.755638
vt 0.666633 0.822039
vt 0.675294 0.828774
vt 0.651214 0.809950
vt 0.631012 0.791576
vt 0.595695 0.773458
vt 0.581131 0.762083
vt 0.570113 0.753086
vt 0.565594 0.746785
vt 0.561829 0.739602
vt 0.616176 0.918095
vt 0.835319 0.765625
vt 0.669047 0.855425
vt 0.630182 0.908416
vt 0.653160 0.876600
vt 0.746812 0.780441
vt 0.693388 0.825871
vt 0.715949 0.803211
vt 0.781970 0.767188
vt 0.860152 0.775217
vt 0.872598 0.781328
vt 0.886839 0.785188
vt 0.570657 0.930991
vt 0.599012 0.924071
vt 0.643856 0.894534
vt 0.662075 0.864679
vt 0.674994 0.845914
vt 0.683964 0.835911
vt 0.886849 0.796168
vt 0.838482 0.782628
vt 0.787263 0.780612
vt 0.860295 0.789324
vt 0.874514 0.792489
vt 0.571539 0.938935
vt 0.601051 0.931212
vt 0.619010 0.923989
vt 0.677446 0.861297
vt 0.634310 0.913815
vt 0.660983 0.882061
vt 0.751630 0.790231
vt 0.700387 0.832911
vt 0.722079 0.810220
vt 0.649283 0.900485
vt 0.670610 0.870003
vt 0.683424 0.852318
vt 0.691673 0.842358
vt 0.717457 0.772027
vt 0.645456 0.707357
vt 0.679575 0.737676
vt 0.704798 0.758169
vt 0.628008 0.692631
vt 0.608062 0.683516
vt 0.597400 0.680948
vt 0.725220 0.781792
vt 0.591052 0.678124
vt 0.732102 0.790908
vt 0.737724 0.799027
vt 0.350480 0.904565
vt 0.346582 0.885541
vt 0.341786 0.864255
vt 0.357033 0.924089
vt 0.344381 0.849163
vt 0.343981 0.873535
vt 0.038934 0.045939
vt 0.610211 0.443320
vt 0.699903 0.424610
vt 0.625334 0.429552
vt 0.638334 0.423112
vt 0.607551 0.439834
vt 0.701123 0.420376
vt 0.675965 0.409704
vt 0.333626 0.874272
vt 0.331230 0.863493
vt 0.334195 0.844877
vt 0.338817 0.890704
vt 0.351522 0.927101
vt 0.344565 0.908291
vt 0.394887 0.879016
vt 0.402726 0.893444
vt 0.393450 0.860493
vt 0.399835 0.909235
vt 0.391577 0.848824
vt 0.393702 0.868311
vt 0.461578 0.895478
vt 0.473302 0.875945
vt 0.472743 0.844121
vt 0.464348 0.909757
vt 0.463964 0.831711
vt 0.477536 0.855138
vt 0.484775 0.897808
vt 0.488365 0.913700
vt 0.498059 0.874855
vt 0.494276 0.838024
vt 0.483400 0.823133
vt 0.500301 0.850577
vt 0.446163 0.877717
vt 0.448031 0.850580
vt 0.440730 0.838234
vt 0.448469 0.865147
vt 0.440202 0.894075
vt 0.442339 0.907911
vt 0.622232 0.425948
vt 0.353974 0.913993
vt 0.348605 0.916633
vt 0.343846 0.857036
vt 0.661872 0.411733
vt 0.331356 0.855495
vt 0.683783 0.705573
vt 0.566963 0.839948
vt 0.559977 0.879344
vt 0.362493 0.919667
vt 0.352077 0.849026
vt 0.352258 0.884684
vt 0.350005 0.872391
vt 0.350716 0.863289
vt 0.356820 0.902349
vt 0.372938 0.881385
vt 0.371019 0.862397
vt 0.371773 0.851347
vt 0.371484 0.870355
vt 0.379672 0.896557
vt 0.379252 0.912175
vt 0.416347 0.893803
vt 0.416792 0.908382
vt 0.412714 0.879283
vt 0.411836 0.857155
vt 0.408266 0.844587
vt 0.410556 0.867732
vt 0.360043 0.892436
vt 0.348494 0.895293
vt 0.342390 0.899595
vt 0.353828 0.893901
vt 0.638526 0.417289
vt 0.364542 0.909422
vt 0.358353 0.911982
vt 0.590411 0.820049
vt 0.746255 0.632607
vt 0.357216 0.856206
vt 0.350592 0.856596
vt 0.324310 0.864683
vt 0.326304 0.842927
vt 0.345696 0.928410
vt 0.338324 0.910425
vt 0.325856 0.875840
vt 0.331323 0.894613
vt 0.341577 0.919777
vt 0.322995 0.854255
vt 0.547567 0.905882
vt 0.334484 0.900915
vt 0.417524 0.826085
vt 0.427492 0.920143
vt 0.482689 0.799499
vt 0.491865 0.949430
vt 0.488532 0.793766
vt 0.496150 0.957114
vt 0.487578 0.783088
vt 0.506021 0.962776
vt 0.486872 0.777278
vt 0.509782 0.967462
vt 0.391501 0.838200
vt 0.399789 0.917071
vt 0.454169 0.818599
vt 0.462552 0.930041
vt 0.469669 0.810306
vt 0.478326 0.937912
vt 0.433537 0.825593
vt 0.442188 0.924902
vt 0.361558 0.929277
vt 0.348922 0.840603
vt 0.686579 0.409832
vt 0.342238 0.836808
vt 0.356776 0.934674
vt 0.380974 0.919972
vt 0.372343 0.842930
vt 0.405091 0.833703
vt 0.413133 0.920619
vt 0.369440 0.923276
vt 0.359959 0.840523
vt 0.364645 0.925793
vt 0.353811 0.840772
vt 0.335225 0.832532
vt 0.351174 0.939827
vt 0.630422 0.770381
vt 0.650025 0.744765
vt 0.715965 0.668185
vt 0.773577 0.626933
vt 0.782305 0.622297
vt 0.760380 0.629040
vt 0.792361 0.619321
vt 0.548631 0.919536
vt 0.566565 0.859015
vt 0.583365 0.830349
vt 0.600680 0.802352
vt 0.617959 0.784909
vt 0.665172 0.724980
vt 0.556544 0.934529
vt 0.560485 0.940900
vt 0.542114 0.877668
vt 0.547358 0.855019
vt 0.529279 0.903126
vt 0.547011 0.835912
vt 0.526812 0.919627
vt 0.584036 0.907719
vt 0.783163 0.678578
vt 0.621453 0.831401
vt 0.592432 0.887026
vt 0.605938 0.853904
vt 0.713580 0.731694
vt 0.652242 0.787923
vt 0.675614 0.764665
vt 0.739682 0.706999
vt 0.800971 0.668119
vt 0.811300 0.659193
vt 0.793470 0.673307
vt 0.814929 0.656057
vt 0.584526 0.917256
vt 0.599488 0.870093
vt 0.612622 0.841793
vt 0.632647 0.818156
vt 0.641759 0.800916
vt 0.586191 0.927491
vt 0.587499 0.935269
vt 0.693031 0.748453
vt 0.746065 0.544358
vt 0.617267 0.574970
vt 0.624282 0.532903
vt 0.716011 0.516127
vt 0.697269 0.452505
vt 0.627032 0.466091
vt 0.602372 0.433438
vt 0.705234 0.413131
vt 0.328493 0.904424
vt 0.052378 0.068062
vt 0.332652 0.913376
vt 0.041036 0.072236
vt 0.319237 0.877558
vt 0.058878 0.036879
vt 0.325823 0.897030
vt 0.058878 0.061230
vt 0.335235 0.921927
vt 0.030165 0.070642
vt 0.338857 0.930415
vt 0.021790 0.062705
vt 0.316970 0.853196
vt 0.035942 0.019798
vt 0.316842 0.866505
vt 0.051560 0.025319
vt 0.319281 0.842383
vt 0.023767 0.026172
vt 0.345677 0.946641
vt 0.326021 0.831312
vt 0.017831 0.040898
vt 0.045616 0.053738
vt 0.040462 0.056032
vt 0.048698 0.041736
vt 0.048988 0.048532
vt 0.034952 0.055264
vt 0.030291 0.051391
vt 0.036945 0.034983
vt 0.044100 0.036225
vt 0.030824 0.038537
vt 0.028435 0.045015
vt 0.675458 0.414300
vt 0.662506 0.416781
vt 0.686226 0.416146
vt 0.644438 0.434526
vt 0.627577 0.442099
vt 0.684393 0.427142
vt 0.664018 0.427408
vt 0.676214 0.425319
vt 0.696271 0.431075
vt 0.613409 0.449715
vt 0.646902 0.444337
vt 0.630669 0.450569
vt 0.685300 0.436969
vt 0.665112 0.437446
vt 0.676359 0.437435
vt 0.620164 0.455852
vt 0.696190 0.440110
vt 0.673102 0.482757
vt 0.656733 0.489624
vt 0.690719 0.477883
vt 0.639075 0.491628
vt 0.682974 0.479675
vt 0.629791 0.490353
vt 0.699166 0.476941
vt 0.679891 0.512407
vt 0.662713 0.519913
vt 0.700823 0.503164
vt 0.639583 0.516483
vt 0.693293 0.508157
vt 0.709052 0.499227
vt 0.627457 0.514617
vt 0.676109 0.496775
vt 0.660257 0.503244
vt 0.695477 0.491794
vt 0.639547 0.504180
vt 0.687491 0.493886
vt 0.629302 0.502557
vt 0.703497 0.488514
vt 0.643500 0.464341
vt 0.629074 0.418827
vt 0.650335 0.538354
vt 0.642144 0.591956
vt 0.617381 0.600035
vt 0.602745 0.605894
vt 0.596614 0.607177
vt 0.632302 0.425984
vt 0.631078 0.421983
vt 0.636499 0.440024
vt 0.638676 0.447567
vt 0.646621 0.490619
vt 0.650141 0.519238
vt 0.649112 0.504313
vt 0.626770 0.436011
vt 0.641781 0.429522
vt 0.685820 0.419469
vt 0.663485 0.421799
vt 0.676288 0.419763
vt 0.698919 0.427910
vt 0.612319 0.445922
vt 0.634798 0.433890
vt 0.788428 0.724042
vt 0.746210 0.667549
vt 0.769782 0.704769
vt 0.718018 0.616637
vt 0.658536 0.458082
vt 0.673287 0.532130
vt 0.687642 0.581022
vt 0.649580 0.411183
vt 0.698902 0.596895
vt 0.802533 0.748987
vt 0.808017 0.764733
vt 0.812463 0.780311
vt 0.734252 0.645890
vt 0.759678 0.687779
vt 0.650569 0.419882
vt 0.650781 0.415312
vt 0.654621 0.431587
vt 0.656238 0.441053
vt 0.664722 0.486716
vt 0.671226 0.516451
vt 0.667478 0.500503
vt 0.653299 0.425276
vt 0.715687 0.704592
vt 0.736974 0.731349
vt 0.677641 0.655033
vt 0.749256 0.747997
vt 0.757550 0.762021
vt 0.764048 0.773862
vt 0.769858 0.784578
vt 0.701531 0.686470
vt 0.727282 0.719301
vt 0.645046 0.653827
vt 0.621587 0.646606
vt 0.607748 0.644617
vt 0.598807 0.643200
vt 0.664577 0.650005
vt 0.646326 0.397866
vt 0.022744 0.322729
vt 0.633153 0.404329
vt 0.030778 0.309369
vt 0.675474 0.389491
vt 0.031097 0.352091
vt 0.660427 0.392375
vt 0.022744 0.338685
vt 0.624322 0.409290
vt 0.040640 0.305941
vt 0.615759 0.413304
vt 0.050308 0.308779
vt 0.594542 0.423334
vt 0.710320 0.400187
vt 0.057569 0.333204
vt 0.690485 0.391032
vt 0.046851 0.353237
vt 0.028813 0.324444
vt 0.034878 0.314097
vt 0.034396 0.346816
vt 0.028726 0.337170
vt 0.040942 0.311795
vt 0.045716 0.313219
vt 0.051305 0.332585
vt 0.043410 0.347369
vt 0.275978 0.097909
vt 0.280238 0.098792
vt 0.282791 0.102036
vt 0.278955 0.092399
vt 0.276985 0.092251
vt 0.286376 0.098307
vt 0.291021 0.092207
vt 0.280162 0.088490
vt 0.288200 0.096001
vt 0.277890 0.088174
vt 0.281442 0.086365
vt 0.280191 0.083443
vt 0.289555 0.093939
vt 0.278630 0.086043
vt 0.960915 0.653112
vt 0.283444 0.083379
vt 0.277878 0.102583
vt 0.949709 0.663709
vt 0.953682 0.661434
vt 0.955296 0.662661
vt 0.945895 0.657659
vt 0.948380 0.648595
vt 0.956842 0.658245
vt 0.947548 0.654287
vt 0.958549 0.659576
vt 0.958688 0.656330
vt 0.962554 0.655199
vt 0.947766 0.651173
vt 0.960965 0.657424
vt 0.957683 0.657357
vt 0.959493 0.654620
vt 0.955117 0.659841
vt 0.951832 0.662318
vt 0.280674 0.087526
vt 0.282385 0.085371
vt 0.279592 0.090627
vt 0.278564 0.094477
vt 0.278652 0.100890
vt 0.284156 0.099531
vt 0.286732 0.096947
vt 0.287628 0.095045
vt 0.288796 0.092824
vt 0.290046 0.090425
vt 0.950666 0.648239
vt 0.282381 0.105075
vt 0.946957 0.660716
vt 0.948102 0.656720
vt 0.948992 0.654188
vt 0.949352 0.651199
vt 0.948972 0.652498
vt 0.949982 0.649638
vt 0.948638 0.655368
vt 0.947468 0.659153
vt 0.288290 0.094013
vt 0.289426 0.091583
vt 0.287329 0.095919
vt 0.285516 0.098118
vt 0.281888 0.101761
vt 0.947465 0.653061
vt 0.952695 0.654389
vt 0.953854 0.651656
vt 0.951331 0.657472
vt 0.948975 0.661187
vt 0.281364 0.099437
vt 0.283002 0.095527
vt 0.283973 0.093691
vt 0.284403 0.091196
vt 0.286757 0.088505
vt 0.954732 0.650397
vt 0.280218 0.104907
vt 0.948393 0.662528
vt 0.950127 0.659593
vt 0.951811 0.655785
vt 0.952984 0.653330
vt 0.284027 0.091944
vt 0.286044 0.089597
vt 0.283720 0.094244
vt 0.282693 0.097832
vt 0.280548 0.102364
vt 0.945573 0.668071
vt 0.944633 0.665103
vt 0.275893 0.110937
vt 0.921692 0.669824
vt 0.287913 0.124031
vt 0.266600 0.118063
vt 0.971393 0.696195
vt 0.239759 0.095635
vt 0.276272 0.119289
vt 0.254647 0.109357
vt 0.257607 0.112667
vt 0.245985 0.101700
vt 0.282667 0.121947
vt 0.938298 0.685018
vt 0.931937 0.677213
vt 0.951422 0.690794
vt 0.948096 0.688821
vt 0.963086 0.694094
vt 0.926236 0.673180
vt 0.271455 0.118772
vt 0.934824 0.685640
vt 0.273299 0.118994
vt 0.277359 0.111545
vt 0.936289 0.682621
vt 0.940800 0.674385
vt 0.943047 0.664101
vt 0.938669 0.672717
vt 0.934151 0.680050
vt 0.269018 0.118414
vt 0.274000 0.110242
vt 0.281356 0.097181
s 1
usemtl MT01_HorseBody
f 681/821/1 669/808/2 4/5/3 407/497/4
f 683/823/5 568/683/6 6/8/7 671/811/8
f 682/822/9 514/608/10 8/10/11 673/813/12
f 688/828/13 629/763/14 10/12/15 674/814/16
f 423/513/17 377/465/18 44/50/19 418/508/20
f 428/519/21 425/516/22 41/47/23 37/43/24
f 584/701/25 569/684/26 13/16/27 358/442/28
f 421/511/29 354/437/30 12/14/31 414/504/32
f 357/441/33 355/439/34 18/21/35 11/13/36
f 672/812/37 670/810/38 17/20/39 3/4/40
f 1/1/41 16/19/42 24/28/43 19/22/44
f 413/503/45 2/2/46 23/26/47 415/505/48
f 567/682/49 570/685/50 20/23/51 5/7/52
f 564/679/53 562/677/54 21/24/55 7/9/56
f 498/592/57 494/588/58 22/25/59 506/600/60
f 477/571/61 473/567/62 28/32/63 25/29/64
f 555/669/65 486/580/66 32/37/67 358/442/28
f 676/816/68 59/70/69 26/30/70 675/815/71
f 476/570/72 474/568/73 35/40/74 350/432/75
f 346/428/76 352/435/77 30/35/78 31/36/79
f 420/510/80 351/433/81 29/33/82 416/506/83
f 583/700/84 571/686/85 32/37/67 347/429/86
f 563/678/87 565/680/88 33/38/89 348/430/90
f 497/591/91 495/589/92 34/39/93 349/431/94
f 558/672/95 485/579/96 39/45/97 426/517/98
f 589/706/99 572/687/100 38/44/101 427/518/102
f 436/528/103 424/514/104 36/41/105 417/507/106
f 586/703/107 573/688/108 15/18/109 381/470/110
f 557/671/111 545/658/112 43/49/113 382/471/114
f 380/469/115 378/467/116 45/52/117 27/31/118
f 418/508/20 44/50/19 49/56/119 419/509/120
f 573/688/108 574/689/121 47/54/122 15/18/109
f 545/658/112 546/659/123 46/53/124 43/49/113
f 27/31/118 45/52/117 50/58/125 48/55/126
f 61/72/127 60/71/128 42/48/129
f 693/833/130 696/837/131 52/61/132 54/63/133
f 552/666/134 275/344/135 57/67/136 547/660/137
f 700/841/138 548/662/139 55/64/140 694/834/141
f 701/842/142 575/690/143 53/62/144 692/832/145
f 699/840/146 695/835/147 51/59/148 408/498/149
f 677/817/150 88/109/151 711/856/152 708/850/153
f 678/818/154 96/118/155 59/70/69 676/816/68
f 426/517/98 39/45/97 63/74/156 429/520/157
f 43/49/113 46/53/124 65/76/158 64/75/159
f 382/471/114 43/49/113 64/75/159 383/472/160
f 434/526/161 271/339/162 67/79/163 430/521/164
f 288/357/165 289/358/166 69/83/167 68/81/168
f 387/477/169 288/357/165 68/81/168 384/473/170
f 580/696/171 274/343/172 70/85/173 576/691/174
f 274/343/172 277/346/175 72/89/176 70/85/173
f 407/497/4 4/5/3 71/87/177 409/499/178
f 409/499/178 71/87/177 74/92/179 410/500/180
f 277/346/175 278/347/181 77/96/182 72/89/176
f 278/347/181 279/348/183 78/98/184 77/96/182
f 236/298/185 237/299/186 81/102/187 80/101/188
f 246/308/189 238/300/190 76/95/191 98/120/192
f 639/774/193 236/298/185 80/101/188 637/772/194
f 627/760/195 239/301/196 79/100/197 625/758/198
f 243/305/199 244/306/200 87/108/201 86/107/202
f 242/304/203 243/305/199 86/107/202 85/106/204
f 241/303/205 242/304/203 85/106/204 84/105/206
f 579/695/207 241/303/205 84/105/206 577/693/208
f 551/665/209 240/302/210 82/103/211 549/663/212
f 710/854/213 245/307/214 89/110/215 715/865/216
f 685/825/217 483/577/218 88/109/151 677/817/150
f 656/794/219 648/785/220 93/114/221 479/573/222
f 659/797/223 647/784/224 90/111/225 632/766/226
f 650/787/227 649/786/228 91/112/229 92/113/230
f 648/785/220 712/858/231 713/860/232 93/114/221
f 702/843/233 707/849/234 94/115/235
f 706/848/236 280/349/237 95/116/238 703/844/239
f 593/713/240 93/114/221 713/860/232 714/862/241
f 447/540/242 479/573/222 93/114/221 593/713/240
f 640/776/243 591/709/244 91/112/229 638/773/245
f 591/709/244 590/708/246 92/113/230 91/112/229
f 237/299/186 246/308/189 98/120/192 81/102/187
f 673/813/12 8/10/11 96/118/155 678/818/154
f 94/115/235 97/119/247 60/71/128 61/72/127
f 280/349/237 281/350/248 99/121/249 95/116/238
f 107/134/250 81/102/187 110/139/251
f 654/792/252 291/361/253 101/125/254 651/788/255
f 650/787/227 92/113/230 107/135/250 652/790/256
f 590/707/246 81/102/187 107/134/250
f 94/115/235 61/72/127 108/136/257 106/133/258
f 702/843/233 94/115/235 106/133/258 704/846/259
f 383/472/160 64/75/159 104/131/260 385/475/261
f 64/75/159 65/76/158 102/129/262 104/131/260
f 429/520/157 63/74/156 103/130/263 431/523/264
f 287/356/265 56/65/266 109/137/267 283/352/268
f 282/351/269 283/352/268 109/137/267 100/123/270
f 81/102/187 98/120/192 111/140/271 110/139/251
f 138/176/272 107/134/250 110/139/251 134/172/273
f 98/120/192 76/95/191 111/140/271
f 250/312/274 223/284/275 113/143/276 247/309/277
f 225/287/278 219/278/279 115/146/280 140/179/281
f 406/496/282 222/282/283 112/141/284 161/204/285
f 254/317/286 230/292/287 117/149/288 253/315/289
f 322/399/290 318/394/291 121/157/292 215/274/293
f 221/281/294 220/280/295 146/185/296 183/238/297
f 319/396/298 324/401/299 120/155/300 141/180/301
f 1405/1624/302 1369/1587/303 123/160/304 1370/1588/305
f 300/372/306 296/367/307 124/161/308 217/276/309
f 297/369/310 1371/1589/311 142/181/312
f 323/400/313 319/396/298 141/180/301 285/354/314
f 292/362/315 225/287/278 140/179/281 284/353/316
f 291/360/253 138/176/272 134/172/273 282/351/269
f 110/139/251 111/140/271 139/178/317 134/172/273
f 76/95/191 131/169/318 139/178/317 111/140/271
f 652/790/256 107/135/250 138/177/272 653/791/319
f 106/133/258 108/136/257 133/171/320 132/170/321
f 704/846/259 106/133/258 132/170/321 705/847/322
f 86/107/202 87/108/201 130/168/323 129/167/324
f 85/106/204 86/107/202 129/167/324 128/166/325
f 84/105/206 85/106/204 128/166/325 127/165/326
f 577/693/208 84/105/206 127/165/326 578/694/327
f 385/475/261 104/131/260 135/173/328 386/476/329
f 104/131/260 102/129/262 136/174/330 135/173/328
f 431/523/264 103/130/263 126/164/331 432/524/332
f 549/663/212 82/103/211 125/163/333 550/664/334
f 299/371/335 298/370/336 147/189/337 198/256/338
f 202/261/339 200/258/340 146/186/296 220/279/295
f 321/398/341 320/397/342 143/182/343 196/254/344
f 249/311/345 199/257/346 229/291/347 248/310/348
f 199/257/346 201/260/349 160/203/350 229/291/347
f 230/292/287 218/277/351 116/147/352 117/149/288
f 223/284/275 226/288/353 159/201/354 113/143/276
f 73/91/355 157/199/356 158/200/357 75/94/358
f 17/20/39 149/191/359 157/199/356 73/91/355
f 696/837/131 697/838/360 156/198/361 52/61/132
f 45/52/117 154/196/362 155/197/363 50/58/125
f 425/516/22 433/525/364 153/195/365 41/47/23
f 352/435/77 353/436/366 152/194/367 30/35/78
f 16/19/42 148/190/368 151/193/369 24/28/43
f 355/439/34 359/443/370 150/192/371 18/21/35
f 378/467/116 379/468/372 154/196/362 45/52/117
f 670/810/38 679/819/373 149/191/359 17/20/39
f 189/247/374 167/214/375 166/212/376 187/245/377
f 213/272/378 204/263/379 165/210/380 187/244/377
f 206/265/381 169/218/382 164/209/383 203/262/384
f 188/246/385 170/219/386 163/208/387 186/243/388
f 205/264/389 168/216/390 165/210/380 204/263/379
f 212/271/391 171/220/392 168/216/390 205/264/389
f 195/253/393 182/237/394 170/219/386 188/246/385
f 209/268/395 179/234/396 169/218/382 206/265/381
f 192/250/397 176/230/398 167/214/375 189/247/374
f 185/241/399 160/202/350 174/226/400 190/248/401
f 190/248/401 174/226/400 175/228/402 191/249/403
f 191/249/403 175/228/402 176/230/398 192/250/397
f 201/260/349 159/201/354 177/232/404 207/266/405
f 207/266/405 177/232/404 178/233/406 208/267/407
f 208/267/407 178/233/406 179/234/396 209/268/395
f 184/240/408 161/204/285 180/235/409 193/251/410
f 193/251/410 180/235/409 181/236/411 194/252/412
f 194/252/412 181/236/411 182/237/394 195/253/393
f 202/261/339 162/206/413 173/224/414 210/269/415
f 210/269/415 173/224/414 172/222/416 211/270/417
f 211/270/417 172/222/416 171/220/392 212/271/391
f 178/233/406 194/252/412 195/253/393 179/234/396
f 177/232/404 193/251/410 194/252/412 178/233/406
f 159/201/354 184/240/408 193/251/410 177/232/404
f 172/223/416 191/249/403 192/250/397 171/221/392
f 173/225/414 190/248/401 191/249/403 172/223/416
f 162/205/413 185/241/399 190/248/401 173/225/414
f 171/221/392 192/250/397 189/247/374 168/217/390
f 179/234/396 195/253/393 188/246/385 169/218/382
f 169/218/382 188/246/385 186/243/388 164/209/383
f 203/262/384 213/272/378 187/244/377 166/213/376
f 168/217/390 189/247/374 187/245/377 165/211/380
f 218/277/351 221/281/294 183/238/297 116/147/352
f 164/209/383 186/243/388 213/272/378 203/262/384
f 181/236/411 211/270/417 212/271/391 182/237/394
f 180/235/409 210/269/415 211/270/417 181/236/411
f 328/407/418 202/261/339 210/269/415 180/235/409
f 175/229/402 208/267/407 209/268/395 176/231/398
f 174/227/400 207/266/405 208/267/407 175/229/402
f 160/203/350 201/260/349 207/266/405 174/227/400
f 176/231/398 209/268/395 206/265/381 167/215/375
f 182/237/394 212/271/391 205/264/389 170/219/386
f 170/219/386 205/264/389 204/263/379 163/208/387
f 167/215/375 206/265/381 203/262/384 166/213/376
f 186/243/388 163/208/387 204/263/379 213/272/378
f 113/143/276 159/201/354 201/260/349 199/257/346
f 247/309/277 113/143/276 199/257/346 249/311/345
f 324/401/299 321/398/341 196/254/344 120/155/300
f 328/407/418 327/405/419 200/258/340 202/261/339
f 198/256/338 123/160/304 1369/1587/303
f 75/94/358 158/200/357 226/288/353 223/284/275
f 185/242/399 221/281/294 218/277/351 252/314/420
f 251/313/421 252/314/420 218/277/351 230/292/287
f 202/261/339 220/279/295 162/206/413
f 298/370/336 300/372/306 217/276/309 147/189/337
f 185/242/399 162/207/413 220/280/295 221/281/294
f 320/397/342 322/399/290 215/274/293 143/182/343
f 235/297/422 233/295/423 214/273/424 234/296/425
f 279/348/183 130/168/323 225/287/278 292/362/315
f 130/168/323 87/108/201 219/278/279 225/287/278
f 244/306/200 75/94/358 223/284/275 250/312/274
f 410/500/180 74/92/179 222/282/283 406/496/282
f 231/293/426 216/275/427 227/289/428 326/404/429
f 232/294/430 144/183/431 228/290/432 248/310/348
f 233/295/423 145/184/433 229/291/347 251/313/421
f 234/296/425 214/273/424 230/292/287 254/317/286
f 231/293/426 235/297/422 234/296/425 216/275/427
f 144/183/431 232/294/430 235/297/422 231/293/426
f 232/294/430 145/184/433 233/295/423 235/297/422
f 87/108/201 244/306/200 250/312/274 219/278/279
f 115/146/280 247/309/277 249/311/345 197/255/434
f 197/255/434 249/311/345 248/310/348 228/290/432
f 219/278/279 250/312/274 247/309/277 115/146/280
f 59/70/69 96/118/155 246/308/189 237/299/186
f 711/856/152 88/109/151 245/307/214 710/854/213
f 514/608/10 6/8/7 240/302/210 551/665/209
f 568/683/6 3/4/40 241/303/205 579/695/207
f 3/4/40 17/20/39 242/304/203 241/303/205
f 17/20/39 73/91/355 243/305/199 242/304/203
f 73/91/355 75/94/358 244/306/200 243/305/199
f 626/759/435 10/12/15 239/301/196 627/760/195
f 635/770/436 26/30/70 236/298/185 639/774/193
f 96/118/155 8/10/11 238/300/190 246/308/189
f 26/30/70 59/70/69 237/299/186 236/298/185
f 229/291/347 160/203/350 252/314/420 251/313/421
f 160/203/350 185/242/399 252/314/420
f 214/273/424 233/295/423 251/313/421 230/292/287
f 145/184/433 232/294/430 248/310/348 229/291/347
f 227/289/428 254/317/286 253/315/289 119/153/437
f 216/275/427 234/296/425 254/317/286 227/289/428
f 217/276/309 124/161/308 257/321/438 261/326/439
f 260/325/440 256/320/441 1373/1591/442
f 1404/1623/443 1373/1591/442 256/320/441 1372/1590/444
f 147/189/337 217/276/309 261/326/439 259/324/445
f 198/256/338 147/189/337 259/324/445 260/325/440
f 1374/1592/446 258/323/447 286/355/448
f 261/326/439 257/321/438 264/330/449 268/335/450
f 259/324/445 261/326/439 268/335/450 266/333/451
f 1381/1599/452 1377/1595/453 265/332/454
f 260/325/440 259/324/445 266/333/451 267/334/455
f 1403/1622/456 1378/1596/457 263/329/458 1376/1594/459
f 267/334/455 263/329/458 1378/1596/457
f 273/342/460 268/335/450 264/330/449 272/340/461
f 1402/1621/462 1380/1598/463 269/336/464 1383/1602/465
f 272/340/461 269/336/464 1380/1598/463
f 273/342/460 276/345/466 1382/1600/467
f 1401/1620/468 1382/1600/467 276/345/466 1379/1597/469
f 267/334/455 266/333/451 268/335/450 273/342/460
f 122/158/470 286/355/448 293/363/471 255/318/472
f 78/98/184 279/348/183 292/362/315 224/285/473
f 101/126/254 291/360/253 282/351/269 100/123/270
f 224/285/473 292/362/315 284/353/316 114/144/474
f 325/402/475 323/400/313 285/354/314 118/152/476
f 294/364/477 301/373/478 286/355/448 122/158/470
f 134/172/273 139/178/317 283/352/268 282/351/269
f 131/169/318 287/356/265 283/352/268 139/178/317
f 653/791/319 138/177/272 291/361/253 654/792/252
f 132/170/321 133/171/320 281/350/248 280/349/237
f 705/847/322 132/170/321 280/349/237 706/848/236
f 129/167/324 130/168/323 279/348/183 278/347/181
f 128/166/325 129/167/324 278/347/181 277/346/175
f 127/165/326 128/166/325 277/346/175 274/343/172
f 578/694/327 127/165/326 274/343/172 580/696/171
f 386/476/329 135/173/328 288/357/165 387/477/169
f 135/173/328 136/174/330 289/358/166 288/357/165
f 432/524/332 126/164/331 271/339/162 434/526/161
f 550/664/334 125/163/333 275/344/135 552/666/134
f 293/363/471 270/338/479 1375/1593/480
f 302/374/481 309/383/482 301/373/478 294/364/477
f 306/380/483 308/382/484 300/372/306 298/370/336
f 303/376/485 307/381/486 299/371/335 295/366/487
f 307/381/486 306/380/483 298/370/336 299/371/335
f 309/383/482 305/379/488 297/369/310 301/373/478
f 308/382/484 304/377/489 296/367/307 300/372/306
f 1472/1695/490 303/376/485 295/366/487 1384/1603/491
f 1471/1694/492 1449/1671/493 303/376/485 1472/1695/490
f 1454/1677/494 1450/1673/495 304/377/489 308/382/484
f 1455/1678/496 1451/1674/497 305/379/488 309/383/482
f 1453/1676/498 1452/1675/499 306/380/483 307/381/486
f 1449/1671/493 1453/1676/498 307/381/486 303/376/485
f 1452/1675/499 1454/1677/494 308/382/484 306/380/483
f 1448/1670/500 1455/1678/496 309/383/482 302/374/481
f 114/144/474 284/353/316 317/393/501 312/387/502
f 326/404/429 227/289/428 316/392/503
f 115/146/280 197/255/434 315/391/504 310/384/505
f 197/255/434 228/290/432 314/390/506 315/391/504
f 284/353/316 140/179/281 313/389/507 317/393/501
f 140/179/281 115/146/280 310/384/505 313/389/507
f 227/289/428 119/153/437 311/385/508 316/392/503
f 312/387/502 317/393/501 323/400/313 325/402/475
f 314/390/506 316/392/503 322/399/290 320/397/342
f 310/384/505 315/391/504 321/398/341 324/401/299
f 315/391/504 314/390/506 320/397/342 321/398/341
f 317/393/501 313/389/507 319/396/298 323/400/313
f 313/389/507 310/384/505 324/401/299 319/396/298
f 316/392/503 311/385/508 318/394/291 322/399/290
f 144/183/431 231/293/426 326/404/429 228/290/432
f 228/290/432 326/404/429 316/392/503 314/390/506
f 161/204/285 112/141/284 327/405/419 328/407/418
f 161/204/285 328/407/418 180/235/409
f 588/705/509 411/501/510 330/410/511 581/697/512
f 413/503/45 412/502/513 329/408/514 2/2/46
f 16/19/42 1/1/41 332/413/515 148/190/368
f 567/682/49 5/7/52 331/412/516 582/699/517
f 498/592/57 9/11/518 511/605/519
f 477/571/61 25/29/64 335/416/520 478/572/521
f 564/679/53 7/9/56 333/414/522 566/681/523
f 503/597/524 35/40/74 339/421/525 504/598/526
f 470/564/527 33/38/89 337/419/528 471/565/529
f 356/440/530 14/17/531 62/73/532 360/444/533
f 541/650/534 504/598/526 339/421/525 527/621/535
f 535/639/536 471/565/529 337/419/528 528/623/537
f 530/629/538 528/623/537 337/419/528 341/423/539
f 66/77/540 365/450/541 363/447/542 290/359/543
f 531/631/544 530/629/538 341/423/539 343/425/545
f 360/444/533 361/445/546 341/423/539 337/419/528
f 532/633/547 531/631/544 343/425/545 345/427/548
f 361/445/546 362/446/549 343/425/545 341/423/539
f 345/427/548 363/447/542 365/450/541 364/448/550
f 362/446/549 363/447/542 345/427/548 343/425/545
f 24/28/43 151/193/369 353/436/366 352/435/77
f 494/588/58 497/591/91 349/431/94 22/25/59
f 562/677/54 563/678/87 348/430/90 21/24/55
f 570/685/50 583/700/84 347/429/86 20/23/51
f 415/505/48 23/26/47 351/433/81 420/510/80
f 19/22/44 24/28/43 352/435/77 346/428/76
f 473/567/62 476/570/72 350/432/75 28/32/63
f 137/175/551 290/359/543 363/447/542 362/446/549
f 105/132/552 137/175/551 362/446/549 361/445/546
f 62/73/532 105/132/552 361/445/546 360/444/533
f 33/38/89 356/440/530 360/444/533 337/419/528
f 30/35/78 152/194/367 359/443/370 355/439/34
f 513/607/553 555/669/65 358/442/28 13/16/27
f 31/36/79 30/35/78 355/439/34 357/441/33
f 416/506/83 29/33/82 354/437/30 421/511/29
f 571/686/85 584/701/25 358/442/28 32/37/67
f 137/175/551 374/462/554 376/464/555 290/359/543
f 529/625/556 532/633/547 345/427/548 364/448/550
f 18/21/35 150/192/371 375/463/557 370/457/558
f 105/132/552 373/461/559 374/462/554 137/175/551
f 62/73/532 371/458/560 373/461/559 105/132/552
f 290/359/543 376/464/555 372/459/561 66/77/540
f 14/17/531 368/454/562 371/458/560 62/73/532
f 11/13/36 18/21/35 370/457/558 366/452/563
f 513/607/553 556/670/564 368/454/562 14/17/531
f 569/684/26 585/702/565 367/453/566 13/16/27
f 414/504/32 12/14/31 369/455/567 422/512/568
f 374/462/554 386/476/329 387/477/169 376/464/555
f 370/457/558 375/463/557 379/468/372 378/467/116
f 373/461/559 385/475/261 386/476/329 374/462/554
f 371/458/560 383/472/160 385/475/261 373/461/559
f 376/464/555 387/477/169 384/473/170 372/459/561
f 368/454/562 382/471/114 383/472/160 371/458/560
f 366/452/563 370/457/558 378/467/116 380/469/115
f 556/670/564 557/671/111 382/471/114 368/454/562
f 585/702/565 586/703/107 381/470/110 367/453/566
f 422/512/568 369/455/567 377/465/18 423/513/17
f 375/463/557 404/494/569 405/495/570 379/468/372
f 150/192/371 390/480/571 404/494/569 375/463/557
f 152/194/367 392/482/572 403/493/573 359/443/370
f 151/193/369 391/481/574 402/492/575 353/436/366
f 148/190/368 332/413/515 401/491/576 388/478/577
f 582/699/517 331/412/516 400/490/578 587/704/579
f 158/200/357 398/488/580 399/489/581 226/288/353
f 157/199/356 397/487/582 398/488/580 158/200/357
f 149/191/359 389/479/583 397/487/582 157/199/356
f 697/838/360 698/839/584 396/486/585 156/198/361
f 154/196/362 394/484/586 395/485/587 155/197/363
f 433/525/364 435/527/588 393/483/589 153/195/365
f 353/436/366 402/492/575 392/482/572 152/194/367
f 148/190/368 388/478/577 391/481/574 151/193/369
f 359/443/370 403/493/573 390/480/571 150/192/371
f 379/468/372 405/495/570 394/484/586 154/196/362
f 679/819/373 680/820/590 389/479/583 149/191/359
f 226/288/353 399/489/581 184/240/408 159/201/354
f 399/489/581 406/496/282 161/204/285 184/240/408
f 397/487/582 409/499/178 410/500/180 398/488/580
f 389/479/583 407/497/4 409/499/178 397/487/582
f 680/820/590 681/821/1 407/497/4 389/479/583
f 398/488/580 410/500/180 406/496/282 399/489/581
f 566/681/523 333/414/522 340/422/591
f 561/676/592 344/426/593 336/417/594 559/673/595
f 560/675/596 342/424/597 344/426/593 561/676/592
f 587/704/579 400/490/578 411/501/510 588/705/509
f 404/494/569 422/512/568 423/513/17 405/495/570
f 390/480/571 414/504/32 422/512/568 404/494/569
f 392/482/572 416/506/83 421/511/29 403/493/573
f 391/481/574 415/505/48 420/510/80 402/492/575
f 394/484/586 418/508/20 419/509/120 395/485/587
f 435/527/588 436/528/103 417/507/106 393/483/589
f 402/492/575 420/510/80 416/506/83 392/482/572
f 388/478/577 413/503/45 415/505/48 391/481/574
f 403/493/573 421/511/29 414/504/32 390/480/571
f 405/495/570 423/513/17 418/508/20 394/484/586
f 388/478/577 401/491/576 412/502/513 413/503/45
f 698/839/584 699/840/146 408/498/149 396/486/585
f 395/485/587 419/509/120 436/528/103 435/527/588
f 155/197/363 395/485/587 435/527/588 433/525/364
f 136/174/330 432/524/332 434/526/161 289/358/166
f 50/58/125 155/197/363 433/525/364 425/516/22
f 102/129/262 431/523/264 432/524/332 136/174/330
f 65/76/158 429/520/157 431/523/264 102/129/262
f 289/358/166 434/526/161 430/521/164 69/83/167
f 46/53/124 426/517/98 429/520/157 65/76/158
f 419/509/120 49/56/119 424/514/104 436/528/103
f 574/689/121 589/706/99 427/518/102 47/54/122
f 546/659/123 558/672/95 426/517/98 46/53/124
f 48/55/126 50/58/125 425/516/22 428/519/21
f 490/584/598 491/585/599 442/534/600 438/530/601
f 543/654/602 488/582/603 440/532/604 537/643/605
f 491/585/599 492/586/606 439/531/607 442/534/600
f 512/606/608 493/587/609 437/529/610 480/574/611
f 509/603/612 490/584/598 438/530/601 507/601/613
f 516/610/614 489/583/615 441/533/616 482/576/617
f 521/615/618 517/611/619 601/729/620 596/719/621
f 524/618/622 518/612/623 602/731/624 600/727/625
f 522/616/626 521/615/618 596/719/621 597/721/627
f 544/657/628 519/613/629 599/725/630 603/733/631
f 523/617/632 520/614/633 595/717/634 598/723/635
f 526/620/636 522/616/626 597/721/627 594/715/637
f 507/601/613 438/530/601 452/546/638 508/602/639
f 480/574/611 437/529/610 454/548/640 481/575/641
f 537/643/605 440/532/604 453/547/642 539/647/643
f 438/530/601 442/534/600 449/543/644 452/546/638
f 482/576/617 441/533/616 451/545/645 484/578/646
f 442/534/600 439/531/607 450/544/647 449/543/644
f 502/596/648 505/599/649 460/554/650 455/549/651
f 540/649/652 496/590/653 459/553/654 533/635/655
f 495/589/92 457/551/656 459/553/654 496/590/653
f 500/594/657 456/550/658 458/552/659 501/595/660
f 505/599/649 503/597/524 457/551/656 460/554/650
f 500/594/657 502/596/648 455/549/651 456/550/658
f 469/563/661 472/566/662 466/560/663 462/556/664
f 536/641/665 475/569/666 465/559/667 534/637/668
f 474/568/73 463/557/669 465/559/667 475/569/666
f 467/561/670 461/555/671 464/558/672 468/562/673
f 472/566/662 470/564/527 463/557/669 466/560/663
f 467/561/670 469/563/661 462/556/664 461/555/671
f 7/9/56 21/24/55 469/563/661 467/561/670
f 348/430/90 33/38/89 470/564/527 472/566/662
f 7/9/56 467/561/670 468/562/673 333/414/522
f 21/24/55 348/430/90 472/566/662 469/563/661
f 534/637/668 465/559/667 471/565/529 535/639/536
f 463/557/669 470/564/527 471/565/529 465/559/667
f 35/40/74 474/568/73 475/569/666 339/421/525
f 527/621/535 339/421/525 475/569/666 536/641/665
f 462/556/664 466/560/663 476/570/72 473/567/62
f 461/555/671 477/571/61 478/572/521 464/558/672
f 466/560/663 463/557/669 474/568/73 476/570/72
f 461/555/671 462/556/664 473/567/62 477/571/61
f 440/532/604 480/574/611 481/575/641 453/547/642
f 519/613/629 523/617/632 598/723/635 599/725/630
f 439/531/607 482/576/617 484/578/646 450/544/647
f 517/611/619 524/618/622 600/727/625 601/729/620
f 441/533/616 537/644/605 539/646/643 451/545/645
f 518/612/623 544/656/628 603/734/631 602/731/624
f 506/600/60 22/25/59 490/584/598 509/603/612
f 349/431/94 34/39/93 492/586/606 491/585/599
f 22/25/59 349/431/94 491/585/599 490/584/598
f 515/609/674 338/420/675 489/583/615 516/610/614
f 542/652/676 334/415/677 488/582/603 543/654/602
f 511/605/519 9/11/518 493/587/609 512/606/608
f 495/589/92 496/590/653 338/420/675 515/609/674
f 5/7/52 525/619/678 553/667/679 331/412/516
f 455/549/651 460/554/650 497/591/91 494/588/58
f 456/550/658 498/592/57 499/593/680 458/552/659
f 460/554/650 457/551/656 495/589/92 497/591/91
f 456/550/658 455/549/651 494/588/58 498/592/57
f 25/29/64 28/32/63 502/596/648 500/594/657
f 350/432/75 35/40/74 503/597/524 505/599/649
f 25/29/64 500/594/657 501/595/660 335/416/520
f 28/32/63 350/432/75 505/599/649 502/596/648
f 533/635/655 459/553/654 504/598/526 541/650/534
f 457/551/656 503/597/524 504/598/526 459/553/654
f 9/11/518 506/600/60 509/603/612 493/587/609
f 437/529/610 507/601/613 508/602/639 454/548/640
f 493/587/609 509/603/612 507/601/613 437/529/610
f 520/614/633 526/620/636 594/715/637 595/717/634
f 334/415/677 511/605/519 512/606/608 488/582/603
f 488/582/603 512/606/608 480/574/611 440/532/604
f 338/420/675 542/653/676 543/655/602 489/583/615
f 489/583/615 543/655/602 537/644/605 441/533/616
f 34/39/93 515/609/674 516/610/614 492/586/606
f 492/586/606 516/610/614 482/576/617 439/531/607
f 454/548/640 508/602/639 526/620/636 520/614/633
f 451/545/645 539/646/643 544/656/628 518/612/623
f 450/544/647 484/578/646 524/618/622 517/611/619
f 453/547/642 481/575/641 523/617/632 519/613/629
f 508/602/639 452/546/638 522/616/626 526/620/636
f 481/575/641 454/548/640 520/614/633 523/617/632
f 539/647/643 453/547/642 519/613/629 544/657/628
f 452/546/638 449/543/644 521/615/618 522/616/626
f 484/578/646 451/545/645 518/612/623 524/618/622
f 449/543/644 450/544/647 517/611/619 521/615/618
f 131/169/318 550/664/334 552/666/134 287/356/265
f 34/39/93 495/589/92 515/609/674
f 9/11/518 498/592/57 506/600/60
f 499/593/680 498/592/57 511/605/519 334/415/677
f 334/415/677 542/652/676 540/648/652 499/593/680
f 20/23/51 347/429/86 554/668/681 487/581/682
f 458/552/659 533/636/655 541/651/534 501/595/660
f 14/17/531 356/440/530 555/669/65 513/607/553
f 335/416/520 527/622/535 536/642/665 478/572/521
f 464/558/672 534/638/668 535/640/536 468/562/673
f 478/572/521 536/642/665 534/638/668 464/558/672
f 499/593/680 540/648/652 533/636/655 458/552/659
f 13/16/27 367/453/566 556/670/564 513/607/553
f 367/453/566 381/470/110 557/671/111 556/670/564
f 47/54/122 427/518/102 558/672/95 546/659/123
f 336/417/594 344/426/593 532/634/547 529/626/556
f 344/426/593 342/424/597 531/632/544 532/634/547
f 342/424/597 340/422/591 530/630/538 531/632/544
f 340/422/591 333/414/522 528/624/537 530/630/538
f 468/562/673 535/640/536 528/624/537 333/414/522
f 501/595/660 541/651/534 527/622/535 335/416/520
f 542/653/676 338/420/675 496/590/653 540/649/652
f 8/10/11 514/608/10 551/665/209 238/300/190
f 76/95/191 549/663/212 550/664/334 131/169/318
f 238/300/190 551/665/209 549/663/212 76/95/191
f 692/832/145 53/62/144 548/662/139 700/841/138
f 287/356/265 552/666/134 547/660/137 56/65/266
f 15/18/109 47/54/122 546/659/123 545/658/112
f 381/470/110 15/18/109 545/658/112 557/671/111
f 427/518/102 38/44/101 485/579/96 558/672/95
f 347/429/86 32/37/67 486/580/66 554/668/681
f 356/440/530 33/38/89 565/680/88
f 5/7/52 20/23/51 487/581/682 525/619/678
f 671/811/8 6/8/7 514/608/10 682/822/9
f 400/490/578 560/675/596 561/676/592 411/501/510
f 411/501/510 561/676/592 559/673/595 330/410/511
f 331/412/516 553/667/679 560/675/596 400/490/578
f 487/581/682 554/668/681 563/678/87 562/677/54
f 525/619/678 487/581/682 562/677/54 564/679/53
f 554/668/681 486/580/66 565/680/88 563/678/87
f 555/669/65 356/440/530 565/680/88 486/580/66
f 525/619/678 564/679/53 566/681/523 553/667/679
f 553/667/679 566/681/523 340/422/591 342/424/597
f 560/675/596 553/667/679 342/424/597
f 48/55/126 428/519/21 589/706/99 574/689/121
f 401/491/576 587/704/579 588/705/509 412/502/513
f 332/413/515 582/699/517 587/704/579 401/491/576
f 366/452/563 380/469/115 586/703/107 585/702/565
f 11/13/36 366/452/563 585/702/565 569/684/26
f 31/36/79 357/441/33 584/701/25 571/686/85
f 19/22/44 346/428/76 583/700/84 570/685/50
f 1/1/41 567/682/49 582/699/517 332/413/515
f 412/502/513 588/705/509 581/697/512 329/408/514
f 125/163/333 578/694/327 580/696/171 275/344/135
f 6/8/7 568/683/6 579/695/207 240/302/210
f 82/103/211 577/693/208 578/694/327 125/163/333
f 240/302/210 579/695/207 577/693/208 82/103/211
f 275/344/135 580/696/171 576/691/174 57/67/136
f 693/833/130 54/63/133 575/690/143 701/842/142
f 27/31/118 48/55/126 574/689/121 573/688/108
f 380/469/115 27/31/118 573/688/108 586/703/107
f 428/519/21 37/43/24 572/687/100 589/706/99
f 346/428/76 31/36/79 571/686/85 583/700/84
f 1/1/41 19/22/44 570/685/50 567/682/49
f 357/441/33 11/13/36 569/684/26 584/701/25
f 672/812/37 3/4/40 568/683/6 683/823/5
f 80/101/188 81/102/187 590/707/246 591/710/244
f 637/772/194 80/101/188 591/710/244 640/775/243
f 538/645/683 447/541/242 593/714/240 89/110/215
f 89/110/215 593/714/240 714/863/241 715/865/216
f 92/113/230 590/708/246 107/135/250
f 667/806/684 662/800/685 445/538/686 444/536/687
f 604/736/688 605/737/689 595/718/634 594/716/637
f 606/738/690 607/739/691 597/722/627 596/720/621
f 608/740/692 609/741/693 599/726/630 598/724/635
f 610/742/694 611/743/695 601/730/620 600/728/625
f 611/743/695 606/738/690 596/720/621 601/730/620
f 605/737/689 608/740/692 598/724/635 595/718/634
f 612/744/696 610/742/694 600/728/625 602/732/624
f 607/739/691 604/736/688 594/716/637 597/722/627
f 609/741/693 613/745/697 603/735/631 599/726/630
f 613/745/697 612/744/696 602/732/624 603/735/631
f 443/535/698 605/737/689 604/736/688
f 443/535/698 607/739/691 606/738/690
f 443/535/698 609/741/693 608/740/692
f 443/535/698 611/743/695 610/742/694
f 443/535/698 606/738/690 611/743/695
f 443/535/698 608/740/692 605/737/689
f 443/535/698 610/742/694 612/744/696
f 443/535/698 604/736/688 607/739/691
f 443/535/698 613/745/697 609/741/693
f 443/535/698 612/744/696 613/745/697
f 664/802/699 667/805/684 444/537/687 616/748/700
f 245/307/214 448/542/701 538/645/683 89/110/215
f 684/824/702 615/747/703 483/577/218 685/825/217
f 655/793/704 656/794/219 479/573/222 445/538/686
f 444/536/687 445/538/686 479/573/222 447/540/242
f 88/109/151 483/577/218 448/542/701 245/307/214
f 616/748/700 444/537/687 447/541/242 538/645/683
f 668/807/705 655/793/704 445/538/686 662/800/685
f 691/831/706 665/803/707 615/747/703 684/824/702
f 483/577/218 615/747/703 614/746/708 448/542/701
f 448/542/701 614/746/708 616/748/700 538/645/683
f 687/827/709 626/759/435 620/752/710 686/826/711
f 658/796/712 657/795/713 618/750/714 624/757/715
f 625/758/198 628/762/716 622/754/717 619/751/718
f 628/761/716 624/757/715 618/750/714 622/755/717
f 665/803/707 620/752/710 621/753/719 666/804/720
f 666/804/720 621/753/719 619/751/718 664/802/699
f 592/712/721 90/111/225 624/757/715 628/761/716
f 79/100/197 592/711/721 628/762/716 625/758/198
f 647/784/224 658/796/712 624/757/715 90/111/225
f 674/814/16 10/12/15 626/759/435 687/827/709
f 620/752/710 626/759/435 627/760/195 621/753/719
f 621/753/719 627/760/195 625/758/198 619/751/718
f 79/100/197 631/765/722 634/769/723 592/711/721
f 10/12/15 629/763/14 633/767/724 239/301/196
f 592/712/721 634/768/723 632/766/226 90/111/225
f 661/799/725 659/797/223 632/766/226 644/780/726
f 239/301/196 633/767/724 631/765/722 79/100/197
f 690/830/727 641/777/728 629/763/14 688/828/13
f 675/815/71 26/30/70 635/770/436 689/829/729
f 649/786/228 660/798/730 638/773/245 91/112/229
f 643/779/731 637/772/194 640/775/243 646/783/732
f 641/777/728 635/770/436 639/774/193 645/781/733
f 646/782/732 640/776/243 638/773/245 644/780/726
f 645/781/733 639/774/193 637/772/194 643/779/731
f 633/767/724 645/781/733 643/779/731 631/765/722
f 634/768/723 646/782/732 644/780/726 632/766/226
f 629/763/14 641/777/728 645/781/733 633/767/724
f 631/765/722 643/779/731 646/783/732 634/769/723
f 689/829/729 635/770/436 641/777/728 690/830/727
f 660/798/730 661/799/725 644/780/726 638/773/245
f 636/771/734 642/778/735 661/799/725 660/798/730
f 42/48/129 636/771/734 660/798/730 649/786/228
f 642/778/735 630/764/736 659/797/223 661/799/725
f 40/46/737 623/756/738 658/796/712 647/784/224
f 623/756/738 617/749/739 657/795/713 658/796/712
f 663/801/740 446/539/741 655/793/704 668/807/705
f 446/539/741 510/604/742 656/794/219 655/793/704
f 133/171/320 653/791/319 654/792/252 281/350/248
f 108/136/257 652/790/256 653/791/319 133/171/320
f 61/72/127 650/787/227 652/790/256 108/136/257
f 281/350/248 654/792/252 651/788/255 99/121/249
f 83/104/743 709/852/744 712/858/231 648/785/220
f 61/72/127 42/48/129 649/786/228 650/787/227
f 630/764/736 40/46/737 647/784/224 659/797/223
f 510/604/742 83/104/743 648/785/220 656/794/219
f 617/749/739 663/801/740 668/807/705 657/795/713
f 614/746/708 666/804/720 664/802/699 616/748/700
f 615/747/703 665/803/707 666/804/720 614/746/708
f 686/826/711 620/752/710 665/803/707 691/831/706
f 657/795/713 668/807/705 662/800/685 618/750/714
f 619/751/718 622/754/717 667/805/684 664/802/699
f 622/755/717 618/750/714 662/800/685 667/806/684
f 617/749/739 686/826/711 691/831/706 663/801/740
f 636/771/734 689/829/729 690/830/727 642/778/735
f 42/48/129 675/815/71 689/829/729 636/771/734
f 642/778/735 690/830/727 688/828/13 630/764/736
f 40/46/737 674/814/16 687/827/709 623/756/738
f 623/756/738 687/827/709 686/826/711 617/749/739
f 663/801/740 691/831/706 684/824/702 446/539/741
f 446/539/741 684/824/702 685/825/217 510/604/742
f 54/63/133 672/812/37 683/823/5 575/690/143
f 53/62/144 671/811/8 682/822/9 548/662/139
f 396/486/585 408/498/149 681/821/1 680/820/590
f 156/198/361 396/486/585 680/820/590 679/819/373
f 52/61/132 156/198/361 679/819/373 670/810/38
f 55/64/140 673/813/12 678/818/154 97/119/247
f 510/604/742 685/825/217 677/817/150 83/104/743
f 97/119/247 678/818/154 676/816/68 60/71/128
f 83/104/743 677/817/150 708/850/153 709/852/744
f 60/71/128 676/816/68 675/815/71 42/48/129
f 54/63/133 52/61/132 670/810/38 672/812/37
f 630/764/736 688/828/13 674/814/16 40/46/737
f 548/662/139 682/822/9 673/813/12 55/64/140
f 575/690/143 683/823/5 671/811/8 53/62/144
f 408/498/149 51/59/148 669/808/2 681/821/1
f 37/43/24 693/833/130 701/842/142 572/687/100
f 38/44/101 692/832/145 700/841/138 485/579/96
f 393/483/589 417/507/106 699/840/146 698/839/584
f 153/195/365 393/483/589 698/839/584 697/838/360
f 41/47/23 153/195/365 697/838/360 696/837/131
f 417/507/106 36/41/105 695/835/147 699/840/146
f 572/687/100 701/842/142 692/832/145 38/44/101
f 485/579/96 700/841/138 694/834/141 39/45/97
f 37/43/24 41/47/23 696/837/131 693/833/130
f 126/164/331 705/847/322 706/848/236 271/339/162
f 103/130/263 704/846/259 705/847/322 126/164/331
f 63/74/156 702/843/233 704/846/259 103/130/263
f 271/339/162 706/848/236 703/844/239 67/79/163
f 63/74/156 39/45/97 707/849/234 702/843/233
f 39/45/97 694/834/141 707/849/234
f 55/64/140 94/115/235 694/834/141
f 716/867/745 717/868/746 709/853/744 708/851/153
f 718/869/747 719/870/748 711/857/152 710/855/213
f 720/871/749 721/872/750 713/861/232 712/859/231
f 721/872/750 722/873/751 714/864/241 713/861/232
f 723/874/752 718/869/747 710/855/213 715/866/216
f 722/873/751 723/874/752 715/866/216 714/864/241
f 717/868/746 720/871/749 712/859/231 709/853/744
f 719/870/748 716/867/745 708/851/153 711/857/152
f 58/69/753 717/868/746 716/867/745
f 58/69/753 719/870/748 718/869/747
f 58/69/753 721/872/750 720/871/749
f 58/69/753 722/873/751 721/872/750
f 58/69/753 718/869/747 723/874/752
f 58/69/753 723/874/752 722/873/751
f 58/69/753 720/871/749 717/868/746
f 58/69/753 716/867/745 719/870/748
f 1328/1537/754 1063/1233/755 4/6/3 669/809/2
f 1330/1539/756 1318/1527/757 727/878/758 1219/1407/759
f 1329/1538/760 1320/1529/761 729/880/762 1168/1340/763
f 1335/1544/764 1321/1530/765 731/882/766 1278/1483/767
f 1079/1249/768 1074/1244/769 44/51/19 377/466/18
f 1083/1253/770 754/905/771 758/909/772 1080/1250/773
f 1233/1421/774 1020/1190/775 733/884/776 1220/1408/777
f 1077/1247/778 1070/1240/779 12/15/31 354/438/30
f 1019/1189/780 732/883/781 738/889/782 1017/1187/783
f 1319/1528/784 725/876/785 737/888/786 1317/1526/787
f 724/875/788 739/890/789 743/894/790 736/887/791
f 1069/1239/792 1071/1241/793 23/27/47 2/3/46
f 1218/1406/794 726/877/795 740/891/796 1221/1409/797
f 1215/1403/798 728/879/799 741/892/800 1213/1401/801
f 1152/1324/802 1160/1332/803 742/893/804 1148/1320/805
f 1131/1303/806 744/895/807 747/898/808 1127/1299/809
f 1207/1395/810 1020/1190/775 750/901/811 1140/1312/812
f 1323/1532/813 1322/1531/814 745/896/815 771/922/816
f 1130/1302/817 1014/1184/818 753/904/819 1128/1300/820
f 1010/1180/821 749/900/822 748/899/823 1015/1185/824
f 1076/1246/825 1072/1242/826 29/34/82 351/434/81
f 1232/1420/827 1011/1181/828 750/901/811 1222/1410/829
f 1214/1402/830 1012/1182/831 751/902/832 1216/1404/833
f 1151/1323/834 1013/1183/835 752/903/836 1149/1321/837
f 1210/1398/838 1081/1251/839 756/907/840 1139/1311/841
f 1238/1426/842 1082/1252/843 755/906/844 1223/1411/845
f 1090/1260/846 1073/1243/847 36/42/105 424/515/104
f 1235/1423/848 1038/1208/849 735/886/850 1224/1412/851
f 1209/1397/852 1039/1209/853 760/911/854 1198/1386/855
f 1037/1207/856 746/897/857 761/912/858 1035/1205/859
f 1074/1244/769 1075/1245/860 49/57/119 44/51/19
f 1224/1412/851 735/886/850 763/914/861 1225/1413/862
f 1198/1386/855 760/911/854 762/913/863 1199/1387/864
f 746/897/857 764/915/865 765/916/866 761/912/858
f 773/924/867 759/910/868 772/923/869
f 1340/1549/870 768/919/871 766/917/872 1342/1551/873
f 1204/1392/874 547/661/137 57/68/136 951/1120/875
f 1346/1555/876 1341/1550/877 769/920/878 1200/1388/879
f 1347/1556/880 1339/1548/881 767/918/882 1226/1414/883
f 1345/1554/884 1064/1234/885 51/60/148 695/836/147
f 1324/1533/886 1353/1562/887 1356/1568/888 790/941/889
f 1325/1534/890 1323/1532/813 771/922/816 797/948/891
f 1081/1251/839 1084/1254/892 775/926/893 756/907/840
f 760/911/854 776/927/894 777/928/895 762/913/863
f 1039/1209/853 1040/1210/896 776/927/894 760/911/854
f 1088/1258/897 430/522/164 67/80/163 948/1117/898
f 964/1133/899 68/82/168 69/84/167 965/1134/900
f 1043/1213/901 384/474/170 68/82/168 964/1133/899
f 1230/1418/902 576/692/174 70/86/173 950/1119/903
f 950/1119/903 70/86/173 72/90/176 953/1122/904
f 1063/1233/755 1065/1235/905 71/88/177 4/6/3
f 1065/1235/905 1066/1236/906 74/93/179 71/88/177
f 953/1122/904 72/90/176 77/97/182 954/1123/907
f 954/1123/907 77/97/182 78/99/184 955/1124/908
f 919/1088/909 782/933/910 783/934/911 920/1089/912
f 929/1098/913 799/950/914 780/931/915 921/1090/916
f 1288/1494/917 1286/1492/918 782/933/910 919/1088/909
f 1276/1480/919 1274/1478/920 781/932/921 922/1091/922
f 926/1095/923 788/939/924 789/940/925 927/1096/926
f 925/1094/927 787/938/928 788/939/924 926/1095/923
f 924/1093/929 786/937/930 787/938/928 925/1094/927
f 1229/1417/931 1227/1415/932 786/937/930 924/1093/929
f 1203/1391/933 1201/1389/934 784/935/935 923/1092/936
f 1355/1566/937 1360/1577/938 791/942/939 928/1097/940
f 1332/1541/941 1324/1533/886 790/941/889 1137/1309/942
f 1304/1512/943 1133/1305/944 795/946/945 1297/1505/946
f 1307/1515/947 1281/1486/948 792/943/949 1296/1504/950
f 1299/1507/951 794/945/952 793/944/953 1298/1506/954
f 1297/1505/946 795/946/945 1358/1572/955 1357/1570/956
f 1348/1557/957 796/947/958 1352/1561/959
f 1351/1560/960 703/845/239 95/117/238 956/1125/961
f 1242/1433/962 1359/1574/963 1358/1572/955 795/946/945
f 1101/1272/964 1242/1433/962 795/946/945 1133/1305/944
f 1289/1496/965 1287/1493/966 793/944/953 1240/1429/967
f 1240/1429/967 793/944/953 794/945/952 1239/1428/968
f 920/1089/912 783/934/911 799/950/914 929/1098/913
f 1320/1529/761 1325/1534/890 797/948/891 729/880/762
f 796/947/958 773/924/867 772/923/869 798/949/969
f 956/1125/961 95/117/238 99/122/249 957/1126/970
f 805/956/971 807/959/972 783/934/911
f 1302/1510/973 651/789/255 101/127/254 967/1137/974
f 1299/1507/951 1300/1508/975 805/957/971 794/945/952
f 1239/1427/968 805/956/971 783/934/911
f 796/947/958 804/955/976 806/958/977 773/924/867
f 1348/1557/957 1349/1558/978 804/955/976 796/947/958
f 1040/1210/896 1041/1211/979 802/953/980 776/927/894
f 776/927/894 802/953/980 800/951/981 777/928/895
f 1084/1254/892 1085/1255/982 801/952/983 775/926/893
f 963/1132/984 959/1128/985 109/138/267 56/66/266
f 958/1127/986 100/124/270 109/138/267 959/1128/985
f 783/934/911 807/959/972 808/960/987 799/950/914
f 826/978/988 822/974/989 807/959/972 805/956/971
f 799/950/914 808/960/987 780/931/915
f 933/1102/990 930/1099/991 809/961/992 907/1076/993
f 908/1077/994 828/981/995 810/962/996 904/1072/997
f 1062/1232/998 848/1002/999 112/142/284 222/283/283
f 936/1105/1000 253/316/289 117/150/288 913/1082/1001
f 991/1161/1002 900/1068/1003 121/156/292 318/395/291
f 906/1075/1004 183/239/297 146/187/296 905/1074/1005
f 811/963/1006 988/1158/1007 1463/1686/1008
f 1385/1604/1009 812/964/1010 970/1140/1011
f 974/1144/1012 902/1070/1013 124/162/308 296/368/307
f 975/1145/1014 962/1131/1015 830/983/1016 971/1141/1017
f 992/1162/1018 961/1130/1019 829/982/1020 988/1158/1007
f 968/1138/1021 960/1129/1022 828/981/995 908/1077/994
f 967/1136/974 958/1127/986 822/974/989 826/978/988
f 807/959/972 822/974/989 827/980/1023 808/960/987
f 780/931/915 808/960/987 827/980/1023 819/971/1024
f 1300/1508/975 1301/1509/1025 826/979/988 805/957/971
f 804/955/976 820/972/1026 821/973/1027 806/958/977
f 1349/1558/978 1350/1559/1028 820/972/1026 804/955/976
f 788/939/924 817/969/1029 818/970/1030 789/940/925
f 787/938/928 816/968/1031 817/969/1029 788/939/924
f 786/937/930 815/967/1032 816/968/1031 787/938/928
f 1227/1415/932 1228/1416/1033 815/967/1032 786/937/930
f 1041/1211/979 1042/1212/1034 823/975/1035 802/953/980
f 802/953/980 823/975/1035 824/976/1036 800/951/981
f 1085/1255/982 1086/1256/1037 814/966/1038 801/952/983
f 1201/1389/934 1202/1390/1039 813/965/1040 784/935/935
f 973/1143/1041 884/1052/1042 834/987/1043 972/1142/1044
f 887/1055/1045 905/1073/1005 146/188/296 200/259/340
f 990/1160/1046 882/1050/1047 831/984/1048 989/1159/1049
f 932/1101/1050 931/1100/1051 912/1081/1052 885/1053/1053
f 885/1053/1053 912/1081/1052 847/1001/1054 886/1054/1055
f 913/1082/1001 117/150/288 116/148/352 903/1071/1056
f 907/1076/993 809/961/992 846/999/1057 909/1078/1058
f 778/929/1059 779/930/1060 845/998/1061 844/997/1062
f 737/888/786 778/929/1059 844/997/1062 836/989/1063
f 1342/1551/873 766/917/872 843/996/1064 1343/1552/1065
f 761/912/858 765/916/866 842/995/1066 841/994/1067
f 1080/1250/773 758/909/772 840/993/1068 1087/1257/1069
f 1015/1185/824 748/899/823 839/992/1070 1016/1186/1071
f 736/887/791 743/894/790 838/991/1072 835/988/1073
f 1017/1187/783 738/889/782 837/990/1074 1021/1191/1075
f 1035/1205/859 761/912/858 841/994/1067 1036/1206/1076
f 1317/1526/787 737/888/786 836/989/1063 1326/1535/1077
f 875/1043/1078 873/1041/1079 853/1010/1080 854/1012/1081
f 898/1066/1082 873/1040/1079 852/1008/1083 889/1057/1084
f 891/1059/1085 888/1056/1086 851/1007/1087 856/1016/1088
f 874/1042/1089 872/1039/1090 850/1006/1091 857/1017/1092
f 890/1058/1093 889/1057/1084 852/1008/1083 855/1014/1094
f 897/1065/1095 890/1058/1093 855/1014/1094 858/1018/1096
f 881/1049/1097 874/1042/1089 857/1017/1092 869/1035/1098
f 894/1062/1099 891/1059/1085 856/1016/1088 866/1032/1100
f 878/1046/1101 875/1043/1078 854/1012/1081 863/1028/1102
f 871/1037/1103 876/1044/1104 861/1024/1105 847/1000/1054
f 876/1044/1104 877/1045/1106 862/1026/1107 861/1024/1105
f 877/1045/1106 878/1046/1101 863/1028/1102 862/1026/1107
f 886/1054/1055 892/1060/1108 864/1030/1109 846/999/1057
f 892/1060/1108 893/1061/1110 865/1031/1111 864/1030/1109
f 893/1061/1110 894/1062/1099 866/1032/1100 865/1031/1111
f 870/1036/1112 879/1047/1113 867/1033/1114 848/1002/999
f 879/1047/1113 880/1048/1115 868/1034/1116 867/1033/1114
f 880/1048/1115 881/1049/1097 869/1035/1098 868/1034/1116
f 887/1055/1045 895/1063/1117 860/1022/1118 849/1004/1119
f 895/1063/1117 896/1064/1120 859/1020/1121 860/1022/1118
f 896/1064/1120 897/1065/1095 858/1018/1096 859/1020/1121
f 865/1031/1111 866/1032/1100 881/1049/1097 880/1048/1115
f 864/1030/1109 865/1031/1111 880/1048/1115 879/1047/1113
f 846/999/1057 864/1030/1109 879/1047/1113 870/1036/1112
f 859/1021/1121 858/1019/1096 878/1046/1101 877/1045/1106
f 860/1023/1118 859/1021/1121 877/1045/1106 876/1044/1104
f 849/1003/1119 860/1023/1118 876/1044/1104 871/1037/1103
f 858/1019/1096 855/1015/1094 875/1043/1078 878/1046/1101
f 866/1032/1100 856/1016/1088 874/1042/1089 881/1049/1097
f 856/1016/1088 851/1007/1087 872/1039/1090 874/1042/1089
f 888/1056/1086 853/1011/1080 873/1040/1079 898/1066/1082
f 855/1015/1094 852/1009/1083 873/1041/1079 875/1043/1078
f 903/1071/1056 116/148/352 183/239/297 906/1075/1004
f 851/1007/1087 888/1056/1086 898/1066/1082 872/1039/1090
f 868/1034/1116 869/1035/1098 897/1065/1095 896/1064/1120
f 867/1033/1114 868/1034/1116 896/1064/1120 895/1063/1117
f 995/1165/1122 867/1033/1114 895/1063/1117 887/1055/1045
f 862/1027/1107 863/1029/1102 894/1062/1099 893/1061/1110
f 861/1025/1105 862/1027/1107 893/1061/1110 892/1060/1108
f 847/1001/1054 861/1025/1105 892/1060/1108 886/1054/1055
f 863/1029/1102 854/1013/1081 891/1059/1085 894/1062/1099
f 869/1035/1098 857/1017/1092 890/1058/1093 897/1065/1095
f 857/1017/1092 850/1006/1091 889/1057/1084 890/1058/1093
f 854/1013/1081 853/1011/1080 888/1056/1086 891/1059/1085
f 872/1039/1090 898/1066/1082 889/1057/1084 850/1006/1091
f 809/961/992 885/1053/1053 886/1054/1055 846/999/1057
f 930/1099/991 932/1101/1050 885/1053/1053 809/961/992
f 993/1163/1123 811/963/1006 882/1050/1047 990/1160/1046
f 995/1165/1122 887/1055/1045 200/259/340 327/406/419
f 970/1140/1011 812/964/1010 884/1052/1042 973/1143/1041
f 779/930/1060 907/1076/993 909/1078/1058 845/998/1061
f 871/1038/1103 935/1104/1124 903/1071/1056 906/1075/1004
f 934/1103/1125 913/1082/1001 903/1071/1056 935/1104/1124
f 887/1055/1045 849/1004/1119 905/1073/1005
f 972/1142/1044 834/987/1043 902/1070/1013 974/1144/1012
f 871/1038/1103 906/1075/1004 905/1074/1005 849/1005/1119
f 989/1159/1049 831/984/1048 900/1068/1003 991/1161/1002
f 918/1087/1126 917/1086/1127 899/1067/1128 916/1085/1129
f 955/1124/908 968/1138/1021 908/1077/994 818/970/1030
f 818/970/1030 908/1077/994 904/1072/997 789/940/925
f 927/1096/926 933/1102/990 907/1076/993 779/930/1060
f 1066/1236/906 1062/1232/998 222/283/283 74/93/179
f 914/1083/1130 994/1164/1131 910/1079/1132 901/1069/1133
f 915/1084/1134 931/1100/1051 911/1080/1135 832/985/1136
f 916/1085/1129 934/1103/1125 912/1081/1052 833/986/1137
f 917/1086/1127 936/1105/1000 913/1082/1001 899/1067/1128
f 914/1083/1130 901/1069/1133 917/1086/1127 918/1087/1126
f 832/985/1136 914/1083/1130 918/1087/1126 915/1084/1134
f 915/1084/1134 918/1087/1126 916/1085/1129 833/986/1137
f 789/940/925 904/1072/997 933/1102/990 927/1096/926
f 810/962/996 883/1051/1138 932/1101/1050 930/1099/991
f 883/1051/1138 911/1080/1135 931/1100/1051 932/1101/1050
f 904/1072/997 810/962/996 930/1099/991 933/1102/990
f 771/922/816 920/1089/912 929/1098/913 797/948/891
f 1356/1568/888 1355/1566/937 928/1097/940 790/941/889
f 1168/1340/763 1203/1391/933 923/1092/936 727/878/758
f 1219/1407/759 1229/1417/931 924/1093/929 725/876/785
f 725/876/785 924/1093/929 925/1094/927 737/888/786
f 737/888/786 925/1094/927 926/1095/923 778/929/1059
f 778/929/1059 926/1095/923 927/1096/926 779/930/1060
f 1275/1479/1139 1276/1480/919 922/1091/922 731/882/766
f 1284/1490/1140 1288/1494/917 919/1088/909 745/896/815
f 797/948/891 929/1098/913 921/1090/916 729/880/762
f 745/896/815 919/1088/909 920/1089/912 771/922/816
f 912/1081/1052 934/1103/1125 935/1104/1124 847/1001/1054
f 847/1001/1054 935/1104/1124 871/1038/1103
f 899/1067/1128 913/1082/1001 934/1103/1125 916/1085/1129
f 833/986/1137 912/1081/1052 931/1100/1051 915/1084/1134
f 910/1079/1132 119/154/437 253/316/289 936/1105/1000
f 901/1069/1133 910/1079/1132 936/1105/1000 917/1086/1127
f 902/1070/1013 941/1110/1141 257/322/438 124/162/308
f 1387/1606/1142 940/1109/1143 884/1052/1042
f 1400/1619/1144 1386/1605/1145 937/1106/1146 1387/1606/1142
f 834/987/1043 939/1108/1147 941/1110/1141 902/1070/1013
f 884/1052/1042 940/1109/1143 939/1108/1147 834/987/1043
f 1388/1607/1148 962/1131/1015 938/1107/1149
f 941/1110/1141 946/1115/1150 264/331/449 257/322/438
f 939/1108/1147 944/1113/1151 946/1115/1150 941/1110/1141
f 1391/1610/1152 1425/1645/1153 1395/1614/1154 943/1112/1155
f 940/1109/1143 945/1114/1156 944/1113/1151 939/1108/1147
f 1399/1618/1157 1390/1609/1158 942/1111/1159 1392/1611/1160
f 1392/1611/1160 945/1114/1156 940/1109/1143
f 949/1118/1161 272/341/461 264/331/449 946/1115/1150
f 1398/1617/1162 1383/1601/465 269/337/464 1394/1613/1163
f 1394/1613/1163 272/341/461 949/1118/1161
f 1396/1615/1164 949/1118/1161 945/1114/1156
f 1397/1616/1165 1393/1612/1166 952/1121/1167 1396/1615/1164
f 945/1114/1156 949/1118/1161 946/1115/1150 944/1113/1151
f 122/159/470 255/319/472 969/1139/1168 962/1131/1015
f 78/99/184 224/286/473 968/1138/1021 955/1124/908
f 101/128/254 100/124/270 958/1127/986 967/1136/974
f 224/286/473 114/145/474 960/1129/1022 968/1138/1021
f 325/403/475 118/151/476 961/1130/1019 992/1162/1018
f 294/365/477 122/159/470 962/1131/1015 975/1145/1014
f 822/974/989 958/1127/986 959/1128/985 827/980/1023
f 819/971/1024 827/980/1023 959/1128/985 963/1132/984
f 1301/1509/1025 1302/1510/973 967/1137/974 826/979/988
f 820/972/1026 956/1125/961 957/1126/970 821/973/1027
f 1350/1559/1028 1351/1560/960 956/1125/961 820/972/1026
f 817/969/1029 954/1123/907 955/1124/908 818/970/1030
f 816/968/1031 953/1122/904 954/1123/907 817/969/1029
f 815/967/1032 950/1119/903 953/1122/904 816/968/1031
f 1228/1416/1033 1230/1418/902 950/1119/903 815/967/1032
f 1042/1212/1034 1043/1213/901 964/1133/899 823/975/1035
f 823/975/1035 964/1133/899 965/1134/900 824/976/1036
f 1086/1256/1037 1088/1258/897 948/1117/898 814/966/1038
f 1202/1390/1039 1204/1392/874 951/1120/875 813/965/1040
f 1389/1608/1169 947/1116/1170 969/1139/1168
f 302/375/481 294/365/477 975/1145/1014 981/1151/1171
f 978/1148/1172 972/1142/1044 974/1144/1012 980/1150/1173
f 976/1146/1174 970/1140/1011 973/1143/1041 979/1149/1175
f 979/1149/1175 973/1143/1041 972/1142/1044 978/1148/1172
f 981/1151/1171 975/1145/1014 971/1141/1017 977/1147/1176
f 980/1150/1173 974/1144/1012 296/368/307 304/378/489
f 1467/1690/1177 1445/1666/1178 970/1140/1011 976/1146/1174
f 1466/1689/1179 1467/1690/1177 976/1146/1174 1456/1679/1180
f 1460/1683/1181 980/1150/1173 304/378/489 1450/1672/495
f 1461/1684/1182 981/1151/1171 977/1147/1176 1457/1680/1183
f 1459/1682/1184 979/1149/1175 978/1148/1172 1458/1681/1185
f 1456/1679/1180 976/1146/1174 979/1149/1175 1459/1682/1184
f 1458/1681/1185 978/1148/1172 980/1150/1173 1460/1683/1181
f 1448/1669/500 302/375/481 981/1151/1171 1461/1684/1182
f 114/145/474 312/388/502 987/1157/1186 960/1129/1022
f 994/1164/1131 986/1156/1187 910/1079/1132
f 810/962/996 982/1152/1188 985/1155/1189 883/1051/1138
f 883/1051/1138 985/1155/1189 984/1154/1190 911/1080/1135
f 960/1129/1022 987/1157/1186 983/1153/1191 828/981/995
f 828/981/995 983/1153/1191 982/1152/1188 810/962/996
f 910/1079/1132 986/1156/1187 311/386/508 119/154/437
f 312/388/502 325/403/475 992/1162/1018 987/1157/1186
f 984/1154/1190 989/1159/1049 991/1161/1002 986/1156/1187
f 982/1152/1188 993/1163/1123 990/1160/1046 985/1155/1189
f 985/1155/1189 990/1160/1046 989/1159/1049 984/1154/1190
f 987/1157/1186 992/1162/1018 988/1158/1007 983/1153/1191
f 983/1153/1191 988/1158/1007 993/1163/1123 982/1152/1188
f 986/1156/1187 991/1161/1002 318/395/291 311/386/508
f 832/985/1136 911/1080/1135 994/1164/1131 914/1083/1130
f 911/1080/1135 984/1154/1190 986/1156/1187 994/1164/1131
f 848/1002/999 995/1165/1122 327/406/419 112/142/284
f 848/1002/999 867/1033/1114 995/1165/1122
f 1237/1425/1192 581/698/512 330/411/511 1067/1237/1193
f 1069/1239/792 2/3/46 329/409/514 1068/1238/1194
f 736/887/791 835/988/1073 997/1167/1195 724/875/788
f 1218/1406/794 1231/1419/1196 996/1166/1197 726/877/795
f 1152/1324/802 1165/1337/1198 730/881/1199
f 1131/1303/806 1132/1304/1200 1000/1170/1201 744/895/807
f 1215/1403/798 1217/1405/1202 998/1168/1203 728/879/799
f 1157/1329/1204 1158/1330/1205 1003/1173/1206 753/904/819
f 1124/1296/1207 1125/1297/1208 1001/1171/1209 751/902/832
f 1018/1188/1210 1022/1192/1211 774/925/1212 734/885/1213
f 1194/1378/1214 1181/1353/1215 1003/1173/1206 1158/1330/1205
f 1188/1367/1216 1182/1355/1217 1001/1171/1209 1125/1297/1208
f 1183/1357/1218 1005/1175/1219 1001/1171/1209 1182/1355/1217
f 66/78/540 966/1135/1220 1025/1195/1221 365/451/541
f 1184/1359/1222 1007/1177/1223 1005/1175/1219 1183/1357/1218
f 1022/1192/1211 1001/1171/1209 1005/1175/1219 1023/1193/1224
f 1185/1361/1225 1009/1179/1226 1007/1177/1223 1184/1359/1222
f 1023/1193/1224 1005/1175/1219 1007/1177/1223 1024/1194/1227
f 1009/1179/1226 364/449/550 365/451/541 1025/1195/1221
f 1024/1194/1227 1007/1177/1223 1009/1179/1226 1025/1195/1221
f 743/894/790 1015/1185/824 1016/1186/1071 838/991/1072
f 1148/1320/805 742/893/804 1013/1183/835 1151/1323/834
f 1213/1401/801 741/892/800 1012/1182/831 1214/1402/830
f 1221/1409/797 740/891/796 1011/1181/828 1232/1420/827
f 1071/1241/793 1076/1246/825 351/434/81 23/27/47
f 739/890/789 1010/1180/821 1015/1185/824 743/894/790
f 1127/1299/809 747/898/808 1014/1184/818 1130/1302/817
f 825/977/1228 1024/1194/1227 1025/1195/1221 966/1135/1220
f 803/954/1229 1023/1193/1224 1024/1194/1227 825/977/1228
f 774/925/1212 1022/1192/1211 1023/1193/1224 803/954/1229
f 751/902/832 1001/1171/1209 1022/1192/1211 1018/1188/1210
f 748/899/823 1017/1187/783 1021/1191/1075 839/992/1070
f 1167/1339/1230 733/884/776 1020/1190/775 1207/1395/810
f 749/900/822 1019/1189/780 1017/1187/783 748/899/823
f 1072/1242/826 1077/1247/778 354/438/30 29/34/82
f 1222/1410/829 750/901/811 1020/1190/775 1233/1421/774
f 825/977/1228 966/1135/1220 1034/1204/1231 1032/1202/1232
f 529/627/556 364/449/550 1009/1179/1226 1185/1361/1225
f 738/889/782 1029/1199/1233 1033/1203/1234 837/990/1074
f 803/954/1229 825/977/1228 1032/1202/1232 1031/1201/1235
f 774/925/1212 803/954/1229 1031/1201/1235 1030/1200/1236
f 966/1135/1220 66/78/540 372/460/561 1034/1204/1231
f 734/885/1213 774/925/1212 1030/1200/1236 1028/1198/1237
f 732/883/781 1026/1196/1238 1029/1199/1233 738/889/782
f 1167/1339/1230 734/885/1213 1028/1198/1237 1208/1396/1239
f 1220/1408/777 733/884/776 1027/1197/1240 1234/1422/1241
f 1070/1240/779 1078/1248/1242 369/456/567 12/15/31
f 1032/1202/1232 1034/1204/1231 1043/1213/901 1042/1212/1034
f 1029/1199/1233 1035/1205/859 1036/1206/1076 1033/1203/1234
f 1031/1201/1235 1032/1202/1232 1042/1212/1034 1041/1211/979
f 1030/1200/1236 1031/1201/1235 1041/1211/979 1040/1210/896
f 1034/1204/1231 372/460/561 384/474/170 1043/1213/901
f 1028/1198/1237 1030/1200/1236 1040/1210/896 1039/1209/853
f 1026/1196/1238 1037/1207/856 1035/1205/859 1029/1199/1233
f 1208/1396/1239 1028/1198/1237 1039/1209/853 1209/1397/852
f 1234/1422/1241 1027/1197/1240 1038/1208/849 1235/1423/848
f 1078/1248/1242 1079/1249/768 377/466/18 369/456/567
f 1033/1203/1234 1036/1206/1076 1061/1231/1243 1060/1230/1244
f 837/990/1074 1033/1203/1234 1060/1230/1244 1046/1216/1245
f 839/992/1070 1021/1191/1075 1059/1229/1246 1048/1218/1247
f 838/991/1072 1016/1186/1071 1058/1228/1248 1047/1217/1249
f 835/988/1073 1044/1214/1250 1057/1227/1251 997/1167/1195
f 1231/1419/1196 1236/1424/1252 1056/1226/1253 996/1166/1197
f 845/998/1061 909/1078/1058 1055/1225/1254 1054/1224/1255
f 844/997/1062 845/998/1061 1054/1224/1255 1053/1223/1256
f 836/989/1063 844/997/1062 1053/1223/1256 1045/1215/1257
f 1343/1552/1065 843/996/1064 1052/1222/1258 1344/1553/1259
f 841/994/1067 842/995/1066 1051/1221/1260 1050/1220/1261
f 1087/1257/1069 840/993/1068 1049/1219/1262 1089/1259/1263
f 1016/1186/1071 839/992/1070 1048/1218/1247 1058/1228/1248
f 835/988/1073 838/991/1072 1047/1217/1249 1044/1214/1250
f 1021/1191/1075 837/990/1074 1046/1216/1245 1059/1229/1246
f 1036/1206/1076 841/994/1067 1050/1220/1261 1061/1231/1243
f 1326/1535/1077 836/989/1063 1045/1215/1257 1327/1536/1264
f 909/1078/1058 846/999/1057 870/1036/1112 1055/1225/1254
f 1055/1225/1254 870/1036/1112 848/1002/999 1062/1232/998
f 1053/1223/1256 1054/1224/1255 1066/1236/906 1065/1235/905
f 1045/1215/1257 1053/1223/1256 1065/1235/905 1063/1233/755
f 1327/1536/1264 1045/1215/1257 1063/1233/755 1328/1537/754
f 1054/1224/1255 1055/1225/1254 1062/1232/998 1066/1236/906
f 1217/1405/1202 1004/1174/1265 998/1168/1203
f 1212/1400/1266 559/674/595 336/418/594 1008/1178/1267
f 1211/1399/1268 1212/1400/1266 1008/1178/1267 1006/1176/1269
f 1236/1424/1252 1237/1425/1192 1067/1237/1193 1056/1226/1253
f 1060/1230/1244 1061/1231/1243 1079/1249/768 1078/1248/1242
f 1046/1216/1245 1060/1230/1244 1078/1248/1242 1070/1240/779
f 1048/1218/1247 1059/1229/1246 1077/1247/778 1072/1242/826
f 1047/1217/1249 1058/1228/1248 1076/1246/825 1071/1241/793
f 1050/1220/1261 1051/1221/1260 1075/1245/860 1074/1244/769
f 1089/1259/1263 1049/1219/1262 1073/1243/847 1090/1260/846
f 1058/1228/1248 1048/1218/1247 1072/1242/826 1076/1246/825
f 1044/1214/1250 1047/1217/1249 1071/1241/793 1069/1239/792
f 1059/1229/1246 1046/1216/1245 1070/1240/779 1077/1247/778
f 1061/1231/1243 1050/1220/1261 1074/1244/769 1079/1249/768
f 1044/1214/1250 1069/1239/792 1068/1238/1194 1057/1227/1251
f 1344/1553/1259 1052/1222/1258 1064/1234/885 1345/1554/884
f 1051/1221/1260 1089/1259/1263 1090/1260/846 1075/1245/860
f 842/995/1066 1087/1257/1069 1089/1259/1263 1051/1221/1260
f 824/976/1036 965/1134/900 1088/1258/897 1086/1256/1037
f 765/916/866 1080/1250/773 1087/1257/1069 842/995/1066
f 800/951/981 824/976/1036 1086/1256/1037 1085/1255/982
f 777/928/895 800/951/981 1085/1255/982 1084/1254/892
f 965/1134/900 69/84/167 430/522/164 1088/1258/897
f 762/913/863 777/928/895 1084/1254/892 1081/1251/839
f 1075/1245/860 1090/1260/846 424/515/104 49/57/119
f 1225/1413/862 763/914/861 1082/1252/843 1238/1426/842
f 1199/1387/864 762/913/863 1081/1251/839 1210/1398/838
f 764/915/865 1083/1253/770 1080/1250/773 765/916/866
f 1144/1316/1270 1092/1262/1271 1096/1266/1272 1145/1317/1273
f 1196/1382/1274 1190/1371/1275 1094/1264/1276 1142/1314/1277
f 1145/1317/1273 1096/1266/1272 1093/1263/1278 1146/1318/1279
f 1166/1338/1280 1134/1306/1281 1091/1261/1282 1147/1319/1283
f 1163/1335/1284 1161/1333/1285 1092/1262/1271 1144/1316/1270
f 1170/1342/1286 1136/1308/1287 1095/1265/1288 1143/1315/1289
f 1175/1347/1290 1245/1439/1291 1250/1449/1292 1171/1343/1293
f 1178/1350/1294 1249/1447/1295 1251/1451/1296 1172/1344/1297
f 1176/1348/1298 1246/1441/1299 1245/1439/1291 1175/1347/1290
f 1197/1385/1300 1252/1453/1301 1248/1445/1302 1173/1345/1303
f 1177/1349/1304 1247/1443/1305 1244/1437/1306 1174/1346/1307
f 1180/1352/1308 1243/1435/1309 1246/1441/1299 1176/1348/1298
f 1161/1333/1285 1162/1334/1310 1106/1278/1311 1092/1262/1271
f 1134/1306/1281 1135/1307/1312 1108/1280/1313 1091/1261/1282
f 1190/1371/1275 1192/1375/1314 1107/1279/1315 1094/1264/1276
f 1092/1262/1271 1106/1278/1311 1103/1275/1316 1096/1266/1272
f 1136/1308/1287 1138/1310/1317 1105/1277/1318 1095/1265/1288
f 1096/1266/1272 1103/1275/1316 1104/1276/1319 1093/1263/1278
f 1156/1328/1320 1109/1281/1321 1114/1286/1322 1159/1331/1323
f 1193/1377/1324 1186/1363/1325 1113/1285/1326 1150/1322/1327
f 1149/1321/837 1150/1322/1327 1113/1285/1326 1111/1283/1328
f 1154/1326/1329 1155/1327/1330 1112/1284/1331 1110/1282/1332
f 1159/1331/1323 1114/1286/1322 1111/1283/1328 1157/1329/1204
f 1154/1326/1329 1110/1282/1332 1109/1281/1321 1156/1328/1320
f 1123/1295/1333 1116/1288/1334 1120/1292/1335 1126/1298/1336
f 1189/1369/1337 1187/1365/1338 1119/1291/1339 1129/1301/1340
f 1128/1300/820 1129/1301/1340 1119/1291/1339 1117/1289/1341
f 1121/1293/1342 1122/1294/1343 1118/1290/1344 1115/1287/1345
f 1126/1298/1336 1120/1292/1335 1117/1289/1341 1124/1296/1207
f 1121/1293/1342 1115/1287/1345 1116/1288/1334 1123/1295/1333
f 728/879/799 1121/1293/1342 1123/1295/1333 741/892/800
f 1012/1182/831 1126/1298/1336 1124/1296/1207 751/902/832
f 728/879/799 998/1168/1203 1122/1294/1343 1121/1293/1342
f 741/892/800 1123/1295/1333 1126/1298/1336 1012/1182/831
f 1187/1365/1338 1188/1367/1216 1125/1297/1208 1119/1291/1339
f 1117/1289/1341 1119/1291/1339 1125/1297/1208 1124/1296/1207
f 753/904/819 1003/1173/1206 1129/1301/1340 1128/1300/820
f 1181/1353/1215 1189/1369/1337 1129/1301/1340 1003/1173/1206
f 1116/1288/1334 1127/1299/809 1130/1302/817 1120/1292/1335
f 1115/1287/1345 1118/1290/1344 1132/1304/1200 1131/1303/806
f 1120/1292/1335 1130/1302/817 1128/1300/820 1117/1289/1341
f 1115/1287/1345 1131/1303/806 1127/1299/809 1116/1288/1334
f 1094/1264/1276 1107/1279/1315 1135/1307/1312 1134/1306/1281
f 1173/1345/1303 1248/1445/1302 1247/1443/1305 1177/1349/1304
f 1093/1263/1278 1104/1276/1319 1138/1310/1317 1136/1308/1287
f 1171/1343/1293 1250/1449/1292 1249/1447/1295 1178/1350/1294
f 1095/1265/1288 1105/1277/1318 1192/1374/1314 1190/1372/1275
f 1172/1344/1297 1251/1451/1296 1252/1454/1301 1197/1384/1300
f 1160/1332/803 1163/1335/1284 1144/1316/1270 742/893/804
f 1013/1183/835 1145/1317/1273 1146/1318/1279 752/903/836
f 742/893/804 1144/1316/1270 1145/1317/1273 1013/1183/835
f 1169/1341/1346 1170/1342/1286 1143/1315/1289 1002/1172/1347
f 1195/1380/1348 1196/1382/1274 1142/1314/1277 999/1169/1349
f 1165/1337/1198 1166/1338/1280 1147/1319/1283 730/881/1199
f 1149/1321/837 1169/1341/1346 1002/1172/1347 1150/1322/1327
f 726/877/795 996/1166/1197 1205/1393/1350 1179/1351/1351
f 1109/1281/1321 1148/1320/805 1151/1323/834 1114/1286/1322
f 1110/1282/1332 1112/1284/1331 1153/1325/1352 1152/1324/802
f 1114/1286/1322 1151/1323/834 1149/1321/837 1111/1283/1328
f 1110/1282/1332 1152/1324/802 1148/1320/805 1109/1281/1321
f 744/895/807 1154/1326/1329 1156/1328/1320 747/898/808
f 1014/1184/818 1159/1331/1323 1157/1329/1204 753/904/819
f 744/895/807 1000/1170/1201 1155/1327/1330 1154/1326/1329
f 747/898/808 1156/1328/1320 1159/1331/1323 1014/1184/818
f 1186/1363/1325 1194/1378/1214 1158/1330/1205 1113/1285/1326
f 1111/1283/1328 1113/1285/1326 1158/1330/1205 1157/1329/1204
f 730/881/1199 1147/1319/1283 1163/1335/1284 1160/1332/803
f 1091/1261/1282 1108/1280/1313 1162/1334/1310 1161/1333/1285
f 1147/1319/1283 1091/1261/1282 1161/1333/1285 1163/1335/1284
f 1174/1346/1307 1244/1437/1306 1243/1435/1309 1180/1352/1308
f 999/1169/1349 1142/1314/1277 1166/1338/1280 1165/1337/1198
f 1142/1314/1277 1094/1264/1276 1134/1306/1281 1166/1338/1280
f 1002/1172/1347 1143/1315/1289 1196/1383/1274 1195/1381/1348
f 1143/1315/1289 1095/1265/1288 1190/1372/1275 1196/1383/1274
f 752/903/836 1146/1318/1279 1170/1342/1286 1169/1341/1346
f 1146/1318/1279 1093/1263/1278 1136/1308/1287 1170/1342/1286
f 1108/1280/1313 1174/1346/1307 1180/1352/1308 1162/1334/1310
f 1105/1277/1318 1172/1344/1297 1197/1384/1300 1192/1374/1314
f 1104/1276/1319 1171/1343/1293 1178/1350/1294 1138/1310/1317
f 1107/1279/1315 1173/1345/1303 1177/1349/1304 1135/1307/1312
f 1162/1334/1310 1180/1352/1308 1176/1348/1298 1106/1278/1311
f 1135/1307/1312 1177/1349/1304 1174/1346/1307 1108/1280/1313
f 1192/1375/1314 1197/1385/1300 1173/1345/1303 1107/1279/1315
f 1106/1278/1311 1176/1348/1298 1175/1347/1290 1103/1275/1316
f 1138/1310/1317 1178/1350/1294 1172/1344/1297 1105/1277/1318
f 1103/1275/1316 1175/1347/1290 1171/1343/1293 1104/1276/1319
f 819/971/1024 963/1132/984 1204/1392/874 1202/1390/1039
f 752/903/836 1169/1341/1346 1149/1321/837
f 730/881/1199 1160/1332/803 1152/1324/802
f 1153/1325/1352 999/1169/1349 1165/1337/1198 1152/1324/802
f 999/1169/1349 1153/1325/1352 1193/1376/1324 1195/1380/1348
f 740/891/796 1141/1313/1353 1206/1394/1354 1011/1181/828
f 1112/1284/1331 1155/1327/1330 1194/1379/1214 1186/1364/1325
f 734/885/1213 1167/1339/1230 1207/1395/810 1018/1188/1210
f 1000/1170/1201 1132/1304/1200 1189/1370/1337 1181/1354/1215
f 1118/1290/1344 1122/1294/1343 1188/1368/1216 1187/1366/1338
f 1132/1304/1200 1118/1290/1344 1187/1366/1338 1189/1370/1337
f 1153/1325/1352 1112/1284/1331 1186/1364/1325 1193/1376/1324
f 733/884/776 1167/1339/1230 1208/1396/1239 1027/1197/1240
f 1027/1197/1240 1208/1396/1239 1209/1397/852 1038/1208/849
f 763/914/861 1199/1387/864 1210/1398/838 1082/1252/843
f 336/418/594 529/628/556 1185/1362/1225 1008/1178/1267
f 1008/1178/1267 1185/1362/1225 1184/1360/1222 1006/1176/1269
f 1006/1176/1269 1184/1360/1222 1183/1358/1218 1004/1174/1265
f 1004/1174/1265 1183/1358/1218 1182/1356/1217 998/1168/1203
f 1122/1294/1343 998/1168/1203 1182/1356/1217 1188/1368/1216
f 1155/1327/1330 1000/1170/1201 1181/1354/1215 1194/1379/1214
f 1195/1381/1348 1193/1377/1324 1150/1322/1327 1002/1172/1347
f 729/880/762 921/1090/916 1203/1391/933 1168/1340/763
f 780/931/915 819/971/1024 1202/1390/1039 1201/1389/934
f 921/1090/916 780/931/915 1201/1389/934 1203/1391/933
f 1339/1548/881 1346/1555/876 1200/1388/879 767/918/882
f 963/1132/984 56/66/266 547/661/137 1204/1392/874
f 735/886/850 1198/1386/855 1199/1387/864 763/914/861
f 1038/1208/849 1209/1397/852 1198/1386/855 735/886/850
f 1082/1252/843 1210/1398/838 1139/1311/841 755/906/844
f 1011/1181/828 1206/1394/1354 1140/1312/812 750/901/811
f 1018/1188/1210 1216/1404/833 751/902/832
f 726/877/795 1179/1351/1351 1141/1313/1353 740/891/796
f 1318/1527/757 1329/1538/760 1168/1340/763 727/878/758
f 1056/1226/1253 1067/1237/1193 1212/1400/1266 1211/1399/1268
f 1067/1237/1193 330/411/511 559/674/595 1212/1400/1266
f 996/1166/1197 1056/1226/1253 1211/1399/1268 1205/1393/1350
f 1141/1313/1353 1213/1401/801 1214/1402/830 1206/1394/1354
f 1179/1351/1351 1215/1403/798 1213/1401/801 1141/1313/1353
f 1206/1394/1354 1214/1402/830 1216/1404/833 1140/1312/812
f 1207/1395/810 1140/1312/812 1216/1404/833 1018/1188/1210
f 1179/1351/1351 1205/1393/1350 1217/1405/1202 1215/1403/798
f 1205/1393/1350 1006/1176/1269 1004/1174/1265 1217/1405/1202
f 1211/1399/1268 1006/1176/1269 1205/1393/1350
f 764/915/865 1225/1413/862 1238/1426/842 1083/1253/770
f 1057/1227/1251 1068/1238/1194 1237/1425/1192 1236/1424/1252
f 997/1167/1195 1057/1227/1251 1236/1424/1252 1231/1419/1196
f 1026/1196/1238 1234/1422/1241 1235/1423/848 1037/1207/856
f 732/883/781 1220/1408/777 1234/1422/1241 1026/1196/1238
f 749/900/822 1222/1410/829 1233/1421/774 1019/1189/780
f 739/890/789 1221/1409/797 1232/1420/827 1010/1180/821
f 724/875/788 997/1167/1195 1231/1419/1196 1218/1406/794
f 1068/1238/1194 329/409/514 581/698/512 1237/1425/1192
f 813/965/1040 951/1120/875 1230/1418/902 1228/1416/1033
f 727/878/758 923/1092/936 1229/1417/931 1219/1407/759
f 784/935/935 813/965/1040 1228/1416/1033 1227/1415/932
f 923/1092/936 784/935/935 1227/1415/932 1229/1417/931
f 951/1120/875 57/68/136 576/692/174 1230/1418/902
f 1340/1549/870 1347/1556/880 1226/1414/883 768/919/871
f 746/897/857 1224/1412/851 1225/1413/862 764/915/865
f 1037/1207/856 1235/1423/848 1224/1412/851 746/897/857
f 1083/1253/770 1238/1426/842 1223/1411/845 754/905/771
f 1010/1180/821 1232/1420/827 1222/1410/829 749/900/822
f 724/875/788 1218/1406/794 1221/1409/797 739/890/789
f 1019/1189/780 1233/1421/774 1220/1408/777 732/883/781
f 1319/1528/784 1330/1539/756 1219/1407/759 725/876/785
f 782/933/910 1240/1430/967 1239/1427/968 783/934/911
f 1286/1492/918 1289/1495/965 1240/1430/967 782/933/910
f 1191/1373/1355 791/942/939 1242/1434/962 1101/1273/964
f 791/942/939 1360/1577/938 1359/1575/963 1242/1434/962
f 794/945/952 805/957/971 1239/1428/968
f 1315/1524/1356 1098/1268/1357 1099/1270/1358 1310/1518/1359
f 1253/1456/1360 1243/1436/1309 1244/1438/1306 1254/1457/1361
f 1255/1458/1362 1245/1440/1291 1246/1442/1299 1256/1459/1363
f 1257/1460/1364 1247/1444/1305 1248/1446/1302 1258/1461/1365
f 1259/1462/1366 1249/1448/1295 1250/1450/1292 1260/1463/1367
f 1260/1463/1367 1250/1450/1292 1245/1440/1291 1255/1458/1362
f 1254/1457/1361 1244/1438/1306 1247/1444/1305 1257/1460/1364
f 1261/1464/1368 1251/1452/1296 1249/1448/1295 1259/1462/1366
f 1256/1459/1363 1246/1442/1299 1243/1436/1309 1253/1456/1360
f 1258/1461/1365 1248/1446/1302 1252/1455/1301 1262/1465/1369
f 1262/1465/1369 1252/1455/1301 1251/1452/1296 1261/1464/1368
f 1097/1267/1370 1253/1456/1360 1254/1457/1361
f 1097/1267/1370 1255/1458/1362 1256/1459/1363
f 1097/1267/1370 1257/1460/1364 1258/1461/1365
f 1097/1267/1370 1259/1462/1366 1260/1463/1367
f 1097/1267/1370 1260/1463/1367 1255/1458/1362
f 1097/1267/1370 1254/1457/1361 1257/1460/1364
f 1097/1267/1370 1261/1464/1368 1259/1462/1366
f 1097/1267/1370 1256/1459/1363 1253/1456/1360
f 1097/1267/1370 1258/1461/1365 1262/1465/1369
f 1097/1267/1370 1262/1465/1369 1261/1464/1368
f 1312/1520/1371 1265/1468/1372 1098/1269/1357 1315/1523/1356
f 928/1097/940 791/942/939 1191/1373/1355 1102/1274/1373
f 1331/1540/1374 1332/1541/941 1137/1309/942 1264/1467/1375
f 1303/1511/1376 1099/1270/1358 1133/1305/944 1304/1512/943
f 1098/1268/1357 1101/1272/964 1133/1305/944 1099/1270/1358
f 790/941/889 928/1097/940 1102/1274/1373 1137/1309/942
f 1265/1468/1372 1191/1373/1355 1101/1273/964 1098/1269/1357
f 1316/1525/1377 1310/1518/1359 1099/1270/1358 1303/1511/1376
f 1338/1547/1378 1331/1540/1374 1264/1467/1375 1313/1521/1379
f 1137/1309/942 1102/1274/1373 1263/1466/1380 1264/1467/1375
f 1102/1274/1373 1191/1373/1355 1265/1468/1372 1263/1466/1380
f 1334/1543/1381 1333/1542/1382 1269/1472/1383 1275/1479/1139
f 1306/1514/1384 1273/1477/1385 1267/1470/1386 1305/1513/1387
f 1274/1478/920 1268/1471/1388 1271/1474/1389 1277/1482/1390
f 1277/1481/1390 1271/1475/1389 1267/1470/1386 1273/1477/1385
f 1313/1521/1379 1314/1522/1391 1270/1473/1392 1269/1472/1383
f 1314/1522/1391 1312/1520/1371 1268/1471/1388 1270/1473/1392
f 1241/1432/1393 1277/1481/1390 1273/1477/1385 792/943/949
f 781/932/921 1274/1478/920 1277/1482/1390 1241/1431/1393
f 1296/1504/950 792/943/949 1273/1477/1385 1306/1514/1384
f 1321/1530/765 1334/1543/1381 1275/1479/1139 731/882/766
f 1269/1472/1383 1270/1473/1392 1276/1480/919 1275/1479/1139
f 1270/1473/1392 1268/1471/1388 1274/1478/920 1276/1480/919
f 781/932/921 1241/1431/1393 1283/1489/1394 1280/1485/1395
f 731/882/766 922/1091/922 1282/1487/1396 1278/1483/767
f 1241/1432/1393 792/943/949 1281/1486/948 1283/1488/1394
f 1309/1517/1397 1293/1500/1398 1281/1486/948 1307/1515/947
f 922/1091/922 781/932/921 1280/1485/1395 1282/1487/1396
f 1337/1546/1399 1335/1544/764 1278/1483/767 1290/1497/1400
f 1322/1531/814 1336/1545/1401 1284/1490/1140 745/896/815
f 1298/1506/954 793/944/953 1287/1493/966 1308/1516/1402
f 1292/1499/1403 1295/1503/1404 1289/1495/965 1286/1492/918
f 1290/1497/1400 1294/1501/1405 1288/1494/917 1284/1490/1140
f 1295/1502/1404 1293/1500/1398 1287/1493/966 1289/1496/965
f 1294/1501/1405 1292/1499/1403 1286/1492/918 1288/1494/917
f 1282/1487/1396 1280/1485/1395 1292/1499/1403 1294/1501/1405
f 1283/1488/1394 1281/1486/948 1293/1500/1398 1295/1502/1404
f 1278/1483/767 1282/1487/1396 1294/1501/1405 1290/1497/1400
f 1280/1485/1395 1283/1489/1394 1295/1503/1404 1292/1499/1403
f 1336/1545/1401 1337/1546/1399 1290/1497/1400 1284/1490/1140
f 1308/1516/1402 1287/1493/966 1293/1500/1398 1309/1517/1397
f 1285/1491/1406 1308/1516/1402 1309/1517/1397 1291/1498/1407
f 759/910/868 1298/1506/954 1308/1516/1402 1285/1491/1406
f 1291/1498/1407 1309/1517/1397 1307/1515/947 1279/1484/1408
f 757/908/1409 1296/1504/950 1306/1514/1384 1272/1476/1410
f 1272/1476/1410 1306/1514/1384 1305/1513/1387 1266/1469/1411
f 1311/1519/1412 1316/1525/1377 1303/1511/1376 1100/1271/1413
f 1100/1271/1413 1303/1511/1376 1304/1512/943 1164/1336/1414
f 821/973/1027 957/1126/970 1302/1510/973 1301/1509/1025
f 806/958/977 821/973/1027 1301/1509/1025 1300/1508/975
f 773/924/867 806/958/977 1300/1508/975 1299/1507/951
f 957/1126/970 99/122/249 651/789/255 1302/1510/973
f 785/936/1415 1297/1505/946 1357/1570/956 1354/1564/1416
f 773/924/867 1299/1507/951 1298/1506/954 759/910/868
f 1279/1484/1408 1307/1515/947 1296/1504/950 757/908/1409
f 1164/1336/1414 1304/1512/943 1297/1505/946 785/936/1415
f 1266/1469/1411 1305/1513/1387 1316/1525/1377 1311/1519/1412
f 1263/1466/1380 1265/1468/1372 1312/1520/1371 1314/1522/1391
f 1264/1467/1375 1263/1466/1380 1314/1522/1391 1313/1521/1379
f 1333/1542/1382 1338/1547/1378 1313/1521/1379 1269/1472/1383
f 1305/1513/1387 1267/1470/1386 1310/1518/1359 1316/1525/1377
f 1268/1471/1388 1312/1520/1371 1315/1523/1356 1271/1474/1389
f 1271/1475/1389 1315/1524/1356 1310/1518/1359 1267/1470/1386
f 1266/1469/1411 1311/1519/1412 1338/1547/1378 1333/1542/1382
f 1285/1491/1406 1291/1498/1407 1337/1546/1399 1336/1545/1401
f 759/910/868 1285/1491/1406 1336/1545/1401 1322/1531/814
f 1291/1498/1407 1279/1484/1408 1335/1544/764 1337/1546/1399
f 757/908/1409 1272/1476/1410 1334/1543/1381 1321/1530/765
f 1272/1476/1410 1266/1469/1411 1333/1542/1382 1334/1543/1381
f 1311/1519/1412 1100/1271/1413 1331/1540/1374 1338/1547/1378
f 1100/1271/1413 1164/1336/1414 1332/1541/941 1331/1540/1374
f 768/919/871 1226/1414/883 1330/1539/756 1319/1528/784
f 767/918/882 1200/1388/879 1329/1538/760 1318/1527/757
f 1052/1222/1258 1327/1536/1264 1328/1537/754 1064/1234/885
f 843/996/1064 1326/1535/1077 1327/1536/1264 1052/1222/1258
f 766/917/872 1317/1526/787 1326/1535/1077 843/996/1064
f 769/920/878 798/949/969 1325/1534/890 1320/1529/761
f 1164/1336/1414 785/936/1415 1324/1533/886 1332/1541/941
f 798/949/969 772/923/869 1323/1532/813 1325/1534/890
f 785/936/1415 1354/1564/1416 1353/1562/887 1324/1533/886
f 772/923/869 759/910/868 1322/1531/814 1323/1532/813
f 768/919/871 1319/1528/784 1317/1526/787 766/917/872
f 1279/1484/1408 757/908/1409 1321/1530/765 1335/1544/764
f 1200/1388/879 769/920/878 1320/1529/761 1329/1538/760
f 1226/1414/883 767/918/882 1318/1527/757 1330/1539/756
f 1064/1234/885 1328/1537/754 669/809/2 51/60/148
f 754/905/771 1223/1411/845 1347/1556/880 1340/1549/870
f 755/906/844 1139/1311/841 1346/1555/876 1339/1548/881
f 1049/1219/1262 1344/1553/1259 1345/1554/884 1073/1243/847
f 840/993/1068 1343/1552/1065 1344/1553/1259 1049/1219/1262
f 758/909/772 1342/1551/873 1343/1552/1065 840/993/1068
f 1073/1243/847 1345/1554/884 695/836/147 36/42/105
f 1223/1411/845 755/906/844 1339/1548/881 1347/1556/880
f 1139/1311/841 756/907/840 1341/1550/877 1346/1555/876
f 754/905/771 1340/1549/870 1342/1551/873 758/909/772
f 814/966/1038 948/1117/898 1351/1560/960 1350/1559/1028
f 801/952/983 814/966/1038 1350/1559/1028 1349/1558/978
f 775/926/893 801/952/983 1349/1558/978 1348/1557/957
f 948/1117/898 67/80/163 703/845/239 1351/1560/960
f 775/926/893 1348/1557/957 1352/1561/959 756/907/840
f 756/907/840 1352/1561/959 1341/1550/877
f 1341/1550/877 796/947/958 769/920/878
f 1361/1579/1417 1353/1563/887 1354/1565/1416 1362/1580/1418
f 1363/1581/1419 1355/1567/937 1356/1569/888 1364/1582/1420
f 1365/1583/1421 1357/1571/956 1358/1573/955 1366/1584/1422
f 1366/1584/1422 1358/1573/955 1359/1576/963 1367/1585/1423
f 1368/1586/1424 1360/1578/938 1355/1567/937 1363/1581/1419
f 1367/1585/1423 1359/1576/963 1360/1578/938 1368/1586/1424
f 1362/1580/1418 1354/1565/1416 1357/1571/956 1365/1583/1421
f 1364/1582/1420 1356/1569/888 1353/1563/887 1361/1579/1417
f 770/921/1425 1361/1579/1417 1362/1580/1418
f 770/921/1425 1363/1581/1419 1364/1582/1420
f 770/921/1425 1365/1583/1421 1366/1584/1422
f 770/921/1425 1366/1584/1422 1367/1585/1423
f 770/921/1425 1368/1586/1424 1363/1581/1419
f 770/921/1425 1367/1585/1423 1368/1586/1424
f 770/921/1425 1362/1580/1418 1365/1583/1421
f 770/921/1425 1364/1582/1420 1361/1579/1417
f 97/119/247 94/115/235 55/64/140
f 94/115/235 707/849/234 694/834/141
f 1352/1561/959 796/947/958 1341/1550/877
f 796/947/958 798/949/969 769/920/878
f 1390/1609/1158 1397/1616/1165 1396/1615/1164 942/1111/1159
f 1438/1659/1426 1426/1646/1427 1397/1616/1165 1390/1609/1158
f 1426/1646/1427 1439/1660/1428 1393/1612/1166 1397/1616/1165
f 1393/1612/1166 1398/1617/1162 1394/1613/1163 952/1121/1167
f 1439/1660/1428 1427/1647/1429 1398/1617/1162 1393/1612/1166
f 1427/1647/1429 1434/1655/1430 1383/1601/465 1398/1617/1162
f 1386/1605/1145 1399/1618/1157 1392/1611/1160 937/1106/1146
f 1437/1658/1431 1428/1648/1432 1399/1618/1157 1386/1605/1145
f 1428/1648/1432 1438/1659/1426 1390/1609/1158 1399/1618/1157
f 969/1139/1168 1425/1645/1153 938/1107/1149
f 1385/1604/1009 1400/1619/1144 1387/1606/1142 812/964/1010
f 1436/1657/1433 1429/1649/1434 1400/1619/1144 1385/1604/1009
f 1429/1649/1434 1437/1658/1431 1386/1605/1145 1400/1619/1144
f 1440/1661/1435 1401/1620/468 1379/1597/469 1433/1653/1436
f 1432/1652/1437 1376/1594/459 1401/1620/468 1440/1661/1435
f 1376/1594/459 263/329/458 1382/1600/467 1401/1620/468
f 1441/1662/1438 1402/1621/462 1383/1602/465 1434/1654/1430
f 1433/1653/1436 1379/1597/469 1402/1621/462 1441/1662/1438
f 1379/1597/469 276/345/466 1380/1598/463 1402/1621/462
f 1442/1663/1439 1403/1622/456 1376/1594/459 1432/1652/1437
f 1431/1651/1440 1372/1590/444 1403/1622/456 1442/1663/1439
f 1372/1590/444 256/320/441 1378/1596/457 1403/1622/456
f 1381/1599/452 270/338/479 293/363/471
f 1473/1696/1441 1404/1623/443 1372/1590/444 1431/1651/1440
f 1370/1588/305 1404/1623/443 1473/1696/1441
f 1370/1588/305 123/160/304 1373/1591/442 1404/1623/443
f 1444/1665/1442 1405/1624/302 1370/1588/305 1430/1650/1443
f 1435/1656/1444 1384/1603/491 1405/1624/302 1444/1665/1442
f 1384/1603/491 295/366/487 1369/1587/303 1405/1624/302
f 297/369/310 1411/1631/1445 1424/1644/1446 1371/1589/311
f 1371/1589/311 1424/1644/1446 1406/1625/1447 142/181/312
f 142/181/312 1406/1625/1447 1423/1643/1448 1374/1592/446
f 1374/1592/446 1423/1643/1448 1407/1626/1449 258/323/447
f 258/323/447 1407/1626/1449 1422/1642/1450 1377/1595/453
f 1377/1595/453 1422/1642/1450 1408/1627/1451 265/332/454
f 270/338/479 1409/1628/1452 1421/1641/1453 1375/1593/480
f 1375/1593/480 1421/1641/1453 1410/1629/1454 262/327/1455
f 265/332/454 1408/1627/1451 1420/1640/1456 1381/1599/452
f 1381/1599/452 1420/1640/1456 1409/1628/1452 270/338/479
f 1388/1607/1148 938/1107/1149 1413/1633/1457 1419/1639/1458
f 830/983/1016 1388/1607/1148 1419/1639/1458 1412/1632/1459
f 1391/1610/1152 943/1112/1155 1414/1634/1460 1418/1638/1461
f 938/1107/1149 1391/1610/1152 1418/1638/1461 1413/1633/1457
f 1389/1608/1169 262/328/1455 1410/1630/1454 1417/1637/1462
f 947/1116/1170 1389/1608/1169 1417/1637/1462 1415/1635/1463
f 1395/1614/1154 947/1116/1170 1415/1635/1463 1416/1636/1464
f 943/1112/1155 1395/1614/1154 1416/1636/1464 1414/1634/1460
f 1411/1631/1445 1435/1656/1444 1444/1665/1442 1424/1644/1446
f 1424/1644/1446 1444/1665/1442 1430/1650/1443 1406/1625/1447
f 1406/1625/1447 1430/1650/1443 1443/1664/1465 1423/1643/1448
f 1423/1643/1448 1443/1664/1465 1431/1651/1440 1407/1626/1449
f 1407/1626/1449 1431/1651/1440 1442/1663/1439 1422/1642/1450
f 1422/1642/1450 1442/1663/1439 1432/1652/1437 1408/1627/1451
f 1409/1628/1452 1433/1653/1436 1441/1662/1438 1421/1641/1453
f 1421/1641/1453 1441/1662/1438 1434/1654/1430 1410/1629/1454
f 1408/1627/1451 1432/1652/1437 1440/1661/1435 1420/1640/1456
f 1420/1640/1456 1440/1661/1435 1433/1653/1436 1409/1628/1452
f 1419/1639/1458 1413/1633/1457 1437/1658/1431 1429/1649/1434
f 1412/1632/1459 1419/1639/1458 1429/1649/1434 1436/1657/1433
f 1418/1638/1461 1414/1634/1460 1438/1659/1426 1428/1648/1432
f 1413/1633/1457 1418/1638/1461 1428/1648/1432 1437/1658/1431
f 1417/1637/1462 1410/1630/1454 1434/1655/1430 1427/1647/1429
f 1415/1635/1463 1417/1637/1462 1427/1647/1429 1439/1660/1428
f 1416/1636/1464 1415/1635/1463 1439/1660/1428 1426/1646/1427
f 1414/1634/1460 1416/1636/1464 1426/1646/1427 1438/1659/1426
f 1446/1667/1466 1412/1632/1459 1436/1657/1433 1445/1666/1178
f 830/983/1016 1412/1632/1459 1446/1667/1466 1468/1691/1467
f 1465/1688/1468 1447/1668/1469 1435/1656/1444 1411/1631/1445
f 118/151/476 1448/1669/500 1461/1684/1182 961/1130/1019
f 831/984/1048 1458/1681/1185 1460/1683/1181 900/1068/1003
f 811/963/1006 1456/1679/1180 1459/1682/1184 882/1050/1047
f 882/1050/1047 1459/1682/1184 1458/1681/1185 831/984/1048
f 961/1130/1019 1461/1684/1182 1457/1680/1183 829/982/1020
f 900/1068/1003 1460/1683/1181 1450/1672/495 121/156/292
f 1463/1686/1008 1466/1689/1179 1456/1679/1180 811/963/1006
f 118/152/476 285/354/314 1455/1678/496 1448/1670/500
f 143/182/343 215/274/293 1454/1677/494 1452/1675/499
f 120/155/300 196/254/344 1453/1676/498 1449/1671/493
f 196/254/344 143/182/343 1452/1675/499 1453/1676/498
f 285/354/314 141/180/301 1451/1674/497 1455/1678/496
f 215/274/293 121/157/292 1450/1673/495 1454/1677/494
f 120/155/300 1449/1671/493 1471/1694/492
f 1464/1687/1470 1462/1685/1471 1447/1668/1469 1465/1688/1468
f 141/180/301 120/155/300 1462/1685/1471 1464/1687/1470
f 1451/1674/497 1464/1687/1470 1465/1688/1468 305/379/488
f 141/180/301 1464/1687/1470 1451/1674/497
f 305/379/488 1465/1688/1468 1411/1631/1445 297/369/310
f 1470/1693/1472 1469/1692/1473 1467/1690/1177 1466/1689/1179
f 829/982/1020 1470/1693/1472 1466/1689/1179 1463/1686/1008
f 1468/1691/1467 1446/1667/1466 1445/1666/1178
f 971/1141/1017 830/983/1016 1468/1691/1467
f 1457/1680/1183 977/1147/1176 1469/1692/1473 1470/1693/1472
f 977/1147/1176 971/1141/1017 1468/1691/1467 1469/1692/1473
f 829/982/1020 1457/1680/1183 1470/1693/1472
f 1462/1685/1471 1471/1694/492 1472/1695/490 1447/1668/1469
f 1447/1668/1469 1472/1695/490 1384/1603/491 1435/1656/1444
f 1462/1685/1471 120/155/300 1471/1694/492
f 1443/1664/1465 1473/1696/1441 1431/1651/1440
f 1430/1650/1443 1370/1588/305 1473/1696/1441 1443/1664/1465
f 286/355/448 301/373/478 142/181/312
f 301/373/478 297/369/310 142/181/312
f 1369/1587/303 295/366/487 299/371/335
f 299/371/335 198/256/338 1369/1587/303
f 1373/1591/442 123/160/304 198/256/338
f 198/256/338 260/325/440 1373/1591/442
f 293/363/471 286/355/448 258/323/447
f 286/355/448 142/181/312 1374/1592/446
f 1378/1596/457 256/320/441 267/334/455
f 256/320/441 260/325/440 267/334/455
f 1380/1598/463 276/345/466 273/342/460
f 273/342/460 272/340/461 1380/1598/463
f 1382/1600/467 263/329/458 267/334/455
f 267/334/455 273/342/460 1382/1600/467
f 262/327/1455 255/318/472 1375/1593/480
f 255/318/472 293/363/471 1375/1593/480
f 993/1163/1123 988/1158/1007 811/963/1006
f 988/1158/1007 829/982/1020 1463/1686/1008
f 970/1140/1011 1445/1666/1178 1385/1604/1009
f 1445/1666/1178 1436/1657/1433 1385/1604/1009
f 884/1052/1042 812/964/1010 1387/1606/1142
f 1387/1606/1142 937/1106/1146 940/1109/1143
f 830/983/1016 962/1131/1015 1388/1607/1148
f 962/1131/1015 969/1139/1168 938/1107/1149
f 940/1109/1143 937/1106/1146 1392/1611/1160
f 1392/1611/1160 942/1111/1159 945/1114/1156
f 949/1118/1161 952/1121/1167 1394/1613/1163
f 1394/1613/1163 269/337/464 272/341/461
f 945/1114/1156 942/1111/1159 1396/1615/1164
f 1396/1615/1164 952/1121/1167 949/1118/1161
f 969/1139/1168 255/319/472 1389/1608/1169
f 255/319/472 262/328/1455 1389/1608/1169
f 969/1139/1168 947/1116/1170 1395/1614/1154
f 1425/1645/1153 1391/1610/1152 938/1107/1149
f 969/1139/1168 1395/1614/1154 1425/1645/1153
f 293/363/471 258/323/447 1377/1595/453
f 1377/1595/453 1381/1599/452 293/363/471
f 1467/1690/1177 1469/1692/1473 1445/1666/1178
f 1469/1692/1473 1468/1691/1467 1445/1666/1178
o D02_Crill_Low
v -1.481472 2.601378 -9.479192
v -1.270895 2.113073 -9.388815
v -1.521069 3.286353 -10.475450
v -1.270895 3.101856 -10.538804
v -1.502198 2.979027 -10.061841
v -1.491118 3.171555 -10.279011
v -1.419673 2.693050 -9.431124
v -1.415799 3.388205 -10.479044
v -1.199714 2.436289 -9.397747
v -1.199714 3.291777 -10.513685
v -1.375468 3.455472 -10.827174
v -1.354772 3.335421 -10.492168
v -1.408321 3.305866 -11.010246
v -1.467884 2.842880 -9.842176
v -1.479995 2.681611 -9.601876
v -1.270895 2.310829 -9.618813
v -1.270895 2.508586 -9.848810
v -1.270895 2.706343 -10.078809
v -1.270895 2.904099 -10.308806
v -1.419180 2.781549 -9.564531
v -1.418174 2.962007 -9.836567
v -1.417349 3.110143 -10.059876
v -1.416574 3.249174 -10.269461
v -1.199714 2.554548 -9.552010
v -1.199714 2.778485 -9.844122
v -1.199714 2.949582 -10.067310
v -1.199714 3.120680 -10.290497
v -1.337340 3.481922 -10.736072
v -1.474135 3.153482 -10.493472
v -1.213216 3.333909 -10.552681
v -1.208956 3.472082 -10.789347
v -1.322081 3.161091 -10.559771
v -1.495844 3.125537 -10.185888
v -1.270895 2.805221 -10.193808
v -1.416961 3.179658 -10.164668
v -1.199714 3.035131 -10.178904
v -1.263818 3.443896 -10.871717
v -1.468923 2.919446 -9.975309
v -1.270895 2.607464 -9.963810
v -1.417736 3.040627 -9.955084
v -1.199714 2.864033 -9.955716
v -1.469243 2.769066 -9.729305
v -1.270895 2.409708 -9.733811
v -1.418621 2.881833 -9.715706
v -1.199714 2.692936 -9.732529
v -1.270895 2.993595 -10.412893
v -1.416223 3.312093 -10.364308
v -1.199714 3.198111 -10.391501
v -1.479169 3.250200 -10.371270
v -1.335709 3.373528 -10.944756
v -1.350210 3.444403 -10.486317
v -1.352915 2.720347 -9.422666
v -1.352655 2.806511 -9.548710
v -1.351977 3.000471 -9.834188
v -1.351402 3.154757 -10.060844
v -1.350824 3.299571 -10.273576
v -1.351117 3.227162 -10.167210
v -1.351677 3.082354 -9.954481
v -1.352253 2.923930 -9.721582
v -1.350551 3.365113 -10.369851
v -1.416770 3.391586 -10.914731
v -1.468396 3.317107 -10.986191
v -1.185699 3.468150 -10.683395
v -1.185863 3.405527 -10.594984
v -1.317414 3.476293 -10.628345
v -1.323310 3.410285 -10.536795
v -1.274653 3.417884 -10.751297
v -1.248844 3.337295 -10.906328
v -1.270788 3.417195 -10.667221
v -1.157425 3.409167 -10.664142
v -1.176662 3.408439 -10.747288
v -1.213281 3.378015 -10.826539
v -1.283654 3.392748 -10.831174
v -1.301599 3.346466 -10.908420
v -1.162173 3.375058 -10.588737
v -1.278608 3.381701 -10.591604
v -1.196081 3.498013 -10.815704
v -1.301556 3.316757 -10.517986
v -1.104616 3.377220 -10.962391
v -1.225790 3.518676 -10.731836
v -1.167158 3.343091 -10.530899
v -1.134441 3.530896 -10.705800
v -1.117221 3.505834 -10.791788
v -1.108701 3.440694 -10.879597
v -1.165803 3.443701 -10.898614
v -1.147617 3.377415 -10.975199
v -1.135096 3.491870 -10.618273
v -1.145583 3.423857 -10.553556
v -1.260986 3.473416 -10.606691
v -1.276499 3.401236 -10.541191
v -1.352111 3.418912 -10.711561
v -1.374095 3.397241 -10.846940
v -1.327486 3.402246 -10.652063
v -1.242453 3.398760 -10.680859
v -1.278353 3.413721 -10.735961
v -1.327316 3.404690 -10.789431
v -1.380443 3.414846 -10.771649
v -1.401903 3.401398 -10.837116
v -1.227746 3.357931 -10.631786
v -1.315066 3.360227 -10.602304
v -1.520140 3.221378 -10.382717
v -1.595512 3.189097 -10.445445
v -1.268254 3.465312 -10.494021
v -1.224709 3.442171 -10.497594
v -1.228846 2.688988 -9.409166
v -1.271175 2.725640 -9.419727
v -1.228348 2.792762 -9.559169
v -1.270844 2.823394 -9.561499
v -1.227379 2.982830 -9.833882
v -1.270063 3.012457 -9.836303
v -1.226546 3.140059 -10.061110
v -1.269441 3.169177 -10.063930
v -1.225667 3.290937 -10.279119
v -1.268850 3.317187 -10.278895
v -1.269146 3.243169 -10.171394
v -1.226115 3.215458 -10.170062
v -1.269735 3.095209 -9.956497
v -1.226961 3.064733 -9.952256
v -1.270372 2.937199 -9.726933
v -1.227767 2.907542 -9.725069
v -1.268581 3.384205 -10.376230
v -1.225244 3.359330 -10.377928
v -1.554648 3.093807 -10.250978
v -1.573091 3.057912 -10.213037
v -1.592813 2.805161 -10.037701
v -1.561790 2.816707 -10.003368
v -1.574608 2.710912 -9.839554
v -1.575100 2.684211 -9.798725
v -1.542756 2.500736 -9.546042
v -1.542165 2.532829 -9.595117
vn 0.9943 -0.0799 -0.0703
vn 0.9249 -0.2949 -0.2400
vn 0.9205 -0.3031 -0.2467
vn 0.9999 -0.0048 -0.0110
vn -0.6452 0.6270 0.4366
vn -0.5885 0.6682 0.4551
vn -0.5715 0.6786 0.4614
vn -0.6264 0.6372 0.4491
vn 0.2109 0.8053 0.5542
vn 0.2011 0.8072 0.5549
vn -0.2674 0.7980 0.5401
vn -0.2476 0.8018 0.5439
vn 0.2596 0.7949 0.5484
vn -0.2445 0.8022 0.5448
vn -0.0696 0.8926 -0.4454
vn -0.0642 0.9037 -0.4233
vn -0.1055 0.7728 -0.6258
vn -0.1052 0.7678 -0.6320
vn 0.3998 -0.0615 0.9145
vn 0.3865 -0.2695 0.8820
vn 0.3953 0.1487 0.9064
vn -0.6742 0.6192 0.4025
vn -0.6980 0.5997 0.3914
vn 0.8180 0.4713 0.3298
vn 0.9969 -0.0591 -0.0522
vn 0.9966 -0.0618 -0.0550
vn 0.8145 0.4754 0.3326
vn 0.8112 0.4790 0.3354
vn 0.9962 -0.0649 -0.0577
vn 0.9958 -0.0682 -0.0604
vn 0.8079 0.4827 0.3381
vn 0.8045 0.4865 0.3409
vn 0.9954 -0.0718 -0.0635
vn 0.9949 -0.0756 -0.0667
vn 0.8009 0.4903 0.3437
vn -0.6755 0.6152 0.4065
vn -0.2828 0.7942 0.5378
vn -0.7155 0.5841 0.3834
vn -0.6858 0.5841 0.4343
vn -0.2969 0.7905 0.5356
vn -0.3101 0.7870 0.5333
vn -0.6165 0.6211 0.4839
vn -0.5850 0.6694 0.4579
vn -0.3227 0.7836 0.5309
vn -0.3348 0.7801 0.5285
vn -0.5902 0.6762 0.4410
vn -0.8772 0.4054 0.2574
vn -0.8758 0.4101 0.2546
vn -0.8416 0.4593 0.2841
vn -0.8629 0.4265 0.2712
vn -0.8250 0.4087 0.3903
vn -0.7557 0.4522 0.4737
vn -0.6765 0.6226 0.3934
vn -0.6638 0.6516 0.3672
vn 0.9859 -0.1281 -0.1081
vn 0.9578 -0.2219 -0.1825
vn 0.9565 -0.2261 -0.1843
vn 0.9972 -0.0555 -0.0491
vn 0.9529 -0.2360 -0.1903
vn 0.9489 -0.2448 -0.1993
vn 0.9450 -0.2536 -0.2064
vn 0.9408 -0.2630 -0.2140
vn 0.9360 -0.2730 -0.2222
vn 0.9307 -0.2837 -0.2309
vn 0.1693 0.8119 0.5587
vn 0.1619 0.8129 0.5594
vn 0.1844 0.8097 0.5571
vn 0.1768 0.8108 0.5579
vn 0.1923 0.8086 0.5561
vn -0.3466 0.7766 0.5261
vn 0.7972 0.4943 0.3466
vn 0.7159 0.5725 0.3997
vn 0.9104 0.3379 0.2386
vn 0.8218 0.4668 0.3267
vn 0.1543 0.8139 0.5601
vn -0.3060 0.7876 0.5348
vn -0.1038 0.7356 -0.6694
vn 0.0291 0.9924 -0.1197
vn 0.0252 0.9911 -0.1307
vn 0.3473 0.5311 0.7728
vn 0.3213 0.6430 0.6952
vn 0.1710 0.9481 0.2682
vn 0.2035 0.9113 0.3580
vn 0.1210 0.9718 -0.2026
vn 0.1109 0.9823 -0.1507
vn 0.1665 0.8883 -0.4281
vn 0.1725 0.8749 -0.4525
vn 0.1898 0.8300 -0.5245
vn 0.0667 0.9759 0.2077
vn 0.0649 0.9712 0.2292
vn 0.0469 0.9057 0.4213
vn 0.0545 0.9092 -0.4127
vn 0.0452 0.9162 -0.3981
vn 0.1753 0.8029 -0.5698
vn 0.1790 0.8001 -0.5725
vn 0.2149 0.7718 -0.5984
vn -0.1004 0.9939 0.0455
vn -0.1048 0.9921 0.0685
vn 0.0129 0.4289 0.9033
vn 0.0449 0.2554 0.9658
vn -0.0092 0.5385 0.8426
vn -0.1085 0.8462 0.5218
vn -0.0868 0.7984 0.5958
vn 0.0937 0.9955 0.0111
vn 0.1017 0.9927 0.0644
vn 0.0783 0.9801 -0.1822
vn 0.0821 0.9784 -0.1896
vn 0.0971 0.9709 -0.2188
vn 0.1772 0.8972 0.4044
vn 0.1823 0.8873 0.4236
vn 0.2252 0.7762 0.5889
vn -0.6235 0.6374 0.4528
vn 0.1524 0.8142 0.5603
vn -0.6855 0.6657 0.2948
vn -0.6982 0.4553 0.5524
vn -0.7170 0.5873 0.3755
vn -0.8918 0.3835 0.2401
vt 0.481817 0.225730
vt 0.880235 0.000302
vt 0.536546 0.862590
vt 0.880235 0.797412
vt 0.505100 0.591928
vt 0.540645 0.742137
vt 0.545172 0.225567
vt 0.609743 0.886451
vt 0.748705 0.114102
vt 0.788333 0.853148
vt 0.966395 0.126240
vt 0.971883 0.343167
vt 0.966344 0.000297
vt 0.506255 0.453631
vt 0.488768 0.302457
vt 0.879680 0.159646
vt 0.879211 0.319003
vt 0.879014 0.478403
vt 0.879351 0.637882
vt 0.552952 0.309373
vt 0.568738 0.480502
vt 0.581892 0.622406
vt 0.596013 0.754830
vt 0.753819 0.216107
vt 0.763567 0.409441
vt 0.771329 0.557381
vt 0.779659 0.705378
vt 0.955088 0.178878
vt 0.999756 0.454315
vt 0.893769 0.321468
vt 0.883582 0.162401
vt 0.916823 0.426591
vt 0.537330 0.687639
vt 0.879104 0.558132
vt 0.588951 0.688824
vt 0.775425 0.631394
vt 0.904338 0.112344
vt 0.508243 0.534245
vt 0.879062 0.398697
vt 0.575355 0.555678
vt 0.767388 0.483386
vt 0.499994 0.383078
vt 0.879421 0.239319
vt 0.561796 0.404397
vt 0.759818 0.335549
vt 0.879703 0.710080
vt 0.602255 0.814427
vt 0.783565 0.772287
vt 0.556870 0.804024
vt 0.934981 0.054494
vt 0.652658 0.901753
vt 0.583323 0.226371
vt 0.591105 0.306255
vt 0.608585 0.487213
vt 0.623140 0.631899
vt 0.637945 0.767119
vt 0.630522 0.699634
vt 0.616065 0.563956
vt 0.601716 0.415718
vt 0.644619 0.828085
vt 0.979864 0.066663
vt 0.999756 0.009238
vt 0.880590 0.219482
vt 0.883827 0.276443
vt 0.953908 0.236633
vt 0.960037 0.295832
vt 0.409584 0.092825
vt 0.386439 0.002148
vt 0.409608 0.137153
vt 0.349897 0.141606
vt 0.357892 0.097373
vt 0.373244 0.051165
vt 0.411096 0.048493
vt 0.414599 0.000261
vt 0.353292 0.185132
vt 0.414599 0.181058
vt 0.451250 0.705880
vt 0.457180 0.926174
vt 0.433590 0.596010
vt 0.452179 0.753975
vt 0.390469 0.897929
vt 0.401748 0.753378
vt 0.407658 0.705711
vt 0.420204 0.649338
vt 0.451877 0.651306
vt 0.457180 0.597373
vt 0.391582 0.802813
vt 0.387630 0.852404
vt 0.454585 0.826427
vt 0.452922 0.878377
vt 0.048416 0.072073
vt 0.031762 0.000791
vt 0.047510 0.107093
vt 0.000246 0.109363
vt 0.007485 0.074587
vt 0.020578 0.038404
vt 0.050536 0.037084
vt 0.047439 0.000244
vt 0.002020 0.143820
vt 0.050536 0.141880
vt 0.529873 0.803460
vt 0.480847 0.826692
vt 0.697042 0.906632
vt 0.721771 0.898603
vt 0.650244 0.204660
vt 0.626235 0.222557
vt 0.659630 0.300089
vt 0.635081 0.312658
vt 0.676857 0.475175
vt 0.652339 0.487539
vt 0.691669 0.620439
vt 0.667248 0.632991
vt 0.706630 0.759578
vt 0.682120 0.769988
vt 0.674650 0.701558
vt 0.699099 0.690037
vt 0.660057 0.564322
vt 0.684446 0.550828
vt 0.645455 0.417846
vt 0.670004 0.405756
vt 0.688879 0.831848
vt 0.713471 0.822491
vt 0.494891 0.712093
vt 0.481587 0.686230
vt 0.414318 0.542116
vt 0.434494 0.527354
vt 0.423222 0.421195
vt 0.420957 0.395674
vt 0.410923 0.232282
vt 0.413703 0.262973
s 1
usemtl MT01_HorseHairs
f 1521/1744/1474 1519/1742/1475 1477/1700/1476 1483/1706/1477
f 1522/1745/1478 1520/1743/1479 1481/1704/1480 1476/1699/1481
f 1581/1804/1482 1592/1815/1483 1532/1755/1484 1526/1749/1485
f 1579/1802/1486 1581/1804/1482 1526/1749/1485 1525/1748/1487
f 1484/1707/1488 1510/1733/1489 1523/1746/1490 1534/1757/1491
f 1485/1708/1492 1502/1725/1493 1505/1728/1493 1503/1726/1494
f 1493/1716/1495 1526/1749/1485 1532/1755/1484 1517/1740/1496
f 1593/1816/1497 1518/1741/1498 1498/1721/1499 1582/1805/1500
f 1591/1814/1501 1514/1737/1502 1499/1722/1503 1584/1807/1504
f 1589/1812/1505 1509/1732/1506 1500/1723/1507 1586/1809/1508
f 1480/1703/1509 1525/1748/1487 1526/1749/1485 1493/1716/1495
f 1517/1740/1496 1532/1755/1484 1527/1750/1510 1494/1717/1511
f 1513/1736/1512 1531/1754/1513 1528/1751/1514 1495/1718/1515
f 1508/1731/1516 1530/1753/1517 1529/1752/1518 1496/1719/1519
f 1474/1697/1520 1480/1703/1509 1493/1716/1495 1488/1711/1521
f 1515/1738/1522 1517/1740/1496 1494/1717/1511 1487/1710/1523
f 1511/1734/1524 1513/1736/1512 1495/1718/1515 1478/1701/1525
f 1506/1729/1526 1508/1731/1516 1496/1719/1519 1479/1702/1527
f 1482/1705/1528 1475/1698/1529 1489/1712/1530 1497/1720/1531
f 1518/1741/1498 1516/1739/1532 1490/1713/1533 1498/1721/1499
f 1514/1737/1502 1512/1735/1534 1491/1714/1535 1499/1722/1503
f 1509/1732/1506 1507/1730/1536 1492/1715/1537 1500/1723/1507
f 1499/1722/1503 1491/1714/1535 1507/1730/1536 1509/1732/1506
f 1478/1701/1525 1495/1718/1515 1508/1731/1516 1506/1729/1526
f 1495/1718/1515 1528/1751/1514 1530/1753/1517 1508/1731/1516
f 1498/1721/1499 1490/1713/1533 1512/1735/1534 1514/1737/1502
f 1487/1710/1523 1494/1717/1511 1513/1736/1512 1511/1734/1524
f 1494/1717/1511 1527/1750/1510 1531/1754/1513 1513/1736/1512
f 1588/1811/1538 1587/1810/1539 1529/1752/1518 1530/1753/1517
f 1497/1720/1531 1489/1712/1530 1516/1739/1532 1518/1741/1498
f 1488/1711/1521 1493/1716/1495 1517/1740/1496 1515/1738/1522
f 1590/1813/1540 1585/1808/1541 1528/1751/1514 1531/1754/1513
f 1592/1815/1483 1583/1806/1542 1527/1750/1510 1532/1755/1484
f 1496/1719/1519 1529/1752/1518 1533/1756/1543 1520/1743/1479
f 1479/1702/1527 1496/1719/1519 1520/1743/1479 1522/1745/1478
f 1500/1723/1507 1492/1715/1537 1519/1742/1475 1521/1744/1474
f 1595/1818/1544 1521/1744/1474 1483/1706/1477 1577/1800/1545
f 1578/1801/1546 1482/1705/1528 1497/1720/1531 1580/1803/1547
f 1583/1806/1542 1590/1813/1540 1531/1754/1513 1527/1750/1510
f 1585/1808/1541 1588/1811/1538 1530/1753/1517 1528/1751/1514
f 1587/1810/1539 1594/1817/1548 1533/1756/1543 1529/1752/1518
f 1584/1807/1504 1499/1722/1503 1509/1732/1506 1589/1812/1505
f 1582/1805/1500 1498/1721/1499 1514/1737/1502 1591/1814/1501
f 1580/1803/1547 1497/1720/1531 1518/1741/1498 1593/1816/1497
f 1586/1809/1508 1500/1723/1507 1521/1744/1474 1595/1818/1544
f 1520/1743/1479 1533/1756/1543 1524/1747/1549 1481/1704/1480
f 1534/1757/1491 1523/1746/1490 1486/1709/1550 1535/1758/1550
f 1484/1707/1488 1501/1724/1551 1504/1727/1552 1510/1733/1489
f 1539/1762/1553 1485/1708/1492 1503/1726/1494 1537/1760/1554
f 1539/1762/1553 1537/1760/1554 1536/1759/1555 1538/1761/1556
f 1501/1724/1551 1538/1761/1556 1536/1759/1555 1504/1727/1552
f 1540/1763/1557 1544/1767/1558 1545/1768/1559 1546/1769/1560
f 1546/1769/1560 1545/1768/1559 1541/1764/1561 1547/1770/1561
f 1540/1763/1557 1542/1765/1562 1543/1766/1563 1544/1767/1558
f 1542/1765/1562 1549/1772/1564 1548/1771/1564 1543/1766/1563
f 1550/1773/1565 1556/1779/1566 1557/1780/1567 1558/1781/1568
f 1558/1781/1568 1557/1780/1567 1552/1775/1569 1559/1782/1569
f 1550/1773/1565 1553/1776/1570 1555/1778/1571 1556/1779/1566
f 1563/1786/1572 1551/1774/1573 1554/1777/1573 1561/1784/1574
f 1563/1786/1572 1561/1784/1574 1560/1783/1575 1562/1785/1576
f 1553/1776/1570 1562/1785/1576 1560/1783/1575 1555/1778/1571
f 1564/1787/1577 1568/1791/1578 1569/1792/1579 1570/1793/1580
f 1570/1793/1580 1569/1792/1579 1565/1788/1581 1571/1794/1581
f 1564/1787/1577 1566/1789/1582 1567/1790/1583 1568/1791/1578
f 1566/1789/1582 1573/1796/1584 1572/1795/1584 1567/1790/1583
f 1522/1745/1478 1476/1699/1481 1575/1798/1585 1574/1797/1585
f 1595/1818/1544 1577/1800/1545 1576/1799/1586 1594/1817/1548
f 1578/1801/1546 1580/1803/1547 1581/1804/1482 1579/1802/1486
f 1593/1816/1497 1582/1805/1500 1583/1806/1542 1592/1815/1483
f 1591/1814/1501 1584/1807/1504 1585/1808/1541 1590/1813/1540
f 1589/1812/1505 1586/1809/1508 1587/1810/1539 1588/1811/1538
f 1584/1807/1504 1589/1812/1505 1588/1811/1538 1585/1808/1541
f 1582/1805/1500 1591/1814/1501 1590/1813/1540 1583/1806/1542
f 1580/1803/1547 1593/1816/1497 1592/1815/1483 1581/1804/1482
f 1586/1809/1508 1595/1818/1544 1594/1817/1548 1587/1810/1539
f 1594/1817/1548 1576/1799/1586 1524/1747/1549 1533/1756/1543
f 1506/1729/1526 1479/1702/1527 1596/1819/1587 1597/1820/1587
f 1511/1734/1524 1478/1701/1525 1598/1821/1588 1599/1822/1588
f 1515/1738/1522 1487/1710/1523 1600/1823/1589 1601/1824/1589
f 1474/1697/1520 1488/1711/1521 1603/1826/1590 1602/1825/1590
o D04_Tail_Low
v -1.290363 0.378242 -6.502450
v -1.290362 0.390503 -6.515506
v -1.331602 1.752501 -7.016047
v -1.336496 1.739819 -6.995087
v -1.316870 1.684868 -6.793323
v -1.349256 1.692097 -6.791487
v -1.271022 1.686012 -6.795199
v -1.317949 1.647471 -6.745384
v -1.354083 1.653197 -6.741374
v -1.271049 1.650286 -6.748400
v -1.271070 1.616693 -6.714171
v -1.318996 1.614925 -6.712247
v -1.356828 1.620806 -6.708400
v -1.322849 1.516206 -6.619647
v -1.362494 1.517081 -6.617463
v -1.271343 1.524800 -6.626314
v -1.271586 1.470793 -6.580576
v -1.325513 1.455417 -6.571788
v -1.367418 1.455754 -6.570556
v -1.272627 1.371943 -6.525710
v -1.328488 1.358995 -6.523925
v -1.368926 1.360061 -6.521890
v -1.317463 0.496166 -6.548390
v -1.337695 0.641796 -6.559664
v -1.351775 0.807507 -6.538703
v -1.361903 0.965528 -6.513754
v -1.365745 1.132454 -6.493905
v -1.372010 1.297788 -6.505610
v -1.368856 1.405624 -6.541118
v -1.361169 1.580715 -6.670823
v -1.346794 1.719965 -6.846166
v -1.338290 1.723840 -6.960777
v -1.270900 1.874229 -7.025233
v -1.326768 1.849724 -7.009910
v -1.336554 1.784405 -7.021615
v -1.270894 1.792024 -7.071131
v -1.270894 1.739104 -7.040562
v -1.315260 1.710504 -6.965237
v -1.270917 1.705687 -6.968756
v -1.270790 1.708534 -6.844238
v -1.317261 1.709044 -6.846137
v -1.320605 1.576406 -6.675191
v -1.270891 0.359489 -6.497011
v -1.270873 0.386602 -6.522472
v -1.271077 1.578657 -6.677206
v -1.272098 1.423093 -6.548878
v -1.327203 1.404772 -6.542454
v -1.330111 1.296967 -6.510767
v -1.272707 1.293662 -6.509418
v -1.269562 1.135335 -6.508315
v -1.327862 1.132189 -6.505313
v -1.324491 0.968443 -6.530250
v -1.270565 0.968981 -6.536157
v -1.270929 0.809345 -6.562158
v -1.320100 0.808846 -6.554445
v -1.302881 0.641440 -6.573892
v -1.270895 0.641441 -6.577560
v -1.270658 0.491161 -6.560086
v -1.305509 0.491968 -6.553492
v -1.302938 0.404970 -6.499487
v -1.333510 0.508404 -6.499834
v -1.352140 0.655698 -6.477594
v -1.361197 0.818818 -6.447581
v -1.376557 0.979926 -6.402296
v -1.394419 1.154162 -6.358668
v -1.410744 1.436458 -6.413503
v -1.389728 1.659719 -6.529726
v -1.362243 1.777701 -6.661764
v -1.344689 1.835001 -6.849727
v -1.336975 1.823637 -7.011446
v -1.399588 1.311230 -6.358505
v -1.405358 1.370749 -6.381878
v -1.399508 1.547144 -6.444427
v -1.406886 1.492035 -6.428776
v -1.377918 1.724066 -6.596339
v -1.353817 1.811461 -6.751473
v -1.340828 1.840004 -6.945595
v -1.329097 1.860175 -6.938585
v -1.271384 1.889578 -6.939338
v -1.337621 1.836616 -6.752151
v -1.271136 1.861410 -6.749395
v -1.353952 1.757722 -6.595313
v -1.270532 1.778948 -6.581339
v -1.371946 1.531429 -6.403323
v -1.271953 1.577153 -6.391975
v -1.365141 1.582856 -6.426603
v -1.271543 1.631317 -6.427609
v -1.272628 1.441548 -6.331101
v -1.370362 1.407550 -6.353666
v -1.366596 1.343151 -6.332705
v -1.272025 1.367954 -6.308648
v -1.270895 1.841094 -7.065450
v -1.298809 0.399871 -6.518474
v -1.332713 1.854890 -6.854176
v -1.271717 1.883233 -6.848894
v -1.270550 1.825786 -6.656856
v -1.341233 1.803830 -6.660851
v -1.356268 1.697659 -6.518750
v -1.270654 1.714575 -6.503153
v -1.272886 1.516378 -6.360569
v -1.378602 1.472102 -6.383383
v -1.366827 1.145984 -6.331918
v -1.270816 1.138492 -6.301801
v -1.270034 0.998279 -6.348609
v -1.348618 0.979516 -6.378009
v -1.334980 0.813718 -6.429420
v -1.270906 0.808710 -6.415794
v -1.270441 0.652780 -6.451893
v -1.323566 0.653346 -6.460597
v -1.310205 0.495923 -6.485775
v -1.269235 0.494332 -6.478405
v -1.269954 0.404508 -6.484399
v -1.292365 0.404708 -6.489423
v -1.297274 0.390880 -6.507130
v -1.310719 0.443178 -6.531603
v -1.299772 0.434009 -6.536640
v -1.270851 0.435343 -6.543321
v -1.312943 0.453935 -6.495765
v -1.268983 0.446241 -6.482345
v -1.300676 0.453208 -6.487608
v -1.331581 0.563382 -6.556112
v -1.300838 0.564391 -6.569952
v -1.270910 0.565013 -6.574562
v -1.345562 0.584351 -6.490319
v -1.269182 0.576099 -6.466016
v -1.320330 0.575869 -6.477047
v -1.271134 1.885842 -6.983898
v -1.336451 1.841517 -6.983541
v -1.325796 1.859863 -6.980736
v -1.348185 1.747427 -6.959186
v -1.360997 1.764786 -6.845056
v -1.370199 1.734624 -6.777952
v -1.381719 1.703242 -6.714686
v -1.391752 1.658217 -6.673793
v -1.401788 1.608235 -6.631031
v -1.413075 1.525526 -6.568719
v -1.414684 1.463254 -6.532109
v -1.414093 1.411960 -6.506372
v -1.414547 1.362711 -6.483837
v -1.417441 1.302870 -6.455975
v -1.403465 1.133522 -6.457868
v -1.390449 0.965969 -6.475527
v -1.367944 0.809344 -6.516571
v -1.364675 0.641365 -6.530266
v -1.336798 0.499455 -6.530438
v -1.301434 0.403094 -6.511243
v -1.323419 0.454518 -6.522905
v -1.356755 0.565628 -6.526666
v -1.344381 1.768154 -6.993614
v -1.270317 0.379706 -6.484647
v -1.293039 0.390497 -6.494612
v -1.300098 0.395632 -6.498879
v -1.270599 0.369280 -6.512963
v -1.285613 0.377302 -6.509651
v -1.344505 0.723910 -6.550815
v -1.312035 0.725379 -6.566033
v -1.270888 0.725641 -6.571747
v -1.354795 0.735409 -6.463112
v -1.270746 0.731246 -6.434616
v -1.327644 0.734842 -6.445581
v -1.367894 0.725258 -6.524209
v -1.356361 0.886348 -6.526846
v -1.322695 0.888704 -6.543680
v -1.270769 0.889443 -6.551068
v -1.371485 0.904673 -6.430001
v -1.270762 0.902925 -6.386691
v -1.343149 0.896204 -6.408058
v -1.379414 0.887424 -6.495925
v -1.361311 1.047571 -6.502932
v -1.324718 1.049441 -6.515534
v -1.270295 1.053453 -6.519800
v -1.387808 1.070833 -6.378471
v -1.270498 1.065367 -6.322591
v -1.367730 1.063245 -6.358304
v -1.397083 1.049696 -6.465697
v -1.368096 1.215790 -6.496203
v -1.328780 1.214901 -6.504601
v -1.270973 1.211453 -6.505561
v -1.400826 1.231390 -6.355969
v -1.271251 1.246353 -6.291458
v -1.371709 1.245365 -6.324599
v -1.410393 1.217878 -6.457452
v -1.271213 1.552096 -6.651751
v -1.362462 1.549397 -6.642756
v -1.321747 1.546708 -6.647145
v -1.398717 1.601667 -6.486145
v -1.365840 1.641335 -6.470413
v -1.270972 1.677789 -6.465336
v -1.407334 1.566687 -6.600818
v -1.315298 1.713494 -6.905919
v -1.270903 1.713312 -6.905739
v -1.341301 1.842892 -6.899169
v -1.343742 1.726457 -6.904717
v -1.271996 1.888516 -6.899126
v -1.329227 1.861317 -6.897162
v -1.355760 1.760883 -6.901918
v -1.283672 0.358490 -6.498238
v -1.301494 1.745336 -7.037014
v -1.296187 1.685392 -6.794719
v -1.296136 1.648911 -6.747302
v -1.296155 1.615910 -6.713720
v -1.296461 1.521721 -6.624239
v -1.296888 1.465602 -6.577814
v -1.280199 0.387596 -6.522408
v -1.297647 1.367925 -6.525542
v -1.321437 1.840547 -7.038231
v -1.307506 1.864973 -7.022216
v -1.301699 1.788641 -7.061317
v -1.296294 1.707993 -6.967540
v -1.295987 1.708315 -6.844979
v -1.296145 1.577714 -6.676680
v -1.297399 1.416002 -6.546520
v -1.296877 1.294725 -6.510487
v -1.297733 1.133896 -6.508210
v -1.298161 0.968370 -6.535267
v -1.296325 0.809273 -6.560211
v -1.287980 0.641441 -6.576818
v -1.287182 0.490566 -6.558796
v -1.300011 1.883946 -6.941804
v -1.305407 1.857219 -6.751727
v -1.309516 1.775251 -6.583425
v -1.323600 1.558213 -6.390681
v -1.316912 1.611678 -6.420871
v -1.326231 1.427595 -6.337210
v -1.320542 1.355995 -6.313567
v -1.298535 1.879521 -6.855558
v -1.301519 1.821760 -6.655832
v -1.309944 1.712669 -6.506893
v -1.329345 1.498274 -6.364641
v -1.311863 1.139487 -6.306709
v -1.320848 0.979516 -6.365182
v -1.307059 0.811988 -6.419508
v -1.285991 0.652690 -6.452284
v -1.284021 0.494245 -6.478867
v -1.288348 0.404692 -6.487535
v -1.285426 0.446705 -6.483601
v -1.288516 0.435638 -6.541026
v -1.284227 0.575932 -6.466504
v -1.288381 0.564934 -6.573394
v -1.303746 1.878988 -6.979461
v -1.283173 0.384526 -6.487481
v -1.278481 0.370892 -6.514775
v -1.291166 0.731665 -6.435677
v -1.296485 0.725477 -6.569268
v -1.308950 0.901680 -6.391835
v -1.297769 0.889350 -6.549250
v -1.315232 1.065095 -6.329206
v -1.297926 1.052073 -6.519220
v -1.319597 1.246256 -6.299004
v -1.296090 1.212544 -6.506002
v -1.312732 1.666567 -6.461665
v -1.296196 1.550120 -6.650345
v -1.299810 1.883633 -6.899084
v -1.296142 1.713108 -6.905768
v -1.271014 0.398575 -6.529689
v -1.282636 0.399875 -6.528294
v -1.293568 0.399577 -6.521893
v -1.270826 0.527686 -6.567978
v -1.342017 0.544937 -6.497754
v -1.314035 0.536128 -6.481236
v -1.325146 0.529495 -6.553219
v -1.303918 0.527654 -6.563169
v -1.269380 0.536025 -6.473174
v -1.348202 0.532195 -6.528715
v -1.288074 0.527368 -6.566792
v -1.284123 0.536111 -6.473536
v -1.335281 0.603048 -6.559025
v -1.302078 0.602985 -6.573348
v -1.270561 0.614121 -6.458927
v -1.270900 0.603214 -6.577131
v -1.350971 0.617615 -6.485534
v -1.318801 0.617443 -6.466513
v -1.362823 0.603029 -6.528945
v -1.288175 0.613669 -6.459592
v -1.288378 0.603187 -6.576223
v -1.350420 1.793736 -6.952969
v -1.356438 1.796712 -6.848590
v -1.366720 1.771245 -6.766734
v -1.377336 1.742108 -6.686314
v -1.391186 1.693427 -6.636247
v -1.404543 1.635365 -6.586618
v -1.418545 1.541411 -6.510363
v -1.421705 1.481826 -6.480318
v -1.421875 1.426089 -6.458224
v -1.421266 1.370752 -6.433015
v -1.419846 1.306731 -6.408104
v -1.412262 1.136333 -6.412486
v -1.393226 0.966979 -6.440566
v -1.374327 0.810686 -6.483987
v -1.366131 0.637813 -6.505217
v -1.336398 0.497175 -6.516429
v -1.339155 1.817273 -7.012333
v -1.270894 1.815616 -7.072811
v -1.293058 0.384610 -6.496614
v -1.298907 0.393220 -6.500546
v -1.321698 0.451342 -6.508652
v -1.354974 0.566505 -6.510729
v -1.344528 1.806582 -6.988770
v -1.302230 0.404019 -6.505368
v -1.270849 0.371503 -6.484251
v -1.369792 0.721715 -6.494795
v -1.384127 0.892844 -6.462729
v -1.401563 1.051228 -6.424495
v -1.417835 1.222475 -6.407628
v -1.413172 1.588291 -6.560470
v -1.354014 1.793596 -6.901005
v -1.283925 0.372204 -6.491548
v -1.318465 1.816782 -7.052155
v -1.347058 0.534956 -6.513078
v -1.361541 0.605932 -6.508706
v -1.340805 1.734157 -6.978481
v -1.318892 1.716208 -6.987042
v -1.271096 1.710304 -6.995491
v -1.340395 1.835776 -6.963717
v -1.331982 1.854514 -6.955342
v -1.270866 1.888373 -6.958924
v -1.347603 1.761428 -6.975996
v -1.299118 1.883403 -6.959714
v -1.299498 1.713495 -6.993684
v -1.347970 1.799834 -6.970310
v -1.297181 1.723441 -7.015500
v -1.319403 1.726819 -7.004203
v -1.270813 1.720618 -7.018357
v -1.244866 0.374635 -6.501784
v -1.249484 0.388406 -6.519106
v -1.210677 1.752975 -7.017693
v -1.205143 1.740108 -6.995151
v -1.225849 1.685786 -6.792729
v -1.190687 1.693100 -6.788300
v -1.224403 1.648708 -6.745016
v -1.187182 1.657366 -6.741968
v -1.223087 1.616068 -6.711339
v -1.184849 1.622398 -6.706459
v -1.219339 1.518344 -6.618307
v -1.179328 1.520481 -6.614357
v -1.217388 1.457783 -6.568991
v -1.176903 1.460008 -6.565104
v -1.215073 1.360824 -6.518605
v -1.174121 1.365654 -6.513361
v -1.223437 0.495653 -6.549984
v -1.204312 0.641465 -6.559533
v -1.191597 0.807322 -6.538172
v -1.182353 0.965173 -6.511472
v -1.180180 1.131128 -6.488136
v -1.173862 1.298869 -6.496667
v -1.177849 1.410435 -6.534478
v -1.181995 1.581467 -6.668180
v -1.192725 1.721854 -6.842111
v -1.202303 1.721865 -6.959256
v -1.214430 1.849372 -7.009353
v -1.205656 1.784474 -7.021399
v -1.225960 1.708025 -6.965612
v -1.224746 1.710005 -6.845954
v -1.221607 1.577689 -6.673927
v -1.215973 1.407341 -6.538079
v -1.212253 1.297620 -6.505050
v -1.215634 1.131586 -6.501427
v -1.217415 0.968595 -6.527585
v -1.221935 0.808871 -6.554007
v -1.238888 0.641441 -6.573996
v -1.235981 0.491610 -6.554624
v -1.236080 0.404437 -6.496778
v -1.203464 0.502956 -6.500277
v -1.190044 0.653959 -6.478379
v -1.181535 0.819187 -6.447492
v -1.162453 0.986568 -6.401917
v -1.144946 1.154074 -6.360244
v -1.131287 1.440016 -6.409690
v -1.151941 1.662971 -6.528995
v -1.183626 1.785174 -6.662722
v -1.197314 1.834916 -6.849721
v -1.205701 1.826218 -7.010024
v -1.141320 1.311856 -6.355989
v -1.133686 1.372551 -6.382334
v -1.140379 1.547168 -6.442659
v -1.134422 1.493913 -6.425876
v -1.167451 1.730134 -6.591585
v -1.187664 1.810331 -6.752144
v -1.201023 1.839988 -6.945592
v -1.211855 1.858849 -6.940509
v -1.205655 1.839545 -6.756601
v -1.182960 1.749856 -6.587195
v -1.168104 1.534543 -6.400760
v -1.175093 1.584534 -6.423467
v -1.167580 1.409427 -6.352427
v -1.175557 1.345547 -6.329392
v -1.241742 0.398879 -6.520407
v -1.206507 1.850514 -6.846795
v -1.192991 1.798186 -6.662156
v -1.179486 1.694314 -6.516127
v -1.160631 1.475851 -6.381623
v -1.174599 1.145527 -6.330276
v -1.192540 0.979319 -6.377567
v -1.205887 0.813563 -6.429766
v -1.217800 0.651702 -6.460700
v -1.230194 0.494775 -6.484029
v -1.248029 0.405170 -6.486293
v -1.239992 0.388232 -6.505417
v -1.229705 0.442373 -6.533489
v -1.241659 0.433626 -6.538084
v -1.226883 0.453327 -6.493080
v -1.240160 0.452088 -6.485477
v -1.209638 0.563136 -6.557125
v -1.240922 0.564603 -6.570629
v -1.192793 0.581461 -6.491354
v -1.221323 0.576145 -6.475611
v -1.205178 1.842701 -6.983573
v -1.215711 1.860138 -6.981975
v -1.193021 1.747161 -6.959235
v -1.181621 1.764935 -6.843413
v -1.172857 1.733008 -6.777924
v -1.162105 1.702617 -6.713474
v -1.151475 1.658382 -6.670845
v -1.142884 1.607893 -6.630585
v -1.132156 1.524430 -6.568411
v -1.132996 1.463437 -6.531519
v -1.134888 1.412883 -6.504419
v -1.135110 1.363143 -6.481865
v -1.129188 1.302675 -6.455802
v -1.143550 1.133813 -6.454855
v -1.154168 0.965584 -6.474523
v -1.175270 0.808671 -6.515623
v -1.178304 0.641421 -6.529579
v -1.202756 0.498675 -6.531928
v -1.236665 0.401587 -6.511752
v -1.216623 0.453468 -6.524199
v -1.184942 0.565526 -6.526782
v -1.197792 1.767814 -6.993569
v -1.245114 0.389408 -6.490768
v -1.236721 0.392572 -6.498456
v -1.253655 0.374974 -6.513939
v -1.198080 0.724329 -6.550357
v -1.229774 0.725373 -6.565954
v -1.185723 0.737349 -6.463963
v -1.214679 0.734851 -6.445519
v -1.175759 0.725238 -6.523800
v -1.187389 0.886286 -6.524463
v -1.219407 0.888299 -6.542139
v -1.172417 0.907735 -6.427563
v -1.200631 0.896294 -6.406060
v -1.166078 0.887435 -6.494864
v -1.182868 1.046559 -6.499347
v -1.217662 1.049063 -6.513009
v -1.154103 1.068245 -6.378100
v -1.173655 1.062903 -6.356951
v -1.148765 1.049768 -6.464958
v -1.176656 1.216002 -6.488390
v -1.214610 1.214998 -6.499056
v -1.140009 1.231844 -6.354528
v -1.169081 1.245430 -6.322776
v -1.138498 1.218443 -6.455238
v -1.180878 1.551774 -6.640816
v -1.220587 1.548211 -6.645849
v -1.144554 1.603321 -6.479367
v -1.173818 1.642926 -6.468261
v -1.136625 1.567149 -6.599869
v -1.226195 1.713460 -6.906025
v -1.200448 1.842968 -6.899517
v -1.197871 1.724353 -6.906237
v -1.211731 1.859443 -6.898782
v -1.186411 1.760855 -6.902372
v -1.258307 0.360331 -6.497046
v -1.239937 1.744565 -7.037829
v -1.245900 1.685968 -6.794320
v -1.245874 1.649482 -6.746883
v -1.246038 1.616482 -6.713178
v -1.246130 1.522638 -6.623515
v -1.246073 1.466586 -6.576610
v -1.261708 0.386874 -6.523570
v -1.246975 1.368590 -6.523295
v -1.220422 1.841016 -7.038198
v -1.234772 1.865701 -7.021722
v -1.239972 1.789940 -7.061986
v -1.245635 1.705421 -6.967517
v -1.245702 1.708816 -6.844926
v -1.245908 1.578297 -6.676089
v -1.246252 1.417426 -6.544766
v -1.247585 1.295246 -6.507979
v -1.242988 1.134201 -6.506368
v -1.244167 0.968069 -6.534410
v -1.245481 0.809229 -6.559925
v -1.253793 0.641441 -6.576903
v -1.254798 0.490473 -6.559382
v -1.241842 1.883954 -6.942863
v -1.236603 1.857197 -6.751266
v -1.231876 1.775259 -6.582718
v -1.217889 1.558571 -6.388027
v -1.224650 1.612833 -6.419282
v -1.216101 1.428452 -6.334486
v -1.221382 1.357080 -6.312004
v -1.246160 1.880867 -6.859614
v -1.242782 1.823560 -6.658021
v -1.230831 1.713107 -6.506268
v -1.213282 1.500124 -6.361731
v -1.229719 1.139145 -6.305566
v -1.220775 0.979328 -6.364740
v -1.234652 0.811873 -6.419099
v -1.255716 0.652513 -6.452119
v -1.257058 0.493619 -6.478089
v -1.250261 0.404288 -6.485623
v -1.253725 0.446325 -6.482576
v -1.252859 0.435275 -6.542048
v -1.256240 0.576348 -6.465868
v -1.253298 0.564925 -6.573718
v -1.236364 1.878160 -6.981050
v -1.253116 0.384240 -6.486782
v -1.263325 0.371013 -6.514484
v -1.250561 0.732504 -6.435116
v -1.245319 0.725467 -6.569191
v -1.233025 0.901181 -6.391533
v -1.243849 0.889282 -6.548597
v -1.232646 1.064603 -6.326970
v -1.243198 1.052076 -6.517704
v -1.222497 1.246392 -6.297550
v -1.246251 1.212540 -6.503780
v -1.228727 1.667360 -6.460614
v -1.246123 1.550807 -6.649612
v -1.242446 1.883075 -6.899138
v -1.245648 1.713334 -6.905828
v -1.258990 0.399230 -6.529958
v -1.247087 0.398781 -6.523779
v -1.196108 0.544310 -6.498281
v -1.224056 0.534384 -6.481167
v -1.215741 0.529201 -6.554682
v -1.237565 0.527440 -6.564227
v -1.192434 0.531801 -6.529475
v -1.253472 0.527211 -6.567517
v -1.256863 0.535752 -6.472985
v -1.206340 0.602810 -6.559558
v -1.239857 0.603005 -6.573418
v -1.191934 0.617416 -6.484057
v -1.223371 0.617524 -6.464825
v -1.179739 0.603150 -6.528424
v -1.253482 0.612836 -6.459511
v -1.253356 0.603193 -6.576282
v -1.191542 1.793659 -6.952879
v -1.186069 1.796896 -6.847862
v -1.175892 1.771473 -6.761271
v -1.165468 1.741760 -6.685205
v -1.151421 1.694440 -6.637610
v -1.137655 1.635176 -6.585227
v -1.124012 1.541026 -6.509962
v -1.121801 1.481431 -6.479721
v -1.122707 1.425569 -6.457260
v -1.122726 1.370997 -6.432878
v -1.122836 1.306186 -6.407196
v -1.131332 1.136364 -6.411628
v -1.149989 0.967175 -6.440986
v -1.168809 0.810744 -6.484048
v -1.176522 0.637910 -6.505285
v -1.202453 0.496065 -6.515743
v -1.202856 1.817447 -7.011143
v -1.244929 0.383492 -6.492620
v -1.237790 0.390406 -6.499646
v -1.216931 0.451775 -6.504765
v -1.186876 0.566514 -6.510735
v -1.197517 1.806679 -6.988461
v -1.235158 0.402439 -6.506460
v -1.173172 0.721764 -6.495214
v -1.161034 0.893345 -6.463194
v -1.141153 1.052103 -6.423996
v -1.125537 1.222523 -6.406734
v -1.129562 1.588310 -6.560484
v -1.188138 1.793836 -6.900002
v -1.255890 0.371326 -6.490121
v -1.225573 1.821295 -7.053556
v -1.192697 0.533983 -6.512726
v -1.179867 0.605858 -6.508637
v -1.199475 1.733860 -6.978977
v -1.222336 1.715040 -6.987617
v -1.201139 1.835687 -6.964006
v -1.210471 1.855761 -6.955361
v -1.193901 1.761223 -6.975977
v -1.240729 1.882654 -6.959886
v -1.242507 1.711831 -6.994225
v -1.194182 1.799257 -6.969887
v -1.244225 1.722600 -7.015927
v -1.220505 1.725880 -7.004492
vn -0.5271 -0.6869 -0.5004
vn -0.8140 -0.4340 -0.3861
vn -0.7420 -0.3875 -0.5471
vn -0.1783 -0.9481 -0.2632
vn -0.1213 -0.8417 -0.5262
vn -0.6378 -0.6282 -0.4457
vn -0.7218 -0.6512 -0.2341
vn -0.0010 -0.7545 -0.6563
vn -0.1023 -0.7445 -0.6598
vn 0.0029 -0.8571 -0.5151
vn -0.5904 -0.5660 -0.5754
vn -0.0017 -0.7047 -0.7096
vn -0.0931 -0.6962 -0.7118
vn -0.5390 -0.5402 -0.6463
vn 0.0019 -0.6927 -0.7212
vn -0.0787 -0.6826 -0.7266
vn -0.0566 -0.6683 -0.7417
vn -0.0240 -0.6370 -0.7705
vn -0.3836 -0.5508 -0.7413
vn -0.4443 -0.5550 -0.7033
vn 0.0373 -0.5871 -0.8086
vn -0.0004 -0.5597 -0.8287
vn 0.0201 -0.6568 -0.7538
vn -0.3597 -0.4981 -0.7890
vn 0.0439 -0.4668 -0.8833
vn 0.0012 -0.4410 -0.8975
vn -0.0254 -0.2928 -0.9558
vn -0.3775 -0.3035 -0.8749
vn -0.3479 -0.4143 -0.8410
vn 0.0093 -0.1306 -0.9914
vn -0.0701 -0.1508 -0.9861
vn 0.0311 -0.3052 -0.9518
vn -0.1266 -0.0408 -0.9911
vn -0.1901 0.0574 -0.9801
vn -0.5072 0.0147 -0.8617
vn -0.4722 -0.0627 -0.8792
vn -0.2435 0.1379 -0.9601
vn -0.2943 0.1558 -0.9429
vn -0.6137 0.0941 -0.7839
vn -0.5509 0.0830 -0.8305
vn -0.3288 0.1323 -0.9351
vn -0.3381 0.1074 -0.9350
vn -0.6314 0.0706 -0.7723
vn -0.6370 0.0827 -0.7664
vn -0.3164 0.0803 -0.9452
vn -0.2943 0.0193 -0.9555
vn -0.5758 -0.0041 -0.8176
vn -0.6009 0.0501 -0.7978
vn -0.3381 -0.1897 -0.9218
vn -0.3892 -0.2647 -0.8823
vn -0.5840 -0.2648 -0.7673
vn -0.5831 -0.1955 -0.7885
vn -0.2380 -0.9710 -0.0221
vn -0.7496 -0.6591 -0.0601
vn -0.4880 -0.4866 -0.7246
vn -0.6038 -0.5461 -0.5806
vn -0.7069 -0.4853 -0.5145
vn -0.4958 -0.5463 -0.6751
vn -0.4502 -0.1654 -0.8775
vn -0.6651 0.1219 -0.7367
vn -0.9364 0.1145 -0.3316
vn -0.9132 0.3040 -0.2713
vn -0.6741 0.4646 -0.5742
vn -0.7987 0.5499 -0.2443
vn -0.4825 0.7695 -0.4184
vn -0.3163 -0.5876 -0.7448
vn -0.7182 -0.4349 -0.5432
vn -0.3287 -0.4925 -0.8058
vn -0.4081 -0.5419 -0.7347
vn -0.8586 -0.1456 -0.4916
vn -0.4803 -0.2259 -0.8475
vn -0.2877 -0.7804 -0.5551
vn -0.0316 -0.9995 0.0032
vn -0.3213 -0.9432 -0.0849
vn -0.1006 -0.9934 -0.0559
vn -0.0011 -0.9676 -0.2524
vn 0.0078 -0.6833 -0.7301
vn -0.0138 -0.0158 -0.9998
vn -0.0856 0.1579 -0.9837
vn -0.0513 0.0780 -0.9956
vn -0.1385 0.1515 -0.9787
vn -0.1139 0.1786 -0.9773
vn -0.1480 0.0909 -0.9848
vn -0.1520 0.1204 -0.9810
vn -0.1347 -0.0453 -0.9899
vn -0.3056 -0.0570 -0.9505
vn -0.1279 0.0290 -0.9914
vn -0.2308 -0.3316 -0.9148
vn -0.4617 -0.3584 -0.8114
vn -0.1782 -0.2583 -0.9495
vn -0.5029 -0.2902 0.8142
vn -0.5284 -0.3156 0.7882
vn -0.7813 -0.2554 0.5695
vn -0.7737 -0.2503 0.5820
vn -0.6201 0.7200 0.3114
vn -0.6801 0.7136 0.1679
vn -0.8907 0.4505 0.0612
vn -0.8666 0.4769 0.1471
vn -0.5992 0.3531 0.7185
vn -0.5696 0.4497 0.6880
vn -0.8485 0.2944 0.4397
vn -0.8783 0.2148 0.4273
vn -0.6019 0.2456 0.7598
vn -0.6375 0.2849 0.7159
vn -0.8910 0.1581 0.4255
vn -0.8591 0.1394 0.4925
vn -0.3688 -0.1983 0.9081
vn -0.3833 -0.1902 0.9038
vn -0.7116 -0.1581 0.6845
vn -0.7042 -0.1854 0.6854
vn -0.7629 0.6360 -0.1165
vn -0.9164 0.3776 -0.1326
vn -0.6708 -0.2512 0.6978
vn -0.5436 -0.1585 0.8242
vn -0.8321 -0.2536 0.4932
vn -0.8685 -0.3047 0.3909
vn -0.5848 -0.2703 0.7648
vn -0.5784 -0.1644 0.7990
vn -0.8366 -0.1300 0.5322
vn -0.8228 -0.2112 0.5276
vn -0.7306 0.6825 0.0197
vn -0.7457 0.6643 -0.0510
vn -0.9261 0.3730 -0.0574
vn -0.9138 0.4054 -0.0240
vn -0.6101 0.6702 0.4227
vn -0.8673 0.4427 0.2276
vn -0.4121 -0.2060 0.8876
vn -0.4639 -0.2405 0.8526
vn -0.7679 -0.2025 0.6077
vn -0.7418 -0.1583 0.6516
vn -0.5783 0.6181 0.5324
vn -0.8681 0.4012 0.2924
vn -0.5892 0.5367 0.6040
vn -0.8706 0.3464 0.3494
vn -0.4458 -0.1254 0.8863
vn -0.4236 -0.1381 0.8953
vn -0.7504 -0.2161 0.6247
vn -0.7349 -0.2098 0.6449
vn -0.5763 0.0067 0.8172
vn -0.5713 0.1635 0.8043
vn -0.8316 0.0785 0.5498
vn -0.8440 -0.0308 0.5355
vn -0.7231 0.6870 0.0720
vn -0.9095 0.4157 0.0044
vn -0.4008 0.9149 0.0484
vn -0.0033 0.9983 0.0581
vn 0.0003 0.9999 -0.0153
vn -0.4256 0.9041 -0.0389
vn -0.2747 0.8642 0.4215
vn -0.0042 0.8973 0.4414
vn -0.0042 0.9592 0.2826
vn -0.3393 0.9072 0.2487
vn -0.2550 0.7196 0.6458
vn -0.0102 0.7424 0.6698
vn -0.0052 0.8132 0.5819
vn -0.2644 0.7891 0.5544
vn -0.3293 0.3665 0.8702
vn -0.0309 0.4051 0.9137
vn -0.0259 0.4931 0.8696
vn -0.2966 0.4480 0.8434
vn -0.0210 0.5850 0.8108
vn -0.2687 0.5438 0.7950
vn -0.2923 0.1980 0.9356
vn -0.0220 0.2252 0.9741
vn -0.0289 0.3310 0.9432
vn -0.3207 0.3061 0.8964
vn -0.2891 0.0158 0.9572
vn -0.0159 0.0230 0.9996
vn -0.4623 0.8743 -0.1479
vn -0.0019 0.9779 -0.2090
vn -0.0025 0.8751 -0.4839
vn -0.0042 0.9867 0.1624
vn -0.3692 0.9203 0.1297
vn -0.2598 0.6369 0.7258
vn -0.0154 0.6728 0.7397
vn -0.2920 -0.3066 0.9059
vn -0.0128 -0.3247 0.9457
vn -0.0153 -0.1841 0.9828
vn -0.2826 -0.1818 0.9418
vn -0.2481 -0.3218 0.9137
vn -0.0048 -0.3292 0.9443
vn -0.0065 -0.3688 0.9295
vn -0.2880 -0.3453 0.8932
vn -0.1676 -0.2181 0.9614
vn -0.0076 -0.2185 0.9758
vn -0.0063 -0.2595 0.9657
vn -0.2278 -0.2594 0.9385
vn -0.1425 -0.1912 0.9712
vn -0.0089 -0.1808 0.9835
vn -0.0067 -0.1965 0.9805
vn -0.1318 -0.1937 0.9722
vn -0.1947 -0.0814 0.9775
vn -0.0360 -0.0756 0.9965
vn -0.0286 -0.1067 0.9939
vn -0.1522 -0.1096 0.9823
vn -0.4414 -0.1319 0.8876
vn -0.0562 -0.1102 0.9923
vn -0.0458 -0.0472 0.9978
vn -0.3315 -0.0997 0.9382
vn -0.8357 -0.5015 -0.2239
vn -0.9214 -0.3111 0.2327
vn -0.9396 -0.3386 0.0503
vn -0.9289 -0.2605 0.2633
vn -0.9335 -0.2816 0.2218
vn -0.7272 -0.2065 0.6547
vn -0.9798 -0.0705 0.1872
vn -0.9661 -0.1042 0.2360
vn -0.9764 -0.1587 0.1466
vn -0.9867 -0.1060 0.1236
vn -0.9811 -0.1354 0.1383
vn -0.9710 -0.1587 0.1789
vn -0.9921 -0.0540 0.1130
vn -0.9888 -0.1069 0.1037
vn -0.9951 0.0189 0.0971
vn -0.9885 0.0050 0.1513
vn -0.9982 0.0172 0.0576
vn -0.9957 0.0609 0.0692
vn -0.9903 0.1197 0.0703
vn -0.9909 0.1348 0.0013
vn -0.9727 0.2319 -0.0090
vn -0.9813 0.1924 0.0049
vn -0.9655 0.2599 -0.0177
vn -0.9720 0.2311 -0.0427
vn -0.9766 0.2087 -0.0518
vn -0.9866 0.1486 -0.0673
vn -0.9053 -0.3820 -0.1856
vn -0.8791 -0.4590 -0.1283
vn -0.2850 -0.4397 -0.8517
vn -0.6793 -0.3567 -0.6413
vn -0.9484 -0.1520 0.2782
vn -0.9273 -0.2061 0.3124
vn -0.6907 -0.1978 0.6956
vn -0.1443 -0.1470 0.9786
vn -0.0234 -0.1494 0.9885
vn -0.0158 -0.1776 0.9840
vn -0.1425 -0.1835 0.9726
vn -0.4029 -0.1581 0.9015
vn -0.4017 -0.1908 0.8957
vn -0.1571 -0.1948 -0.9682
vn -0.3183 -0.1230 -0.9400
vn -0.1487 -0.1222 -0.9813
vn -0.5919 -0.1420 -0.7934
vn -0.5802 -0.0829 -0.8103
vn -0.9869 0.1127 -0.1150
vn -0.9920 0.0965 -0.0814
vn -0.9396 0.3317 -0.0846
vn -0.4127 0.9075 -0.0786
vn 0.0046 0.9956 -0.0934
vn -0.7994 0.5967 -0.0695
vn -0.9776 0.1261 -0.1683
vn -0.8376 -0.4811 -0.2589
vn -0.7399 -0.6645 -0.1047
vn -0.9713 -0.2121 -0.1080
vn -0.9769 -0.1148 -0.1800
vn -0.9398 -0.1979 -0.2784
vn -0.9357 -0.1220 -0.3310
vn -0.8833 -0.3488 -0.3133
vn -0.8818 -0.3017 -0.3625
vn -0.9909 -0.0727 -0.1135
vn -0.9876 -0.1341 -0.0812
vn -0.9771 -0.0944 -0.1906
vn -0.9708 -0.0547 -0.2335
vn -0.9473 -0.0903 -0.3072
vn -0.9286 -0.1331 -0.3465
vn -0.8976 -0.2094 -0.3879
vn -0.9032 -0.1923 -0.3838
vn -0.8780 -0.2261 -0.4219
vn -0.8650 -0.2168 -0.4525
vn -0.8817 -0.1646 -0.4421
vn -0.9228 -0.0898 -0.3747
vn -0.8895 -0.0473 -0.4545
vn -0.8917 -0.0658 -0.4478
vn -0.9303 -0.0251 -0.3660
vn -0.9076 -0.0216 -0.4193
vn -0.9140 0.0008 -0.4058
vn -0.9251 -0.0271 -0.3788
vn -0.9209 -0.0427 -0.3876
vn -0.9196 0.0030 -0.3929
vn -0.9146 -0.2596 -0.3101
vn -0.8971 -0.4015 0.1844
vn -0.6101 -0.3722 0.6995
vn -0.0561 -0.3941 0.9174
vn -0.8220 -0.3681 0.4346
vn -0.5299 -0.8464 0.0533
vn 0.0096 -0.9675 -0.2529
vn -0.0080 -0.9998 0.0178
vn 0.0237 -0.6632 -0.7481
vn 0.0197 -0.6863 -0.7271
vn 0.0357 0.0843 -0.9958
vn 0.0434 -0.0061 -0.9990
vn 0.0190 0.1854 -0.9825
vn 0.0269 0.1630 -0.9863
vn 0.0062 0.1240 -0.9923
vn 0.0120 0.1583 -0.9873
vn -0.0011 0.0312 -0.9995
vn 0.0017 0.0936 -0.9956
vn 0.0082 -0.9858 0.1675
vn 0.0265 -0.7099 -0.7038
vn -0.0174 -0.1917 -0.9813
vn -0.0105 -0.1195 -0.9928
vn -0.0623 -0.4171 -0.9067
vn -0.0362 -0.3186 -0.9472
vn -0.0215 -0.2528 -0.9673
vn -0.0038 -0.0409 -0.9992
vn 0.0482 -0.1238 -0.9911
vn 0.0464 -0.3168 -0.9474
vn 0.0398 -0.4899 -0.8709
vn 0.0171 -0.6943 -0.7195
vn 0.0129 -0.8582 -0.5131
vn -0.0313 -0.9985 -0.0439
vn -0.0205 -0.8320 -0.5544
vn -0.0135 -0.6326 -0.7744
vn -0.0095 -0.2207 -0.9753
vn -0.0497 -0.4752 -0.8785
vn -0.0085 0.5509 -0.8345
vn -0.0109 0.1953 -0.9807
vn 0.0308 -0.6023 -0.7977
vn 0.0154 -0.7054 -0.7086
vn 0.0144 -0.7568 -0.6535
vn -0.9558 -0.1094 -0.2730
vn -0.1966 -0.9243 -0.3273
vn -0.0321 -0.9496 -0.3118
vn -0.4526 -0.8335 -0.3169
vn 0.5516 -0.6645 -0.5042
vn 0.7511 -0.3657 -0.5496
vn 0.8307 -0.3935 -0.3937
vn 0.1886 -0.9512 -0.2444
vn 0.7443 -0.6267 -0.2308
vn 0.6595 -0.6123 -0.4361
vn 0.1486 -0.8396 -0.5224
vn 0.0270 -0.7549 -0.6552
vn 0.0207 -0.8577 -0.5137
vn 0.1291 -0.7431 -0.6566
vn 0.6144 -0.5599 -0.5559
vn 0.0318 -0.7058 -0.7077
vn 0.1206 -0.6966 -0.7073
vn 0.5584 -0.5361 -0.6330
vn 0.0334 -0.6941 -0.7191
vn 0.1086 -0.6844 -0.7210
vn 0.0925 -0.6742 -0.7328
vn 0.4485 -0.5616 -0.6953
vn 0.4018 -0.5607 -0.7241
vn 0.0762 -0.6472 -0.7585
vn 0.0273 -0.5942 -0.8038
vn 0.0280 -0.6606 -0.7502
vn 0.0727 -0.5739 -0.8157
vn 0.3676 -0.5241 -0.7682
vn 0.0396 -0.4745 -0.8794
vn 0.0885 -0.4534 -0.8869
vn 0.3506 -0.4352 -0.8293
vn 0.4014 -0.3047 -0.8637
vn 0.1206 -0.2949 -0.9479
vn 0.0868 -0.1299 -0.9877
vn 0.0643 -0.3074 -0.9494
vn 0.1612 -0.1461 -0.9761
vn 0.2091 -0.0301 -0.9774
vn 0.4870 -0.0548 -0.8717
vn 0.5205 0.0371 -0.8531
vn 0.2587 0.0730 -0.9632
vn 0.2937 0.1466 -0.9446
vn 0.5624 0.1003 -0.8208
vn 0.6222 0.0981 -0.7767
vn 0.3327 0.1595 -0.9294
vn 0.3598 0.1399 -0.9225
vn 0.6515 0.0913 -0.7532
vn 0.6451 0.0799 -0.7599
vn 0.3564 0.1144 -0.9273
vn 0.3250 0.0829 -0.9421
vn 0.6157 0.0529 -0.7862
vn 0.5895 0.0029 -0.8077
vn 0.2964 0.0225 -0.9548
vn 0.3133 -0.1837 -0.9317
vn 0.5740 -0.1792 -0.7990
vn 0.5577 -0.2582 -0.7889
vn 0.3492 -0.2621 -0.8997
vn 0.2230 -0.9748 0.0071
vn 0.7469 -0.6638 -0.0396
vn 0.4390 -0.4228 -0.7928
vn 0.6714 -0.4379 -0.5978
vn 0.5297 -0.4893 -0.6928
vn 0.5025 -0.5495 -0.6675
vn 0.4549 -0.1598 -0.8761
vn 0.6422 0.1591 -0.7499
vn 0.6850 0.4625 -0.5629
vn 0.9136 0.2988 -0.2758
vn 0.9359 0.1107 -0.3343
vn 0.4751 0.7735 -0.4195
vn 0.7986 0.5456 -0.2542
vn 0.1772 -0.6641 -0.7263
vn 0.1382 -0.4869 -0.8625
vn 0.5091 -0.5654 -0.6489
vn 0.4000 -0.5357 -0.7437
vn 0.4861 -0.2083 -0.8487
vn 0.8629 -0.1266 -0.4892
vn 0.2662 -0.7802 -0.5661
vn 0.0231 -0.9995 0.0227
vn 0.0690 -0.9962 -0.0534
vn 0.3209 -0.9429 -0.0890
vn 0.0176 -0.9686 -0.2478
vn 0.0319 -0.6857 -0.7272
vn 0.1050 -0.0095 -0.9944
vn 0.1429 0.1606 -0.9766
vn 0.1274 0.0842 -0.9883
vn 0.1687 0.1556 -0.9733
vn 0.1575 0.1811 -0.9708
vn 0.1507 0.0928 -0.9842
vn 0.1652 0.1238 -0.9785
vn 0.1286 -0.0420 -0.9908
vn 0.1267 0.0294 -0.9915
vn 0.2987 -0.0482 -0.9531
vn 0.1808 -0.3232 -0.9289
vn 0.1402 -0.2576 -0.9560
vn 0.4159 -0.3478 -0.8403
vn 0.5045 -0.2929 0.8122
vn 0.7884 -0.2562 0.5593
vn 0.8058 -0.2546 0.5346
vn 0.5275 -0.3188 0.7875
vn 0.6501 0.7019 0.2912
vn 0.8735 0.4674 0.1364
vn 0.9026 0.4278 0.0488
vn 0.6841 0.7122 0.1576
vn 0.5964 0.3589 0.7179
vn 0.8970 0.2005 0.3939
vn 0.8684 0.2807 0.4088
vn 0.5597 0.4551 0.6925
vn 0.6050 0.2403 0.7591
vn 0.8853 0.1216 0.4488
vn 0.9095 0.1455 0.3894
vn 0.6392 0.2860 0.7139
vn 0.3612 -0.1838 0.9142
vn 0.7107 -0.1640 0.6841
vn 0.7285 -0.1472 0.6690
vn 0.3921 -0.1778 0.9026
vn 0.7655 0.6317 -0.1228
vn 0.9178 0.3745 -0.1316
vn 0.6186 -0.2056 0.7583
vn 0.8961 -0.1749 0.4080
vn 0.8020 -0.1739 0.5714
vn 0.4687 -0.1066 0.8769
vn 0.5835 -0.2746 0.7643
vn 0.8362 -0.2128 0.5055
vn 0.8560 -0.1309 0.5001
vn 0.5766 -0.1705 0.7991
vn 0.7317 0.6812 0.0241
vn 0.9143 0.4044 -0.0216
vn 0.9272 0.3703 -0.0560
vn 0.7529 0.6572 -0.0345
vn 0.6169 0.6663 0.4189
vn 0.8707 0.4426 0.2143
vn 0.4213 -0.2055 0.8833
vn 0.7617 -0.1535 0.6295
vn 0.7856 -0.1943 0.5874
vn 0.4754 -0.2425 0.8457
vn 0.5876 0.6167 0.5238
vn 0.8825 0.3853 0.2696
vn 0.5854 0.5428 0.6023
vn 0.8750 0.3401 0.3445
vn 0.3991 -0.1077 0.9106
vn 0.7071 -0.2015 0.6778
vn 0.7826 -0.2040 0.5881
vn 0.3927 -0.1218 0.9116
vn 0.5719 0.0012 0.8204
vn 0.8570 -0.0355 0.5142
vn 0.8434 0.0692 0.5328
vn 0.5595 0.1593 0.8133
vn 0.9131 0.4078 0.0032
vn 0.7277 0.6823 0.0707
vn 0.4074 0.9117 0.0529
vn 0.4201 0.9072 -0.0229
vn 0.2744 0.8670 0.4160
vn 0.3362 0.9078 0.2507
vn 0.2391 0.7267 0.6440
vn 0.2658 0.7948 0.5456
vn 0.2884 0.3704 0.8830
vn 0.2564 0.4534 0.8536
vn 0.2308 0.5523 0.8011
vn 0.2604 0.1974 0.9451
vn 0.2825 0.3071 0.9088
vn 0.2649 0.0143 0.9642
vn 0.4658 0.8714 -0.1541
vn 0.3609 0.9248 0.1201
vn 0.2304 0.6462 0.7276
vn 0.2623 -0.3131 0.9128
vn 0.2640 -0.1856 0.9465
vn 0.2389 -0.3229 0.9158
vn 0.2772 -0.3459 0.8964
vn 0.1647 -0.2186 0.9618
vn 0.2245 -0.2615 0.9387
vn 0.1217 -0.1845 0.9753
vn 0.1216 -0.1898 0.9743
vn 0.1278 -0.0694 0.9894
vn 0.1044 -0.1012 0.9894
vn 0.3462 -0.1705 0.9225
vn 0.2419 -0.0799 0.9670
vn 0.8690 -0.4321 -0.2409
vn 0.9245 -0.3076 0.2253
vn 0.9554 -0.2938 0.0306
vn 0.9598 -0.2203 0.1742
vn 0.7761 -0.1810 0.6041
vn 0.9478 -0.2781 0.1556
vn 0.9845 -0.0658 0.1627
vn 0.9721 -0.0885 0.2172
vn 0.9817 -0.1512 0.1161
vn 0.9911 -0.0881 0.1000
vn 0.9896 -0.1211 0.0780
vn 0.9781 -0.1614 0.1311
vn 0.9975 -0.0570 0.0407
vn 0.9946 -0.0975 0.0359
vn 0.9999 -0.0015 0.0120
vn 0.9968 -0.0090 0.0800
vn 0.9997 -0.0199 -0.0163
vn 0.9997 0.0179 0.0168
vn 0.9951 0.0920 0.0355
vn 0.9934 0.1124 -0.0223
vn 0.9738 0.2262 -0.0242
vn 0.9837 0.1794 -0.0123
vn 0.9666 0.2556 -0.0204
vn 0.9739 0.2234 -0.0398
vn 0.9786 0.2000 -0.0488
vn 0.9871 0.1480 -0.0610
vn 0.8773 -0.3750 -0.2995
vn 0.7994 -0.5975 -0.0628
vn 0.1861 -0.4191 -0.8887
vn 0.6352 -0.3508 -0.6881
vn 0.9622 -0.1271 0.2407
vn 0.7345 -0.1735 0.6560
vn 0.9548 -0.1723 0.2423
vn 0.1108 -0.1431 0.9835
vn 0.1185 -0.1815 0.9762
vn 0.4009 -0.1466 0.9043
vn 0.3915 -0.1837 0.9016
vn 0.1279 -0.1924 -0.9729
vn 0.1308 -0.1147 -0.9848
vn 0.3024 -0.1097 -0.9468
vn 0.5891 -0.0682 -0.8051
vn 0.5953 -0.1233 -0.7940
vn 0.9868 0.1105 -0.1186
vn 0.9437 0.3214 -0.0784
vn 0.9916 0.1012 -0.0801
vn 0.4287 0.9007 -0.0705
vn 0.7946 0.6047 -0.0541
vn 0.9774 0.1201 -0.1739
vn 0.8512 -0.4485 -0.2726
vn 0.9769 -0.0902 -0.1939
vn 0.9780 -0.1841 -0.0978
vn 0.7458 -0.6590 -0.0970
vn 0.9380 -0.1040 -0.3306
vn 0.9437 -0.1691 -0.2844
vn 0.8721 -0.2864 -0.3967
vn 0.8676 -0.3470 -0.3561
vn 0.9908 -0.1131 -0.0743
vn 0.9928 -0.0568 -0.1052
vn 0.9790 -0.0931 -0.1816
vn 0.9712 -0.0581 -0.2309
vn 0.9474 -0.0947 -0.3056
vn 0.9199 -0.1524 -0.3613
vn 0.8941 -0.2058 -0.3977
vn 0.8760 -0.2525 -0.4110
vn 0.8426 -0.2833 -0.4581
vn 0.8244 -0.2571 -0.5042
vn 0.8415 -0.1786 -0.5099
vn 0.8876 -0.0978 -0.4502
vn 0.8574 -0.0660 -0.5104
vn 0.8641 -0.0264 -0.5026
vn 0.8873 0.0019 -0.4612
vn 0.9213 -0.0226 -0.3883
vn 0.9222 -0.0156 -0.3865
vn 0.9144 0.0134 -0.4046
vn 0.9194 0.0067 -0.3932
vn 0.9222 -0.0297 -0.3855
vn 0.9161 -0.2239 -0.3325
vn 0.9200 -0.3330 0.2068
vn 0.4547 -0.4569 0.7645
vn 0.7267 -0.3818 0.5711
vn 0.4034 -0.9057 0.1302
vn 0.9535 -0.0948 -0.2862
vn 0.1664 -0.9234 -0.3459
vn 0.4615 -0.8188 -0.3414
vt 0.008644 0.032660
vt 0.179552 0.018090
vt 0.169508 0.022200
vt 0.467135 0.305446
vt 0.117358 0.961302
vt 0.111443 0.948047
vt 0.072332 0.826332
vt 0.092729 0.822110
vt 0.045155 0.834572
vt 0.380312 0.828776
vt 0.062620 0.789822
vt 0.084028 0.783981
vt 0.035783 0.799967
vt 0.388275 0.793738
vt 0.027916 0.771900
vt 0.394941 0.765323
vt 0.055427 0.762719
vt 0.077528 0.757364
vt 0.040076 0.683867
vt 0.062839 0.679917
vt 0.010098 0.695451
vt 0.409369 0.688256
vt 0.004167 0.651655
vt 0.413084 0.644323
vt 0.036066 0.637535
vt 0.060778 0.635324
vt 0.000244 0.580213
vt 0.414475 0.572970
vt 0.034866 0.571783
vt 0.059322 0.571824
vt 0.134717 0.076284
vt 0.105578 0.151522
vt 0.090181 0.246429
vt 0.077012 0.340119
vt 0.065062 0.437360
vt 0.061098 0.533654
vt 0.059874 0.601224
vt 0.071309 0.726332
vt 0.101080 0.860457
vt 0.103423 0.928951
vt 0.214734 0.965275
vt 0.446010 0.385641
vt 0.481785 0.366180
vt 0.177263 0.956966
vt 0.136806 0.964602
vt 0.475441 0.324032
vt 0.435771 0.339482
vt 0.429587 0.311768
vt 0.089605 0.933525
vt 0.064952 0.940925
vt 0.365227 0.935251
vt 0.052284 0.866750
vt 0.374065 0.861097
vt 0.081099 0.862316
vt 0.048215 0.731770
vt 0.011063 0.018600
vt 0.161731 0.011439
vt 0.239831 0.007530
vt 0.019578 0.740600
vt 0.401850 0.733714
vt 0.001315 0.615700
vt 0.414475 0.608379
vt 0.034854 0.601992
vt 0.036043 0.533128
vt 0.000759 0.529996
vt 0.412367 0.522987
vt 0.006582 0.432150
vt 0.400815 0.426193
vt 0.041946 0.434289
vt 0.053220 0.336175
vt 0.021054 0.330536
vt 0.385707 0.325000
vt 0.040527 0.234450
vt 0.364551 0.229315
vt 0.069659 0.241484
vt 0.085869 0.143751
vt 0.068148 0.137105
vt 0.334843 0.132579
vt 0.113564 0.057487
vt 0.288171 0.053590
vt 0.129925 0.070352
vt 0.176945 0.035287
vt 0.162221 0.093233
vt 0.153752 0.173540
vt 0.145630 0.269145
vt 0.142938 0.365793
vt 0.144751 0.456558
vt 0.139117 0.587566
vt 0.154538 0.696597
vt 0.166023 0.774868
vt 0.168524 0.871264
vt 0.484666 0.348291
vt 0.160467 0.958364
vt 0.147657 0.526971
vt 0.143022 0.555021
vt 0.150809 0.636628
vt 0.143934 0.612738
vt 0.158887 0.737046
vt 0.165894 0.820403
vt 0.168285 0.921152
vt 0.180521 0.917696
vt 0.214197 0.918162
vt 0.179725 0.824448
vt 0.213020 0.826680
vt 0.174846 0.745323
vt 0.211930 0.745695
vt 0.166879 0.622084
vt 0.209531 0.634988
vt 0.170990 0.644831
vt 0.210089 0.660266
vt 0.208364 0.576023
vt 0.165565 0.566437
vt 0.167212 0.538023
vt 0.208162 0.545149
vt 0.440380 0.360063
vt 0.167380 0.029292
vt 0.179819 0.874968
vt 0.213462 0.874231
vt 0.212570 0.783047
vt 0.180145 0.780142
vt 0.174837 0.704481
vt 0.211179 0.704498
vt 0.208749 0.608103
vt 0.162160 0.596374
vt 0.162340 0.453129
vt 0.207136 0.450099
vt 0.206356 0.380288
vt 0.162772 0.368117
vt 0.164822 0.268677
vt 0.203888 0.267085
vt 0.202200 0.174556
vt 0.172098 0.174353
vt 0.177275 0.086912
vt 0.200429 0.085763
vt 0.198659 0.034623
vt 0.185234 0.035271
vt 0.174826 0.025855
vt 0.153282 0.051306
vt 0.150672 0.043098
vt 0.137231 0.032039
vt 0.264234 0.028240
vt 0.173566 0.063310
vt 0.199905 0.058689
vt 0.181775 0.063006
vt 0.120538 0.111333
vt 0.103548 0.103308
vt 0.087658 0.095007
vt 0.314765 0.090710
vt 0.157201 0.134512
vt 0.201730 0.131411
vt 0.172872 0.130989
vt 0.214598 0.941045
vt 0.169964 0.941813
vt 0.181505 0.940037
vt 0.117238 0.927577
vt 0.130118 0.862977
vt 0.122382 0.820667
vt 0.119582 0.781026
vt 0.110769 0.749413
vt 0.103738 0.715562
vt 0.096938 0.662812
vt 0.093242 0.625735
vt 0.091737 0.595455
vt 0.092734 0.566443
vt 0.098834 0.531739
vt 0.094070 0.441765
vt 0.103223 0.348144
vt 0.105480 0.252295
vt 0.126099 0.158584
vt 0.146711 0.084711
vt 0.170789 0.032417
vt 0.157135 0.061125
vt 0.139010 0.120599
vt 0.128019 0.947244
vt 0.197997 0.019731
vt 0.182968 0.026728
vt 0.178551 0.030138
vt 0.171279 0.004006
vt 0.000850 0.018214
vt 0.230165 0.000469
vt 0.175228 0.015010
vt 0.003085 0.030619
vt 0.096734 0.197269
vt 0.076561 0.191962
vt 0.052848 0.185143
vt 0.351077 0.180348
vt 0.150512 0.219223
vt 0.203058 0.220374
vt 0.169171 0.221286
vt 0.115913 0.203987
vt 0.082912 0.293277
vt 0.060965 0.288752
vt 0.029996 0.282287
vt 0.375913 0.276941
vt 0.140530 0.320871
vt 0.205051 0.324399
vt 0.161635 0.318786
vt 0.104394 0.300739
vt 0.068819 0.387674
vt 0.046219 0.384615
vt 0.013262 0.382149
vt 0.394224 0.376382
vt 0.142007 0.415201
vt 0.206718 0.415698
vt 0.156464 0.412887
vt 0.097257 0.395382
vt 0.061290 0.485573
vt 0.037721 0.483584
vt 0.002795 0.478828
vt 0.407066 0.472367
vt 0.144340 0.491769
vt 0.207708 0.495397
vt 0.163393 0.496791
vt 0.093092 0.487159
vt 0.014471 0.718384
vt 0.406039 0.711336
vt 0.066963 0.702881
vt 0.043685 0.707990
vt 0.150353 0.665681
vt 0.170976 0.674260
vt 0.210695 0.683638
vt 0.098830 0.689596
vt 0.085188 0.899679
vt 0.058748 0.903610
vt 0.369735 0.897979
vt 0.170446 0.896956
vt 0.103889 0.897047
vt 0.213672 0.898469
vt 0.181718 0.896629
vt 0.125050 0.895478
vt 0.009765 0.023104
vt 0.446056 0.310729
vt 0.060075 0.830387
vt 0.050230 0.794858
vt 0.042465 0.767372
vt 0.025037 0.690645
vt 0.019413 0.646367
vt 0.164739 0.016298
vt 0.015888 0.577557
vt 0.466622 0.357749
vt 0.192056 0.963777
vt 0.467263 0.376332
vt 0.448937 0.334688
vt 0.079305 0.937053
vt 0.067677 0.864089
vt 0.034275 0.736341
vt 0.016870 0.610168
vt 0.015776 0.531213
vt 0.023753 0.433189
vt 0.037523 0.332992
vt 0.055437 0.238030
vt 0.077631 0.140642
vt 0.121456 0.063354
vt 0.199650 0.919488
vt 0.197265 0.827271
vt 0.195634 0.745655
vt 0.188796 0.628633
vt 0.192049 0.652758
vt 0.186152 0.571837
vt 0.188225 0.541160
vt 0.200393 0.877268
vt 0.199151 0.781958
vt 0.195287 0.705265
vt 0.185609 0.602621
vt 0.189180 0.450599
vt 0.178955 0.369170
vt 0.182378 0.268808
vt 0.193476 0.174660
vt 0.192215 0.085918
vt 0.187782 0.035144
vt 0.190604 0.059186
vt 0.144763 0.039432
vt 0.193451 0.131507
vt 0.096786 0.100081
vt 0.196998 0.938994
vt 0.190180 0.023120
vt 0.000253 0.023744
vt 0.173091 0.008719
vt 0.191214 0.220682
vt 0.067594 0.189343
vt 0.183056 0.323597
vt 0.046011 0.285614
vt 0.185355 0.415413
vt 0.029953 0.383638
vt 0.187597 0.495921
vt 0.018101 0.480719
vt 0.194100 0.679572
vt 0.029205 0.713782
vt 0.199916 0.898442
vt 0.073745 0.901218
vt 0.154981 0.016624
vt 0.246539 0.012688
vt 0.159075 0.022322
vt 0.164763 0.026973
vt 0.099950 0.075556
vt 0.302200 0.071402
vt 0.158153 0.113013
vt 0.175910 0.109141
vt 0.127210 0.093712
vt 0.116416 0.086316
vt 0.200975 0.109003
vt 0.142861 0.102849
vt 0.108592 0.081174
vt 0.192847 0.109255
vt 0.112433 0.131428
vt 0.093951 0.123283
vt 0.201570 0.152714
vt 0.077017 0.115688
vt 0.325644 0.111287
vt 0.154511 0.152550
vt 0.174615 0.154323
vt 0.132629 0.139365
vt 0.191850 0.152641
vt 0.086506 0.120043
vt 0.142670 0.924648
vt 0.147717 0.867731
vt 0.143313 0.821332
vt 0.144350 0.777282
vt 0.135944 0.743788
vt 0.128111 0.707638
vt 0.124013 0.651103
vt 0.120253 0.620136
vt 0.117383 0.591585
vt 0.118997 0.562100
vt 0.122988 0.529178
vt 0.117961 0.445961
vt 0.122063 0.354034
vt 0.124247 0.258905
vt 0.139532 0.160607
vt 0.154438 0.085470
vt 0.156484 0.958807
vt 0.484747 0.344129
vt 0.437877 0.348978
vt 0.012758 0.036774
vt 0.182058 0.023076
vt 0.178093 0.028414
vt 0.165142 0.061157
vt 0.147085 0.123145
vt 0.149849 0.944865
vt 0.173845 0.033832
vt 0.197586 0.014675
vt 0.019480 0.019322
vt 0.132617 0.206887
vt 0.122199 0.309545
vt 0.119201 0.400971
vt 0.118798 0.488761
vt 0.120556 0.683051
vt 0.143299 0.896058
vt 0.188434 0.015480
vt 0.015403 0.026687
vt 0.460025 0.345750
vt 0.150584 0.106283
vt 0.142503 0.143725
vt 0.109381 0.938280
vt 0.094759 0.944889
vt 0.069127 0.956634
vt 0.362066 0.951135
vt 0.166189 0.930924
vt 0.177211 0.926443
vt 0.214568 0.928047
vt 0.124673 0.937066
vt 0.199942 0.928603
vt 0.085147 0.951355
vt 0.145991 0.934315
vt 0.442085 0.293262
vt 0.088546 0.965069
vt 0.457050 0.288982
vt 0.099954 0.955206
vt 0.073708 0.970920
vt 0.426121 0.296049
vt 0.357991 0.965510
vt 0.010187 0.003055
vt 0.218498 0.015150
vt 0.231725 0.018138
vt 0.393524 0.322625
vt 0.313021 0.959089
vt 0.318466 0.944595
vt 0.353156 0.821690
vt 0.331201 0.816537
vt 0.361108 0.785112
vt 0.338313 0.781388
vt 0.367013 0.757448
vt 0.344568 0.752713
vt 0.378625 0.678744
vt 0.355689 0.675858
vt 0.380474 0.632294
vt 0.356553 0.631491
vt 0.378691 0.566089
vt 0.353945 0.568493
vt 0.267292 0.072641
vt 0.297522 0.147502
vt 0.315968 0.242180
vt 0.331637 0.335743
vt 0.346079 0.431634
vt 0.352428 0.528241
vt 0.356960 0.597587
vt 0.350373 0.721243
vt 0.323843 0.854661
vt 0.326397 0.924186
vt 0.404981 0.382964
vt 0.253241 0.955895
vt 0.293879 0.962120
vt 0.393142 0.342618
vt 0.340424 0.929133
vt 0.345559 0.858081
vt 0.372933 0.726283
vt 0.379798 0.596671
vt 0.375461 0.527140
vt 0.368037 0.428506
vt 0.354022 0.331697
vt 0.335685 0.237020
vt 0.317199 0.139546
vt 0.272125 0.066532
vt 0.220669 0.033614
vt 0.239423 0.088356
vt 0.250300 0.170208
vt 0.261954 0.267056
vt 0.269936 0.367354
vt 0.271271 0.454323
vt 0.278442 0.586322
vt 0.266898 0.695551
vt 0.255390 0.775565
vt 0.259009 0.869905
vt 0.395716 0.370011
vt 0.268295 0.956218
vt 0.268977 0.525118
vt 0.275980 0.553773
vt 0.269821 0.634516
vt 0.275064 0.611006
vt 0.261089 0.735319
vt 0.260736 0.819063
vt 0.260711 0.919856
vt 0.249198 0.917755
vt 0.245556 0.825891
vt 0.250725 0.739163
vt 0.252744 0.621440
vt 0.249301 0.643508
vt 0.253580 0.565727
vt 0.249169 0.537474
vt 0.233360 0.025596
vt 0.249707 0.869887
vt 0.248709 0.778358
vt 0.249567 0.701352
vt 0.257115 0.596129
vt 0.251869 0.451517
vt 0.248854 0.366676
vt 0.243693 0.267027
vt 0.232060 0.171936
vt 0.222319 0.085236
vt 0.211540 0.034736
vt 0.223001 0.022818
vt 0.248086 0.048003
vt 0.250824 0.039582
vt 0.225059 0.061864
vt 0.216493 0.061561
vt 0.281851 0.107471
vt 0.299052 0.099329
vt 0.246508 0.130401
vt 0.228634 0.129736
vt 0.259164 0.940634
vt 0.247987 0.939865
vt 0.311995 0.924313
vt 0.296743 0.859685
vt 0.304393 0.817708
vt 0.305117 0.777597
vt 0.312116 0.745151
vt 0.319170 0.712170
vt 0.324648 0.659368
vt 0.327438 0.622706
vt 0.327782 0.592096
vt 0.326078 0.562460
vt 0.318828 0.527787
vt 0.318940 0.437688
vt 0.306499 0.344468
vt 0.300576 0.248301
vt 0.277170 0.155243
vt 0.255171 0.081416
vt 0.228813 0.029455
vt 0.243952 0.058085
vt 0.263213 0.117161
vt 0.302202 0.944421
vt 0.213803 0.025377
vt 0.220192 0.027013
vt 0.226495 0.010808
vt 0.001172 0.006729
vt 0.307805 0.193648
vt 0.327513 0.187679
vt 0.256491 0.217969
vt 0.236550 0.219938
vt 0.289059 0.200603
vt 0.323991 0.289200
vt 0.345219 0.283977
vt 0.268123 0.320635
vt 0.246751 0.317694
vt 0.303737 0.297026
vt 0.340740 0.382540
vt 0.362373 0.379367
vt 0.270879 0.411756
vt 0.256369 0.411206
vt 0.314709 0.391308
vt 0.350320 0.480349
vt 0.373173 0.477797
vt 0.271460 0.489836
vt 0.252510 0.495351
vt 0.322483 0.483207
vt 0.353572 0.698769
vt 0.376378 0.702561
vt 0.268587 0.662729
vt 0.250517 0.672904
vt 0.322685 0.686269
vt 0.343159 0.895452
vt 0.257754 0.895885
vt 0.325058 0.894493
vt 0.247537 0.896450
vt 0.303025 0.893078
vt 0.010869 0.013245
vt 0.414166 0.317717
vt 0.365237 0.825166
vt 0.373553 0.789272
vt 0.380238 0.761461
vt 0.394171 0.684394
vt 0.397498 0.639979
vt 0.236831 0.012209
vt 0.398406 0.570938
vt 0.415811 0.369262
vt 0.237316 0.963377
vt 0.423215 0.386629
vt 0.421996 0.341268
vt 0.351050 0.932031
vt 0.358745 0.859213
vt 0.386938 0.730151
vt 0.398380 0.603958
vt 0.396872 0.524772
vt 0.384715 0.427677
vt 0.369982 0.327607
vt 0.349689 0.233227
vt 0.325402 0.136286
vt 0.280675 0.059339
vt 0.229225 0.919655
vt 0.228889 0.826624
vt 0.228065 0.744867
vt 0.230824 0.627602
vt 0.228355 0.652196
vt 0.231386 0.571157
vt 0.228720 0.540856
vt 0.226010 0.878901
vt 0.224589 0.782816
vt 0.227251 0.704606
vt 0.232671 0.602123
vt 0.225035 0.449981
vt 0.232500 0.368250
vt 0.225499 0.268024
vt 0.210465 0.174167
vt 0.207182 0.085225
vt 0.210182 0.034263
vt 0.208541 0.058531
vt 0.256629 0.035834
vt 0.208848 0.131357
vt 0.305626 0.095935
vt 0.233306 0.939306
vt 0.208442 0.022561
vt 0.000253 0.013407
vt 0.228601 0.004818
vt 0.214778 0.220745
vt 0.336429 0.184858
vt 0.226750 0.322613
vt 0.360000 0.280640
vt 0.224689 0.414748
vt 0.377921 0.378288
vt 0.227906 0.495315
vt 0.392091 0.474515
vt 0.227257 0.678977
vt 0.391065 0.707477
vt 0.228334 0.898077
vt 0.354730 0.896376
vt 0.242351 0.018497
vt 0.236193 0.023312
vt 0.244526 0.110173
vt 0.226326 0.106803
vt 0.274994 0.089975
vt 0.285829 0.082358
vt 0.259123 0.099337
vt 0.293573 0.077133
vt 0.207872 0.108680
vt 0.290300 0.127472
vt 0.308858 0.119108
vt 0.247688 0.150116
vt 0.227886 0.153129
vt 0.270048 0.136031
vt 0.210969 0.151682
vt 0.316170 0.115798
vt 0.286485 0.922407
vt 0.279410 0.865447
vt 0.281536 0.816475
vt 0.280222 0.774674
vt 0.287792 0.742277
vt 0.294227 0.704574
vt 0.297087 0.648512
vt 0.300005 0.617407
vt 0.302029 0.588471
vt 0.299717 0.559268
vt 0.294130 0.525978
vt 0.295912 0.442740
vt 0.288789 0.351269
vt 0.282819 0.255752
vt 0.264007 0.157595
vt 0.246475 0.082657
vt 0.273822 0.956557
vt 0.393142 0.364907
vt 0.017608 0.000412
vt 0.214432 0.021703
vt 0.220388 0.025533
vt 0.233426 0.060209
vt 0.255099 0.120081
vt 0.279978 0.942804
vt 0.226037 0.031021
vt 0.272793 0.203982
vt 0.286969 0.306575
vt 0.293186 0.398368
vt 0.296812 0.485671
vt 0.301377 0.680479
vt 0.284656 0.893449
vt 0.207446 0.014472
vt 0.016913 0.010627
vt 0.418269 0.356953
vt 0.250959 0.102982
vt 0.260510 0.140643
vt 0.320108 0.934677
vt 0.335555 0.940797
vt 0.263248 0.929721
vt 0.251197 0.925472
vt 0.304998 0.934067
vt 0.230206 0.928294
vt 0.345895 0.946743
vt 0.283788 0.932010
vt 0.410355 0.300038
vt 0.342841 0.960534
vt 0.394088 0.302703
vt 0.330198 0.950966
s 1
usemtl MT01_HorseHairs
f 1925/2194/1591 1607/1832/1592 1606/1831/1593
f 1644/1880/1594 1608/1833/1595 1609/1834/1596 1634/1865/1597
f 1803/2060/1598 1611/1837/1599 1608/1833/1595 1802/2059/1600
f 1608/1833/1595 1611/1837/1599 1612/1838/1601 1609/1834/1596
f 1804/2061/1602 1615/1843/1603 1611/1837/1599 1803/2060/1598
f 1611/1837/1599 1615/1843/1603 1616/1844/1604 1612/1838/1601
f 1814/2072/1605 1645/1881/1606 1615/1843/1603 1804/2061/1602
f 1788/2044/1607 1617/1845/1608 1618/1846/1609 1787/2043/1610
f 1806/2063/1611 1621/1851/1612 1617/1845/1608 1805/2062/1613
f 1617/1845/1608 1621/1851/1612 1622/1852/1614 1618/1846/1609
f 1815/2073/1615 1650/1889/1616 1621/1851/1612 1806/2063/1611
f 1650/1889/1616 1624/1855/1617 1625/1856/1618 1632/1863/1619
f 1816/2074/1620 1651/1890/1621 1624/1855/1617 1808/2065/1622
f 1780/2034/1623 1654/1895/1624 1630/1861/1625 1779/2033/1626
f 1773/2026/1627 1655/1896/1628 1629/1860/1629 1772/2025/1630
f 1766/2018/1631 1658/1901/1632 1628/1859/1633 1765/2017/1634
f 1759/2010/1635 1659/1902/1636 1627/1858/1637 1758/2009/1638
f 1865/2126/1639 1662/1907/1640 1626/1857/1641 1864/2125/1642
f 1793/2049/1643 1644/1880/1594 1634/1865/1597 1796/2053/1644
f 1860/2120/1645 1605/1829/1646 1696/1942/1647
f 1615/1843/1603 1645/1881/1606 1633/1864/1648 1616/1844/1604
f 1621/1851/1612 1650/1889/1616 1632/1863/1619 1622/1852/1614
f 1624/1855/1617 1651/1890/1621 1631/1862/1649 1625/1856/1618
f 1911/2177/1650 1895/2158/1651 1673/1918/1652 1809/2066/1653
f 1809/2066/1653 1673/1918/1652 1637/1869/1654 1810/2068/1655
f 1845/2104/1656 1757/2007/1657 1605/1829/1646 1807/2064/1658
f 1801/2058/1659 1606/1830/1593 1638/1872/1660 1811/2069/1661
f 1924/2191/1662 1925/2193/1591 1606/1830/1593 1801/2058/1659
f 1857/2116/1663 1793/2049/1643 1641/1875/1664 1812/2070/1665
f 1802/2059/1600 1608/1833/1595 1644/1880/1594 1813/2071/1666
f 1855/2114/1667 1788/2044/1607 1645/1881/1606 1814/2072/1605
f 1808/2065/1622 1624/1855/1617 1650/1889/1616 1815/2073/1615
f 1853/2112/1668 1780/2034/1623 1651/1890/1621 1816/2074/1620
f 1851/2110/1669 1773/2026/1627 1654/1895/1624 1817/2075/1670
f 1849/2108/1671 1766/2018/1631 1655/1896/1628 1818/2076/1672
f 1847/2106/1673 1759/2010/1635 1658/1901/1632 1819/2077/1674
f 1878/2140/1675 1871/2132/1676 1659/1902/1636 1820/2078/1677
f 1840/2098/1678 1719/1965/1679 1662/1907/1640 1821/2079/1680
f 1770/2023/1681 1708/1954/1682 1667/1912/1683 1768/2021/1684
f 1700/1946/1685 1683/1929/1686 1679/1925/1687 1671/1916/1688
f 1687/1933/1689 1689/1935/1690 1676/1922/1691 1677/1923/1692
f 1692/1938/1693 1704/1950/1694 1669/1914/1695 1675/1921/1696
f 1875/2137/1697 1712/1958/1698 1665/1910/1699 1874/2136/1700
f 1704/1950/1694 1687/1933/1689 1677/1923/1692 1669/1914/1695
f 1732/1980/1701 1637/1870/1654 1673/1919/1652 1731/1979/1702
f 1754/2002/1703 1716/1962/1704 1663/1908/1705 1755/2003/1706
f 1777/2031/1707 1705/1951/1708 1668/1913/1709 1775/2029/1710
f 1798/2055/1711 1681/1927/1712 1680/1926/1713 1795/2052/1714
f 1685/1931/1715 1700/1946/1685 1671/1916/1688 1678/1924/1716
f 1763/2015/1717 1709/1955/1718 1666/1911/1719 1761/2013/1720
f 1701/1947/1721 1685/1931/1715 1678/1924/1716 1670/1915/1722
f 1790/2046/1723 1701/1947/1721 1670/1915/1722 1789/2045/1724
f 1723/1970/1725 1713/1959/1726 1664/1909/1727 1721/1968/1728
f 1784/2039/1729 1693/1939/1730 1674/1920/1731 1782/2037/1732
f 1693/1939/1730 1692/1938/1693 1675/1921/1696 1674/1920/1731
f 1683/1929/1686 1697/1943/1733 1672/1917/1734 1679/1925/1687
f 1856/2115/1735 1797/2054/1736 1682/1928/1737 1822/2080/1738
f 1830/2088/1739 1699/1945/1740 1684/1930/1741 1823/2081/1742
f 1831/2089/1743 1702/1948/1744 1686/1932/1745 1824/2082/1746
f 1832/2090/1747 1703/1949/1748 1688/1934/1749 1825/2083/1750
f 1825/2083/1750 1688/1934/1749 1690/1936/1751 1826/2084/1752
f 1828/2086/1753 1694/1940/1754 1691/1937/1755 1827/2085/1756
f 1852/2111/1757 1783/2038/1758 1694/1940/1754 1828/2086/1753
f 1843/2101/1759 1730/1978/1760 1636/1867/1761 1810/2067/1655
f 1823/2081/1742 1684/1930/1741 1698/1944/1762 1829/2087/1763
f 1824/2082/1746 1686/1932/1745 1699/1945/1740 1830/2088/1739
f 1854/2113/1764 1791/2047/1765 1702/1948/1744 1831/2089/1743
f 1827/2085/1756 1691/1937/1755 1703/1949/1748 1832/2090/1747
f 1850/2109/1766 1776/2030/1767 1706/1952/1768 1833/2091/1769
f 1848/2107/1770 1769/2022/1771 1707/1953/1772 1834/2092/1773
f 1846/2105/1774 1762/2014/1775 1710/1956/1776 1835/2093/1777
f 1877/2139/1778 1872/2133/1779 1711/1957/1780 1836/2094/1781
f 1839/2097/1782 1722/1969/1783 1714/1960/1784 1837/2095/1785
f 1844/2102/1786 1753/2001/1787 1715/1961/1788 1838/2096/1789
f 1696/1942/1647 1605/1829/1646 1717/1963/1790
f 1899/2163/1791 1902/2166/1792 1663/1908/1705 1721/1968/1728
f 1912/2178/1793 1894/2156/1794 1664/1909/1727 1862/2123/1795
f 1904/2169/1796 1893/2155/1797 1665/1910/1699 1761/2013/1720
f 1905/2170/1798 1892/2154/1799 1666/1911/1719 1768/2021/1684
f 1906/2171/1800 1891/2153/1801 1667/1912/1683 1775/2029/1710
f 1907/2172/1802 1890/2152/1803 1668/1913/1709 1782/2037/1732
f 1888/2150/1804 1889/2151/1805 1674/1920/1731 1675/1921/1696
f 1887/2149/1806 1888/2150/1804 1675/1921/1696 1669/1914/1695
f 1886/2148/1807 1887/2149/1806 1669/1914/1695 1677/1923/1692
f 1885/2147/1808 1886/2148/1807 1677/1923/1692 1676/1922/1691
f 1908/2173/1809 1885/2147/1808 1676/1922/1691 1789/2045/1724
f 1883/2145/1810 1884/2146/1811 1670/1915/1722 1678/1924/1716
f 1882/2144/1812 1883/2145/1810 1678/1924/1716 1671/1916/1688
f 1881/2143/1813 1882/2144/1812 1671/1916/1688 1679/1925/1687
f 1880/2142/1814 1881/2143/1813 1679/1925/1687 1672/1917/1734
f 1909/2174/1815 1880/2142/1814 1672/1917/1734 1795/2052/1714
f 1749/1997/1816 1696/1942/1647 1717/1963/1790
f 1605/1829/1646 1757/2007/1657 1604/1828/1817 1717/1963/1790
f 1894/2156/1794 1899/2163/1791 1721/1968/1728 1664/1909/1727
f 1838/2096/1789 1715/1961/1788 1722/1969/1783 1839/2097/1782
f 1716/1962/1704 1723/1970/1725 1721/1968/1728 1663/1908/1705
f 1859/2119/1818 1860/2120/1645 1719/1965/1679 1840/2098/1678
f 1662/1907/1640 1719/1965/1679 1718/1964/1819 1626/1857/1641
f 1913/2179/1820 1900/2164/1821 1727/1975/1822 1874/2136/1700
f 1869/2130/1823 1866/2127/1824 1728/1976/1825 1841/2099/1826
f 1863/2124/1827 1729/1977/1828 1727/1975/1822 1862/2123/1795
f 1868/2129/1829 1865/2126/1639 1725/1972/1830 1842/2100/1831
f 1871/2132/1676 1725/1972/1830 1724/1971/1832 1870/2131/1833
f 1923/2190/1834 1879/2141/1835 1680/1926/1713 1917/2184/1836
f 1921/2188/1837 1919/2186/1838 1730/1978/1760 1843/2101/1759
f 1918/2185/1839 1732/1980/1701 1731/1979/1702 1917/2184/1836
f 1895/2157/1651 1901/2165/1840 1731/1979/1702 1673/1919/1652
f 1914/2180/1841 1635/1866/1842 1733/1981/1843 1920/2187/1844
f 1870/2131/1833 1724/1971/1832 1751/1999/1845 1876/2138/1846
f 1626/1857/1641 1718/1964/1819 1750/1998/1847 1748/1996/1848
f 1796/2053/1644 1634/1865/1597 1734/1982/1849 1799/2056/1850
f 1634/1865/1597 1609/1834/1596 1735/1983/1851 1734/1982/1849
f 1609/1834/1596 1612/1838/1601 1736/1984/1852 1735/1983/1851
f 1612/1838/1601 1616/1844/1604 1737/1985/1853 1736/1984/1852
f 1616/1844/1604 1633/1864/1648 1738/1986/1854 1737/1985/1853
f 1787/2043/1610 1618/1846/1609 1739/1987/1855 1792/2048/1856
f 1618/1846/1609 1622/1852/1614 1740/1988/1857 1739/1987/1855
f 1622/1852/1614 1632/1863/1619 1741/1989/1858 1740/1988/1857
f 1632/1863/1619 1625/1856/1618 1742/1990/1859 1741/1989/1858
f 1625/1856/1618 1631/1862/1649 1743/1991/1860 1742/1990/1859
f 1779/2033/1626 1630/1861/1625 1744/1992/1861 1785/2040/1862
f 1772/2025/1630 1629/1860/1629 1745/1993/1863 1778/2032/1864
f 1765/2017/1634 1628/1859/1633 1746/1994/1865 1771/2024/1866
f 1758/2009/1638 1627/1858/1637 1747/1995/1867 1764/2016/1868
f 1864/2125/1642 1626/1857/1641 1748/1996/1848 1867/2128/1869
f 1718/1964/1819 1696/1942/1647 1749/1997/1816 1750/1998/1847
f 1902/2166/1792 1749/1997/1816 1717/1963/1790 1898/2162/1870
f 1910/2175/1871 1903/2167/1872 1753/2001/1787 1844/2102/1786
f 1897/2161/1873 1754/2002/1703 1755/2003/1706 1898/2162/1870
f 1800/2057/1874 1604/1827/1817 1757/2008/1657 1845/2103/1656
f 1628/1859/1633 1758/2009/1638 1764/2016/1868 1746/1994/1865
f 1892/2154/1799 1904/2169/1796 1761/2013/1720 1666/1911/1719
f 1836/2094/1781 1711/1957/1780 1762/2014/1775 1846/2105/1774
f 1712/1958/1698 1763/2015/1717 1761/2013/1720 1665/1910/1699
f 1820/2078/1677 1659/1902/1636 1759/2010/1635 1847/2106/1673
f 1658/1901/1632 1759/2010/1635 1758/2009/1638 1628/1859/1633
f 1629/1860/1629 1765/2017/1634 1771/2024/1866 1745/1993/1863
f 1891/2153/1801 1905/2170/1798 1768/2021/1684 1667/1912/1683
f 1835/2093/1777 1710/1956/1776 1769/2022/1771 1848/2107/1770
f 1709/1955/1718 1770/2023/1681 1768/2021/1684 1666/1911/1719
f 1819/2077/1674 1658/1901/1632 1766/2018/1631 1849/2108/1671
f 1655/1896/1628 1766/2018/1631 1765/2017/1634 1629/1860/1629
f 1630/1861/1625 1772/2025/1630 1778/2032/1864 1744/1992/1861
f 1890/2152/1803 1906/2171/1800 1775/2029/1710 1668/1913/1709
f 1834/2092/1773 1707/1953/1772 1776/2030/1767 1850/2109/1766
f 1708/1954/1682 1777/2031/1707 1775/2029/1710 1667/1912/1683
f 1818/2076/1672 1655/1896/1628 1773/2026/1627 1851/2110/1669
f 1654/1895/1624 1773/2026/1627 1772/2025/1630 1630/1861/1625
f 1631/1862/1649 1779/2033/1626 1785/2040/1862 1743/1991/1860
f 1889/2151/1805 1907/2172/1802 1782/2037/1732 1674/1920/1731
f 1833/2091/1769 1706/1952/1768 1783/2038/1758 1852/2111/1757
f 1705/1951/1708 1784/2039/1729 1782/2037/1732 1668/1913/1709
f 1817/2075/1670 1654/1895/1624 1780/2034/1623 1853/2112/1668
f 1651/1890/1621 1780/2034/1623 1779/2033/1626 1631/1862/1649
f 1633/1864/1648 1787/2043/1610 1792/2048/1856 1738/1986/1854
f 1884/2146/1811 1908/2173/1809 1789/2045/1724 1670/1915/1722
f 1826/2084/1752 1690/1936/1751 1791/2047/1765 1854/2113/1764
f 1689/1935/1690 1790/2046/1723 1789/2045/1724 1676/1922/1691
f 1805/2062/1613 1617/1845/1608 1788/2044/1607 1855/2114/1667
f 1645/1881/1606 1788/2044/1607 1787/2043/1610 1633/1864/1648
f 1635/1866/1842 1796/2053/1644 1799/2056/1850 1733/1981/1843
f 1879/2141/1835 1909/2174/1815 1795/2052/1714 1680/1926/1713
f 1829/2087/1763 1698/1944/1762 1797/2054/1736 1856/2115/1735
f 1697/1943/1733 1798/2055/1711 1795/2052/1714 1672/1917/1734
f 1813/2071/1666 1644/1880/1594 1793/2049/1643 1857/2116/1663
f 1641/1875/1664 1793/2049/1643 1796/2053/1644 1635/1866/1842
f 1643/1878/1875 1813/2071/1666 1857/2116/1663 1794/2050/1876
f 1697/1943/1733 1829/2087/1763 1856/2115/1735 1798/2055/1711
f 1619/1847/1877 1805/2062/1613 1855/2114/1667 1786/2041/1878
f 1689/1935/1690 1826/2084/1752 1854/2113/1764 1790/2046/1723
f 1653/1893/1879 1817/2075/1670 1853/2112/1668 1781/2035/1880
f 1705/1951/1708 1833/2091/1769 1852/2111/1757 1784/2039/1729
f 1656/1897/1881 1818/2076/1672 1851/2110/1669 1774/2027/1882
f 1708/1954/1682 1834/2092/1773 1850/2109/1766 1777/2031/1707
f 1657/1899/1883 1819/2077/1674 1849/2108/1671 1767/2019/1884
f 1709/1955/1718 1835/2093/1777 1848/2107/1770 1770/2023/1681
f 1660/1903/1885 1820/2078/1677 1847/2106/1673 1760/2011/1886
f 1712/1958/1698 1836/2094/1781 1846/2105/1774 1763/2015/1717
f 1646/1882/1887 1800/2057/1874 1845/2103/1656 1756/2005/1888
f 1897/2161/1873 1910/2175/1871 1844/2102/1786 1754/2002/1703
f 1918/2185/1839 1921/2188/1837 1843/2101/1759 1732/1980/1701
f 1861/2121/1889 1868/2129/1829 1842/2100/1831 1726/1973/1890
f 1863/2124/1827 1869/2130/1823 1841/2099/1826 1729/1977/1828
f 1858/2117/1891 1859/2119/1818 1840/2098/1678 1720/1966/1892
f 1716/1962/1704 1838/2096/1789 1839/2097/1782 1723/1970/1725
f 1754/2002/1703 1844/2102/1786 1838/2096/1789 1716/1962/1704
f 1723/1970/1725 1839/2097/1782 1837/2095/1785 1713/1959/1726
f 1875/2137/1697 1877/2139/1778 1836/2094/1781 1712/1958/1698
f 1763/2015/1717 1846/2105/1774 1835/2093/1777 1709/1955/1718
f 1770/2023/1681 1848/2107/1770 1834/2092/1773 1708/1954/1682
f 1777/2031/1707 1850/2109/1766 1833/2091/1769 1705/1951/1708
f 1692/1938/1693 1827/2085/1756 1832/2090/1747 1704/1950/1694
f 1790/2046/1723 1854/2113/1764 1831/2089/1743 1701/1947/1721
f 1685/1931/1715 1824/2082/1746 1830/2088/1739 1700/1946/1685
f 1683/1929/1686 1823/2081/1742 1829/2087/1763 1697/1943/1733
f 1732/1980/1701 1843/2101/1759 1810/2067/1655 1637/1870/1654
f 1784/2039/1729 1852/2111/1757 1828/2086/1753 1693/1939/1730
f 1693/1939/1730 1828/2086/1753 1827/2085/1756 1692/1938/1693
f 1687/1933/1689 1825/2083/1750 1826/2084/1752 1689/1935/1690
f 1704/1950/1694 1832/2090/1747 1825/2083/1750 1687/1933/1689
f 1701/1947/1721 1831/2089/1743 1824/2082/1746 1685/1931/1715
f 1700/1946/1685 1830/2088/1739 1823/2081/1742 1683/1929/1686
f 1798/2055/1711 1856/2115/1735 1822/2080/1738 1681/1927/1712
f 1720/1966/1892 1840/2098/1678 1821/2079/1680 1661/1905/1893
f 1873/2134/1894 1878/2140/1675 1820/2078/1677 1660/1903/1885
f 1760/2011/1886 1847/2106/1673 1819/2077/1674 1657/1899/1883
f 1767/2019/1884 1849/2108/1671 1818/2076/1672 1656/1897/1881
f 1774/2027/1882 1851/2110/1669 1817/2075/1670 1653/1893/1879
f 1781/2035/1880 1853/2112/1668 1816/2074/1620 1652/1891/1895
f 1623/1853/1896 1808/2065/1622 1815/2073/1615 1649/1887/1897
f 1786/2041/1878 1855/2114/1667 1814/2072/1605 1648/1885/1898
f 1610/1835/1899 1802/2059/1600 1813/2071/1666 1643/1878/1875
f 1794/2050/1876 1857/2116/1663 1812/2070/1665 1642/1876/1900
f 1926/2196/1901 1924/2191/1662 1801/2058/1659 1640/1874/1902
f 1640/1874/1902 1801/2058/1659 1811/2069/1661 1639/1873/1903
f 1756/2004/1888 1845/2104/1656 1807/2064/1658 1647/1883/1904
f 1695/1941/1905 1809/2066/1653 1810/2068/1655 1636/1868/1761
f 1896/2159/1906 1911/2177/1650 1809/2066/1653 1695/1941/1905
f 1652/1891/1895 1816/2074/1620 1808/2065/1622 1623/1853/1896
f 1649/1887/1897 1815/2073/1615 1806/2063/1611 1620/1849/1907
f 1620/1849/1907 1806/2063/1611 1805/2062/1613 1619/1847/1877
f 1648/1885/1898 1814/2072/1605 1804/2061/1602 1614/1841/1908
f 1614/1841/1908 1804/2061/1602 1803/2060/1598 1613/1839/1909
f 1613/1839/1909 1803/2060/1598 1802/2059/1600 1610/1835/1899
f 1647/1883/1904 1807/2064/1658 1859/2119/1818 1858/2117/1891
f 1807/2064/1658 1605/1829/1646 1860/2120/1645 1859/2119/1818
f 1719/1965/1679 1860/2120/1645 1696/1942/1647 1718/1964/1819
f 1713/1959/1726 1837/2095/1785 1869/2130/1823 1863/2124/1827
f 1661/1905/1893 1821/2079/1680 1868/2129/1829 1861/2121/1889
f 1724/1971/1832 1864/2125/1642 1867/2128/1869 1751/1999/1845
f 1821/2079/1680 1662/1907/1640 1865/2126/1639 1868/2129/1829
f 1713/1959/1726 1863/2124/1827 1862/2123/1795 1664/1909/1727
f 1837/2095/1785 1714/1960/1784 1866/2127/1824 1869/2130/1823
f 1900/2164/1821 1912/2178/1793 1862/2123/1795 1727/1975/1822
f 1725/1972/1830 1865/2126/1639 1864/2125/1642 1724/1971/1832
f 1726/1973/1890 1842/2100/1831 1878/2140/1675 1873/2134/1894
f 1729/1977/1828 1841/2099/1826 1877/2139/1778 1875/2137/1697
f 1627/1858/1637 1870/2131/1833 1876/2138/1846 1747/1995/1867
f 1659/1902/1636 1871/2132/1676 1870/2131/1833 1627/1858/1637
f 1893/2155/1797 1913/2179/1820 1874/2136/1700 1665/1910/1699
f 1841/2099/1826 1728/1976/1825 1872/2133/1779 1877/2139/1778
f 1729/1977/1828 1875/2137/1697 1874/2136/1700 1727/1975/1822
f 1842/2100/1831 1725/1972/1830 1871/2132/1676 1878/2140/1675
f 1606/1831/1593 1607/1832/1592 1752/2000/1910 1638/1871/1660
f 1747/1995/1867 1876/2138/1846 1913/2179/1820 1893/2155/1797
f 1751/1999/1845 1867/2128/1869 1912/2178/1793 1900/2164/1821
f 1639/1873/1903 1811/2069/1661 1911/2177/1650 1896/2159/1906
f 1604/1827/1817 1800/2057/1874 1910/2176/1871 1897/2160/1873
f 1733/1981/1843 1799/2056/1850 1909/2174/1815 1879/2141/1835
f 1738/1986/1854 1792/2048/1856 1908/2173/1809 1884/2146/1811
f 1743/1991/1860 1785/2040/1862 1907/2172/1802 1889/2151/1805
f 1744/1992/1861 1778/2032/1864 1906/2171/1800 1890/2152/1803
f 1745/1993/1863 1771/2024/1866 1905/2170/1798 1891/2153/1801
f 1746/1994/1865 1764/2016/1868 1904/2169/1796 1892/2154/1799
f 1604/1828/1817 1897/2161/1873 1898/2162/1870 1717/1963/1790
f 1800/2057/1874 1646/1882/1887 1903/2168/1872 1910/2176/1871
f 1663/1908/1705 1902/2166/1792 1898/2162/1870 1755/2003/1706
f 1638/1871/1660 1752/2000/1910 1901/2165/1840 1895/2157/1651
f 1920/2187/1844 1733/1981/1843 1879/2141/1835 1923/2190/1834
f 1876/2138/1846 1751/1999/1845 1900/2164/1821 1913/2179/1820
f 1748/1996/1848 1750/1998/1847 1899/2163/1791 1894/2156/1794
f 1799/2056/1850 1734/1982/1849 1880/2142/1814 1909/2174/1815
f 1734/1982/1849 1735/1983/1851 1881/2143/1813 1880/2142/1814
f 1735/1983/1851 1736/1984/1852 1882/2144/1812 1881/2143/1813
f 1736/1984/1852 1737/1985/1853 1883/2145/1810 1882/2144/1812
f 1737/1985/1853 1738/1986/1854 1884/2146/1811 1883/2145/1810
f 1792/2048/1856 1739/1987/1855 1885/2147/1808 1908/2173/1809
f 1739/1987/1855 1740/1988/1857 1886/2148/1807 1885/2147/1808
f 1740/1988/1857 1741/1989/1858 1887/2149/1806 1886/2148/1807
f 1741/1989/1858 1742/1990/1859 1888/2150/1804 1887/2149/1806
f 1742/1990/1859 1743/1991/1860 1889/2151/1805 1888/2150/1804
f 1785/2040/1862 1744/1992/1861 1890/2152/1803 1907/2172/1802
f 1778/2032/1864 1745/1993/1863 1891/2153/1801 1906/2171/1800
f 1771/2024/1866 1746/1994/1865 1892/2154/1799 1905/2170/1798
f 1764/2016/1868 1747/1995/1867 1893/2155/1797 1904/2169/1796
f 1867/2128/1869 1748/1996/1848 1894/2156/1794 1912/2178/1793
f 1750/1998/1847 1749/1997/1816 1902/2166/1792 1899/2163/1791
f 1811/2069/1661 1638/1872/1660 1895/2158/1651 1911/2177/1650
f 1752/2000/1910 1920/2187/1844 1923/2190/1834 1901/2165/1840
f 1642/1876/1900 1812/2070/1665 1922/2189/1911 1916/2182/1912
f 1681/1927/1712 1822/2080/1738 1921/2188/1837 1918/2185/1839
f 1607/1832/1592 1914/2180/1841 1920/2187/1844 1752/2000/1910
f 1681/1927/1712 1918/2185/1839 1917/2184/1836 1680/1926/1713
f 1822/2080/1738 1682/1928/1737 1919/2186/1838 1921/2188/1837
f 1901/2165/1840 1923/2190/1834 1917/2184/1836 1731/1979/1702
f 1812/2070/1665 1641/1875/1664 1915/2181/1913 1922/2189/1911
f 1641/1875/1664 1635/1866/1842 1914/2180/1841 1915/2181/1913
f 1916/2182/1912 1922/2189/1911 1924/2192/1662 1926/2195/1901
f 1922/2189/1911 1915/2181/1913 1925/2194/1591 1924/2192/1662
f 1915/2181/1913 1914/2180/1841 1607/1832/1592 1925/2194/1591
f 2181/2465/1914 1929/2202/1915 1930/2203/1916
f 1956/2231/1917 1951/2224/1918 1932/2205/1919 1931/2204/1920
f 2068/2345/1921 2067/2344/1922 1931/2204/1920 1933/2206/1923
f 1931/2204/1920 1932/2205/1919 1934/2207/1924 1933/2206/1923
f 2069/2346/1925 2068/2345/1921 1933/2206/1923 1935/2208/1926
f 1933/2206/1923 1934/2207/1924 1936/2209/1927 1935/2208/1926
f 2079/2357/1928 2069/2346/1925 1935/2208/1926 1957/2232/1929
f 2056/2333/1930 2055/2332/1931 1938/2211/1932 1937/2210/1933
f 2071/2348/1934 2070/2347/1935 1937/2210/1933 1939/2212/1936
f 1937/2210/1933 1938/2211/1932 1940/2213/1937 1939/2212/1936
f 2080/2358/1938 2071/2348/1934 1939/2212/1936 1958/2233/1939
f 1958/2233/1939 1949/2222/1940 1942/2215/1941 1941/2214/1942
f 2081/2359/1943 2073/2350/1944 1941/2214/1942 1959/2234/1945
f 2051/2328/1946 2050/2327/1947 1947/2220/1948 1960/2235/1949
f 2046/2323/1950 2045/2322/1951 1946/2219/1952 1961/2236/1953
f 2041/2318/1954 2040/2317/1955 1945/2218/1956 1962/2237/1957
f 2036/2313/1958 2035/2312/1959 1944/2217/1960 1963/2238/1961
f 2128/2407/1962 2127/2406/1963 1943/2216/1964 1964/2239/1965
f 2060/2337/1966 2062/2339/1967 1951/2224/1918 1956/2231/1917
f 2124/2403/1968 1990/2266/1969 1928/2200/1970
f 1935/2208/1926 1936/2209/1927 1950/2223/1971 1957/2232/1929
f 1939/2212/1936 1940/2213/1937 1949/2222/1940 1958/2233/1939
f 1941/2214/1942 1942/2215/1941 1948/2221/1972 1959/2234/1945
f 2169/2451/1973 2074/2351/1974 1975/2250/1975 2155/2435/1976
f 2074/2351/1974 2075/2353/1977 1953/2226/1978 1975/2250/1975
f 2110/2389/1979 2072/2349/1980 1928/2200/1970 2034/2310/1981
f 2066/2343/1982 2076/2354/1983 1954/2229/1984 1929/2201/1915
f 2180/2462/1985 2066/2343/1982 1929/2201/1915 2181/2464/1914
f 2122/2401/1986 2077/2355/1987 1955/2230/1988 2060/2337/1966
f 2067/2344/1922 2078/2356/1989 1956/2231/1917 1931/2204/1920
f 2120/2399/1990 2079/2357/1928 1957/2232/1929 2056/2333/1930
f 2073/2350/1944 2080/2358/1938 1958/2233/1939 1941/2214/1942
f 2118/2397/1991 2081/2359/1943 1959/2234/1945 2051/2328/1946
f 2116/2395/1992 2082/2360/1993 1960/2235/1949 2046/2323/1950
f 2114/2393/1994 2083/2361/1995 1961/2236/1953 2041/2318/1954
f 2112/2391/1996 2084/2362/1997 1962/2237/1957 2036/2313/1958
f 2138/2417/1998 2085/2363/1999 1963/2238/1961 2133/2412/2000
f 2105/2383/2001 2086/2364/2002 1964/2239/1965 2003/2279/2003
f 2043/2320/2004 2042/2319/2005 1969/2244/2006 1996/2272/2007
f 1992/2268/2008 1973/2248/2009 1981/2257/2010 1984/2260/2011
f 1986/2262/2012 1979/2255/2013 1978/2254/2014 1987/2263/2015
f 1988/2264/2016 1977/2253/2017 1971/2246/2018 1994/2270/2019
f 2135/2414/2020 2134/2413/2021 1967/2242/2022 1998/2274/2023
f 1994/2270/2019 1971/2246/2018 1979/2255/2013 1986/2262/2012
f 2011/2287/2024 2010/2286/2025 1975/2251/1975 1953/2227/1978
f 2032/2308/2026 2033/2309/2027 1965/2240/2028 2000/2276/2029
f 2048/2325/2030 2047/2324/2031 1970/2245/2032 1995/2271/2033
f 2063/2340/2034 2061/2338/2035 1982/2258/2036 1983/2259/2037
f 1985/2261/2038 1980/2256/2039 1973/2248/2009 1992/2268/2008
f 2038/2315/2040 2037/2314/2041 1968/2243/2042 1997/2273/2043
f 1993/2269/2044 1972/2247/2045 1980/2256/2039 1985/2261/2038
f 2058/2335/2046 2057/2334/2047 1972/2247/2045 1993/2269/2044
f 2005/2281/2048 2004/2280/2049 1966/2241/2050 1999/2275/2051
f 2053/2330/2052 2052/2329/2053 1976/2252/2054 1989/2265/2055
f 1989/2265/2055 1976/2252/2054 1977/2253/2017 1988/2264/2016
f 1984/2260/2011 1981/2257/2010 1974/2249/2056 1991/2267/2057
f 2121/2400/2058 2087/2365/2059 1682/1928/1737 1797/2054/1736
f 2095/2373/2060 2088/2366/2061 1684/1930/1741 1699/1945/1740
f 2096/2374/2062 2089/2367/2063 1686/1932/1745 1702/1948/1744
f 2097/2375/2064 2090/2368/2065 1688/1934/1749 1703/1949/1748
f 2090/2368/2065 2091/2369/2066 1690/1936/1751 1688/1934/1749
f 2093/2371/2067 2092/2370/2068 1691/1937/1755 1694/1940/1754
f 2117/2396/2069 2093/2371/2067 1694/1940/1754 1783/2038/1758
f 2108/2386/2070 2075/2352/1977 1636/1867/1761 1730/1978/1760
f 2088/2366/2061 2094/2372/2071 1698/1944/1762 1684/1930/1741
f 2089/2367/2063 2095/2373/2060 1699/1945/1740 1686/1932/1745
f 2119/2398/2072 2096/2374/2062 1702/1948/1744 1791/2047/1765
f 2092/2370/2068 2097/2375/2064 1703/1949/1748 1691/1937/1755
f 2115/2394/2073 2098/2376/2074 1706/1952/1768 1776/2030/1767
f 2113/2392/2075 2099/2377/2076 1707/1953/1772 1769/2022/1771
f 2111/2390/2077 2100/2378/2078 1710/1956/1776 1762/2014/1775
f 2137/2416/2079 2101/2379/2080 1711/1957/1780 1872/2133/1779
f 2104/2382/2081 2102/2380/2082 1714/1960/1784 1722/1969/1783
f 2109/2387/2083 2103/2381/2084 1715/1961/1788 1753/2001/1787
f 1990/2266/1969 2001/2277/2085 1928/2200/1970
f 2158/2439/2086 2004/2280/2049 1965/2240/2028 2161/2442/2087
f 2170/2452/2088 2125/2404/2089 1966/2241/2050 2154/2433/2090
f 2162/2443/2091 2037/2314/2041 1967/2242/2022 2153/2432/2092
f 2163/2444/2093 2042/2319/2005 1968/2243/2042 2152/2431/2094
f 2164/2445/2095 2047/2324/2031 1969/2244/2006 2151/2430/2096
f 2165/2446/2097 2052/2329/2053 1970/2245/2032 2150/2429/2098
f 2148/2427/2099 1977/2253/2017 1976/2252/2054 2149/2428/2100
f 2147/2426/2101 1971/2246/2018 1977/2253/2017 2148/2427/2099
f 2146/2425/2102 1979/2255/2013 1971/2246/2018 2147/2426/2101
f 2145/2424/2103 1978/2254/2014 1979/2255/2013 2146/2425/2102
f 2166/2447/2104 2057/2334/2047 1978/2254/2014 2145/2424/2103
f 2143/2422/2105 1980/2256/2039 1972/2247/2045 2144/2423/2106
f 2142/2421/2107 1973/2248/2009 1980/2256/2039 2143/2422/2105
f 2141/2420/2108 1981/2257/2010 1973/2248/2009 2142/2421/2107
f 2140/2419/2109 1974/2249/2056 1981/2257/2010 2141/2420/2108
f 2167/2448/2110 2061/2338/2035 1974/2249/2056 2140/2419/2109
f 2028/2304/2111 2001/2277/2085 1990/2266/1969
f 1928/2200/1970 2001/2277/2085 1927/2199/2112 2034/2310/1981
f 2154/2433/2090 1966/2241/2050 2004/2280/2049 2158/2439/2086
f 2103/2381/2084 2104/2382/2081 1722/1969/1783 1715/1961/1788
f 2000/2276/2029 1965/2240/2028 2004/2280/2049 2005/2281/2048
f 2123/2402/2113 2105/2383/2001 2003/2279/2003 2124/2403/1968
f 1964/2239/1965 1943/2216/1964 2002/2278/2114 2003/2279/2003
f 2171/2453/2115 2134/2413/2021 2008/2284/2116 2159/2440/2117
f 2131/2410/2118 2106/2384/2119 1728/1976/1825 1866/2127/1824
f 2126/2405/2120 2125/2404/2089 2008/2284/2116 2009/2285/2121
f 2130/2409/2122 2107/2385/2123 2007/2283/2124 2128/2407/1962
f 2133/2412/2000 2132/2411/2125 2006/2282/2126 2007/2283/2124
f 2179/2461/2127 2174/2456/2128 1982/2258/2036 2139/2418/2129
f 2177/2459/2130 2108/2386/2070 1730/1978/1760 1919/2186/1838
f 2175/2457/2131 2174/2456/2128 2010/2286/2025 2011/2287/2024
f 2155/2434/1976 1975/2251/1975 2010/2286/2025 2160/2441/2132
f 2172/2454/2133 2176/2458/2134 2012/2288/2135 1952/2225/2136
f 2132/2411/2125 2136/2415/2137 2030/2306/2138 2006/2282/2126
f 1943/2216/1964 2027/2303/2139 2029/2305/2140 2002/2278/2114
f 2062/2339/1967 2064/2341/2141 2013/2289/2142 1951/2224/1918
f 1951/2224/1918 2013/2289/2142 2014/2290/2143 1932/2205/1919
f 1932/2205/1919 2014/2290/2143 2015/2291/2144 1934/2207/1924
f 1934/2207/1924 2015/2291/2144 2016/2292/2145 1936/2209/1927
f 1936/2209/1927 2016/2292/2145 2017/2293/2146 1950/2223/1971
f 2055/2332/1931 2059/2336/2147 2018/2294/2148 1938/2211/1932
f 1938/2211/1932 2018/2294/2148 2019/2295/2149 1940/2213/1937
f 1940/2213/1937 2019/2295/2149 2020/2296/2150 1949/2222/1940
f 1949/2222/1940 2020/2296/2150 2021/2297/2151 1942/2215/1941
f 1942/2215/1941 2021/2297/2151 2022/2298/2152 1948/2221/1972
f 2050/2327/1947 2054/2331/2153 2023/2299/2154 1947/2220/1948
f 2045/2322/1951 2049/2326/2155 2024/2300/2156 1946/2219/1952
f 2040/2317/1955 2044/2321/2157 2025/2301/2158 1945/2218/1956
f 2035/2312/1959 2039/2316/2159 2026/2302/2160 1944/2217/1960
f 2127/2406/1963 2129/2408/2161 2027/2303/2139 1943/2216/1964
f 2002/2278/2114 2029/2305/2140 2028/2304/2111 1990/2266/1969
f 2161/2442/2087 2157/2438/2162 2001/2277/2085 2028/2304/2111
f 2168/2449/2163 2109/2387/2083 1753/2001/1787 1903/2167/1872
f 2156/2437/2164 2157/2438/2162 2033/2309/2027 2032/2308/2026
f 2065/2342/2165 2110/2388/1979 2034/2311/1981 1927/2198/2112
f 1945/2218/1956 2025/2301/2158 2039/2316/2159 2035/2312/1959
f 2152/2431/2094 1968/2243/2042 2037/2314/2041 2162/2443/2091
f 2101/2379/2080 2111/2390/2077 1762/2014/1775 1711/1957/1780
f 1998/2274/2023 1967/2242/2022 2037/2314/2041 2038/2315/2040
f 2085/2363/1999 2112/2391/1996 2036/2313/1958 1963/2238/1961
f 1962/2237/1957 1945/2218/1956 2035/2312/1959 2036/2313/1958
f 1946/2219/1952 2024/2300/2156 2044/2321/2157 2040/2317/1955
f 2151/2430/2096 1969/2244/2006 2042/2319/2005 2163/2444/2093
f 2100/2378/2078 2113/2392/2075 1769/2022/1771 1710/1956/1776
f 1997/2273/2043 1968/2243/2042 2042/2319/2005 2043/2320/2004
f 2084/2362/1997 2114/2393/1994 2041/2318/1954 1962/2237/1957
f 1961/2236/1953 1946/2219/1952 2040/2317/1955 2041/2318/1954
f 1947/2220/1948 2023/2299/2154 2049/2326/2155 2045/2322/1951
f 2150/2429/2098 1970/2245/2032 2047/2324/2031 2164/2445/2095
f 2099/2377/2076 2115/2394/2073 1776/2030/1767 1707/1953/1772
f 1996/2272/2007 1969/2244/2006 2047/2324/2031 2048/2325/2030
f 2083/2361/1995 2116/2395/1992 2046/2323/1950 1961/2236/1953
f 1960/2235/1949 1947/2220/1948 2045/2322/1951 2046/2323/1950
f 1948/2221/1972 2022/2298/2152 2054/2331/2153 2050/2327/1947
f 2149/2428/2100 1976/2252/2054 2052/2329/2053 2165/2446/2097
f 2098/2376/2074 2117/2396/2069 1783/2038/1758 1706/1952/1768
f 1995/2271/2033 1970/2245/2032 2052/2329/2053 2053/2330/2052
f 2082/2360/1993 2118/2397/1991 2051/2328/1946 1960/2235/1949
f 1959/2234/1945 1948/2221/1972 2050/2327/1947 2051/2328/1946
f 1950/2223/1971 2017/2293/2146 2059/2336/2147 2055/2332/1931
f 2144/2423/2106 1972/2247/2045 2057/2334/2047 2166/2447/2104
f 2091/2369/2066 2119/2398/2072 1791/2047/1765 1690/1936/1751
f 1987/2263/2015 1978/2254/2014 2057/2334/2047 2058/2335/2046
f 2070/2347/1935 2120/2399/1990 2056/2333/1930 1937/2210/1933
f 1957/2232/1929 1950/2223/1971 2055/2332/1931 2056/2333/1930
f 1952/2225/2136 2012/2288/2135 2064/2341/2141 2062/2339/1967
f 2139/2418/2129 1982/2258/2036 2061/2338/2035 2167/2448/2110
f 2094/2372/2071 2121/2400/2058 1797/2054/1736 1698/1944/1762
f 1991/2267/2057 1974/2249/2056 2061/2338/2035 2063/2340/2034
f 2078/2356/1989 2122/2401/1986 2060/2337/1966 1956/2231/1917
f 1955/2230/1988 1952/2225/2136 2062/2339/1967 2060/2337/1966
f 1643/1879/1875 1794/2051/1876 2122/2401/1986 2078/2356/1989
f 1991/2267/2057 2063/2340/2034 2121/2400/2058 2094/2372/2071
f 1619/1848/1877 1786/2042/1878 2120/2399/1990 2070/2347/1935
f 1987/2263/2015 2058/2335/2046 2119/2398/2072 2091/2369/2066
f 1653/1894/1879 1781/2036/1880 2118/2397/1991 2082/2360/1993
f 1995/2271/2033 2053/2330/2052 2117/2396/2069 2098/2376/2074
f 1656/1898/1881 1774/2028/1882 2116/2395/1992 2083/2361/1995
f 1996/2272/2007 2048/2325/2030 2115/2394/2073 2099/2377/2076
f 1657/1900/1883 1767/2020/1884 2114/2393/1994 2084/2362/1997
f 1997/2273/2043 2043/2320/2004 2113/2392/2075 2100/2378/2078
f 1660/1904/1885 1760/2012/1886 2112/2391/1996 2085/2363/1999
f 1998/2274/2023 2038/2315/2040 2111/2390/2077 2101/2379/2080
f 1646/1882/1887 1756/2005/1888 2110/2388/1979 2065/2342/2165
f 2156/2437/2164 2032/2308/2026 2109/2387/2083 2168/2449/2163
f 2175/2457/2131 2011/2287/2024 2108/2386/2070 2177/2459/2130
f 1861/2122/1889 1726/1974/1890 2107/2385/2123 2130/2409/2122
f 2126/2405/2120 2009/2285/2121 2106/2384/2119 2131/2410/2118
f 1858/2118/1891 1720/1967/1892 2105/2383/2001 2123/2402/2113
f 2000/2276/2029 2005/2281/2048 2104/2382/2081 2103/2381/2084
f 2032/2308/2026 2000/2276/2029 2103/2381/2084 2109/2387/2083
f 2005/2281/2048 1999/2275/2051 2102/2380/2082 2104/2382/2081
f 2135/2414/2020 1998/2274/2023 2101/2379/2080 2137/2416/2079
f 2038/2315/2040 1997/2273/2043 2100/2378/2078 2111/2390/2077
f 2043/2320/2004 1996/2272/2007 2099/2377/2076 2113/2392/2075
f 2048/2325/2030 1995/2271/2033 2098/2376/2074 2115/2394/2073
f 1988/2264/2016 1994/2270/2019 2097/2375/2064 2092/2370/2068
f 2058/2335/2046 1993/2269/2044 2096/2374/2062 2119/2398/2072
f 1985/2261/2038 1992/2268/2008 2095/2373/2060 2089/2367/2063
f 1984/2260/2011 1991/2267/2057 2094/2372/2071 2088/2366/2061
f 2011/2287/2024 1953/2227/1978 2075/2352/1977 2108/2386/2070
f 2053/2330/2052 1989/2265/2055 2093/2371/2067 2117/2396/2069
f 1989/2265/2055 1988/2264/2016 2092/2370/2068 2093/2371/2067
f 1986/2262/2012 1987/2263/2015 2091/2369/2066 2090/2368/2065
f 1994/2270/2019 1986/2262/2012 2090/2368/2065 2097/2375/2064
f 1993/2269/2044 1985/2261/2038 2089/2367/2063 2096/2374/2062
f 1992/2268/2008 1984/2260/2011 2088/2366/2061 2095/2373/2060
f 2063/2340/2034 1983/2259/2037 2087/2365/2059 2121/2400/2058
f 1720/1967/1892 1661/1906/1893 2086/2364/2002 2105/2383/2001
f 1873/2135/1894 1660/1904/1885 2085/2363/1999 2138/2417/1998
f 1760/2012/1886 1657/1900/1883 2084/2362/1997 2112/2391/1996
f 1767/2020/1884 1656/1898/1881 2083/2361/1995 2114/2393/1994
f 1774/2028/1882 1653/1894/1879 2082/2360/1993 2116/2395/1992
f 1781/2036/1880 1652/1892/1895 2081/2359/1943 2118/2397/1991
f 1623/1854/1896 1649/1888/1897 2080/2358/1938 2073/2350/1944
f 1786/2042/1878 1648/1886/1898 2079/2357/1928 2120/2399/1990
f 1610/1836/1899 1643/1879/1875 2078/2356/1989 2067/2344/1922
f 1794/2051/1876 1642/1877/1900 2077/2355/1987 2122/2401/1986
f 1926/2196/1901 1640/1874/1902 2066/2343/1982 2180/2462/1985
f 1640/1874/1902 1639/1873/1903 2076/2354/1983 2066/2343/1982
f 1756/2006/1888 1647/1884/1904 2072/2349/1980 2110/2389/1979
f 1695/1941/1905 1636/1868/1761 2075/2353/1977 2074/2351/1974
f 1896/2159/1906 1695/1941/1905 2074/2351/1974 2169/2451/1973
f 1652/1892/1895 1623/1854/1896 2073/2350/1944 2081/2359/1943
f 1649/1888/1897 1620/1850/1907 2071/2348/1934 2080/2358/1938
f 1620/1850/1907 1619/1848/1877 2070/2347/1935 2071/2348/1934
f 1648/1886/1898 1614/1842/1908 2069/2346/1925 2079/2357/1928
f 1614/1842/1908 1613/1840/1909 2068/2345/1921 2069/2346/1925
f 1613/1840/1909 1610/1836/1899 2067/2344/1922 2068/2345/1921
f 1647/1884/1904 1858/2118/1891 2123/2402/2113 2072/2349/1980
f 2072/2349/1980 2123/2402/2113 2124/2403/1968 1928/2200/1970
f 2003/2279/2003 2002/2278/2114 1990/2266/1969 2124/2403/1968
f 1999/2275/2051 2126/2405/2120 2131/2410/2118 2102/2380/2082
f 1661/1906/1893 1861/2122/1889 2130/2409/2122 2086/2364/2002
f 2006/2282/2126 2030/2306/2138 2129/2408/2161 2127/2406/1963
f 2086/2364/2002 2130/2409/2122 2128/2407/1962 1964/2239/1965
f 1999/2275/2051 1966/2241/2050 2125/2404/2089 2126/2405/2120
f 2102/2380/2082 2131/2410/2118 1866/2127/1824 1714/1960/1784
f 2159/2440/2117 2008/2284/2116 2125/2404/2089 2170/2452/2088
f 2007/2283/2124 2006/2282/2126 2127/2406/1963 2128/2407/1962
f 1726/1974/1890 1873/2135/1894 2138/2417/1998 2107/2385/2123
f 2009/2285/2121 2135/2414/2020 2137/2416/2079 2106/2384/2119
f 1944/2217/1960 2026/2302/2160 2136/2415/2137 2132/2411/2125
f 1963/2238/1961 1944/2217/1960 2132/2411/2125 2133/2412/2000
f 2153/2432/2092 1967/2242/2022 2134/2413/2021 2171/2453/2115
f 2106/2384/2119 2137/2416/2079 1872/2133/1779 1728/1976/1825
f 2009/2285/2121 2008/2284/2116 2134/2413/2021 2135/2414/2020
f 2107/2385/2123 2138/2417/1998 2133/2412/2000 2007/2283/2124
f 1929/2202/1915 1954/2228/1984 2031/2307/2166 1930/2203/1916
f 2026/2302/2160 2153/2432/2092 2171/2453/2115 2136/2415/2137
f 2030/2306/2138 2159/2440/2117 2170/2452/2088 2129/2408/2161
f 1639/1873/1903 1896/2159/1906 2169/2451/1973 2076/2354/1983
f 1927/2198/2112 2156/2436/2164 2168/2450/2163 2065/2342/2165
f 2012/2288/2135 2139/2418/2129 2167/2448/2110 2064/2341/2141
f 2017/2293/2146 2144/2423/2106 2166/2447/2104 2059/2336/2147
f 2022/2298/2152 2149/2428/2100 2165/2446/2097 2054/2331/2153
f 2023/2299/2154 2150/2429/2098 2164/2445/2095 2049/2326/2155
f 2024/2300/2156 2151/2430/2096 2163/2444/2093 2044/2321/2157
f 2025/2301/2158 2152/2431/2094 2162/2443/2091 2039/2316/2159
f 1927/2199/2112 2001/2277/2085 2157/2438/2162 2156/2437/2164
f 2065/2342/2165 2168/2450/2163 1903/2168/1872 1646/1882/1887
f 1965/2240/2028 2033/2309/2027 2157/2438/2162 2161/2442/2087
f 1954/2228/1984 2155/2434/1976 2160/2441/2132 2031/2307/2166
f 2176/2458/2134 2179/2461/2127 2139/2418/2129 2012/2288/2135
f 2136/2415/2137 2171/2453/2115 2159/2440/2117 2030/2306/2138
f 2027/2303/2139 2154/2433/2090 2158/2439/2086 2029/2305/2140
f 2064/2341/2141 2167/2448/2110 2140/2419/2109 2013/2289/2142
f 2013/2289/2142 2140/2419/2109 2141/2420/2108 2014/2290/2143
f 2014/2290/2143 2141/2420/2108 2142/2421/2107 2015/2291/2144
f 2015/2291/2144 2142/2421/2107 2143/2422/2105 2016/2292/2145
f 2016/2292/2145 2143/2422/2105 2144/2423/2106 2017/2293/2146
f 2059/2336/2147 2166/2447/2104 2145/2424/2103 2018/2294/2148
f 2018/2294/2148 2145/2424/2103 2146/2425/2102 2019/2295/2149
f 2019/2295/2149 2146/2425/2102 2147/2426/2101 2020/2296/2150
f 2020/2296/2150 2147/2426/2101 2148/2427/2099 2021/2297/2151
f 2021/2297/2151 2148/2427/2099 2149/2428/2100 2022/2298/2152
f 2054/2331/2153 2165/2446/2097 2150/2429/2098 2023/2299/2154
f 2049/2326/2155 2164/2445/2095 2151/2430/2096 2024/2300/2156
f 2044/2321/2157 2163/2444/2093 2152/2431/2094 2025/2301/2158
f 2039/2316/2159 2162/2443/2091 2153/2432/2092 2026/2302/2160
f 2129/2408/2161 2170/2452/2088 2154/2433/2090 2027/2303/2139
f 2029/2305/2140 2158/2439/2086 2161/2442/2087 2028/2304/2111
f 2076/2354/1983 2169/2451/1973 2155/2435/1976 1954/2229/1984
f 2031/2307/2166 2160/2441/2132 2179/2461/2127 2176/2458/2134
f 1642/1877/1900 1916/2183/1912 2178/2460/2167 2077/2355/1987
f 1983/2259/2037 2175/2457/2131 2177/2459/2130 2087/2365/2059
f 1930/2203/1916 2031/2307/2166 2176/2458/2134 2172/2454/2133
f 1983/2259/2037 1982/2258/2036 2174/2456/2128 2175/2457/2131
f 2087/2365/2059 2177/2459/2130 1919/2186/1838 1682/1928/1737
f 2160/2441/2132 2010/2286/2025 2174/2456/2128 2179/2461/2127
f 2077/2355/1987 2178/2460/2167 2173/2455/2168 1955/2230/1988
f 1955/2230/1988 2173/2455/2168 2172/2454/2133 1952/2225/2136
f 1916/2183/1912 1926/2197/1901 2180/2463/1985 2178/2460/2167
f 2178/2460/2167 2180/2463/1985 2181/2465/1914 2173/2455/2168
f 2173/2455/2168 2181/2465/1914 1930/2203/1916 2172/2454/2133
o D03_Eyes_Low
v -1.484627 2.887696 -10.981620
v -1.497688 2.891690 -10.958641
v -1.505233 2.901379 -10.937695
v -1.508004 2.915998 -10.918507
v -1.491505 2.902885 -11.002512
v -1.513784 2.911401 -10.979679
v -1.524470 2.923955 -10.956314
v -1.525881 2.939904 -10.932619
v -1.493974 2.921764 -11.017582
v -1.518841 2.934148 -10.996257
v -1.530405 2.948326 -10.972601
v -1.531475 2.963919 -10.947104
v -1.492628 2.943838 -11.027605
v -1.515101 2.959422 -11.009104
v -1.525846 2.974112 -10.987047
v -1.527198 2.987925 -10.962044
v -1.505259 2.936313 -10.901352
v -1.483392 2.936604 -10.885981
v -1.460418 2.938900 -10.878467
v -1.436484 2.942930 -10.877755
v -1.515698 2.959893 -10.908390
v -1.491690 2.968529 -10.887433
v -1.465185 2.973590 -10.877962
v -1.436685 2.975948 -10.877788
v -1.519243 2.981308 -10.919273
v -1.494598 2.994794 -10.898367
v -1.467027 3.001388 -10.888840
v -1.437147 3.002543 -10.888291
v -1.516822 3.000846 -10.933484
v -1.493007 3.016551 -10.916857
v -1.466561 3.023746 -10.908695
v -1.438002 3.023969 -10.907211
v -1.411444 2.948967 -10.884900
v -1.397995 2.930835 -10.899218
v -1.390332 2.916876 -10.917545
v -1.387679 2.906527 -10.939350
v -1.405689 2.974730 -10.889100
v -1.383216 2.959146 -10.907602
v -1.372471 2.944456 -10.929661
v -1.371119 2.930642 -10.954662
v -1.404343 2.996804 -10.899126
v -1.379476 2.984420 -10.920449
v -1.367911 2.970242 -10.944107
v -1.366842 2.954649 -10.969603
v -1.406812 3.015683 -10.914193
v -1.384533 3.007167 -10.937027
v -1.373847 2.994612 -10.960393
v -1.372436 2.978663 -10.984087
v -1.390811 2.900349 -10.965169
v -1.412290 2.885922 -10.971876
v -1.435149 2.879355 -10.976774
v -1.459199 2.879595 -10.980103
v -1.381496 2.917722 -10.983223
v -1.405310 2.902017 -10.999849
v -1.431757 2.894821 -11.008011
v -1.460315 2.894598 -11.009495
v -1.379073 2.937261 -10.997433
v -1.403719 2.923774 -11.018341
v -1.431291 2.917181 -11.027866
v -1.461170 2.916026 -11.028414
v -1.382619 2.958674 -11.008316
v -1.406627 2.950038 -11.029273
v -1.433133 2.944978 -11.038744
v -1.461632 2.942619 -11.038918
v -1.413900 2.886465 -10.938902
v -1.418613 2.896807 -10.912661
v -1.425996 2.914969 -10.891841
v -1.441022 2.878047 -10.942275
v -1.447213 2.888352 -10.914890
v -1.453656 2.907819 -10.893122
v -1.468904 2.879046 -10.948547
v -1.476064 2.889059 -10.922735
v -1.481001 2.907550 -10.901486
v -1.486873 2.969601 -11.031806
v -1.500322 2.987732 -11.017490
v -1.507984 3.001692 -10.999161
v -1.510638 3.012041 -10.977356
v -1.507505 3.018218 -10.951538
v -1.461833 2.975637 -11.038951
v -1.472320 3.003599 -11.024865
v -1.479704 3.021760 -11.004046
v -1.484417 3.032103 -10.977804
v -1.486026 3.032646 -10.944830
v -1.437900 2.979668 -11.038240
v -1.444661 3.010749 -11.023586
v -1.451104 3.030216 -11.001816
v -1.457296 3.040520 -10.974432
v -1.463169 3.039212 -10.939932
v -1.414925 2.981964 -11.030725
v -1.417316 3.011017 -11.015220
v -1.422253 3.029509 -10.993971
v -1.429412 3.039522 -10.968159
v -1.439118 3.038972 -10.936604
v -1.393058 2.982254 -11.015355
v -1.390313 3.002569 -10.998199
v -1.393084 3.017189 -10.979012
v -1.400629 3.026877 -10.958066
v -1.413690 3.030872 -10.935087
v -1.057162 2.887696 -10.981620
v -1.044101 2.891690 -10.958641
v -1.036556 2.901379 -10.937695
v -1.033785 2.915998 -10.918507
v -1.050284 2.902885 -11.002512
v -1.028005 2.911401 -10.979679
v -1.017319 2.923955 -10.956314
v -1.015908 2.939904 -10.932619
v -1.047815 2.921764 -11.017582
v -1.022949 2.934148 -10.996257
v -1.011384 2.948326 -10.972601
v -1.010314 2.963919 -10.947104
v -1.049161 2.943838 -11.027605
v -1.026688 2.959422 -11.009104
v -1.015943 2.974112 -10.987047
v -1.014591 2.987925 -10.962044
v -1.036530 2.936313 -10.901352
v -1.058397 2.936604 -10.885981
v -1.081371 2.938900 -10.878467
v -1.105305 2.942930 -10.877755
v -1.026091 2.959893 -10.908390
v -1.050099 2.968529 -10.887433
v -1.076604 2.973590 -10.877962
v -1.105104 2.975948 -10.877788
v -1.022546 2.981308 -10.919273
v -1.047191 2.994794 -10.898367
v -1.074762 3.001388 -10.888840
v -1.104642 3.002543 -10.888291
v -1.024967 3.000846 -10.933484
v -1.048782 3.016551 -10.916857
v -1.075228 3.023746 -10.908695
v -1.103787 3.023969 -10.907211
v -1.130345 2.948967 -10.884900
v -1.143794 2.930835 -10.899218
v -1.151457 2.916876 -10.917545
v -1.154110 2.906527 -10.939350
v -1.136100 2.974730 -10.889100
v -1.158573 2.959146 -10.907602
v -1.169318 2.944456 -10.929661
v -1.170670 2.930642 -10.954662
v -1.137446 2.996804 -10.899126
v -1.162313 2.984420 -10.920449
v -1.173878 2.970242 -10.944107
v -1.174948 2.954649 -10.969603
v -1.134977 3.015683 -10.914193
v -1.157256 3.007167 -10.937027
v -1.167942 2.994612 -10.960393
v -1.169353 2.978663 -10.984087
v -1.150978 2.900349 -10.965169
v -1.129499 2.885922 -10.971876
v -1.106640 2.879355 -10.976774
v -1.082590 2.879595 -10.980103
v -1.160293 2.917722 -10.983223
v -1.136479 2.902017 -10.999849
v -1.110032 2.894821 -11.008011
v -1.081475 2.894598 -11.009495
v -1.162716 2.937261 -10.997433
v -1.138070 2.923774 -11.018341
v -1.110498 2.917181 -11.027866
v -1.080619 2.916026 -11.028414
v -1.159170 2.958674 -11.008316
v -1.135162 2.950038 -11.029273
v -1.108657 2.944978 -11.038744
v -1.080158 2.942619 -11.038918
v -1.127889 2.886465 -10.938902
v -1.123176 2.896807 -10.912661
v -1.115793 2.914969 -10.891841
v -1.100767 2.878047 -10.942275
v -1.094576 2.888352 -10.914890
v -1.088133 2.907819 -10.893122
v -1.072885 2.879046 -10.948547
v -1.065725 2.889059 -10.922735
v -1.060788 2.907550 -10.901486
v -1.054916 2.969601 -11.031806
v -1.041467 2.987732 -11.017490
v -1.033805 3.001692 -10.999161
v -1.031151 3.012041 -10.977356
v -1.034284 3.018218 -10.951538
v -1.079956 2.975637 -11.038951
v -1.069469 3.003599 -11.024865
v -1.062086 3.021760 -11.004046
v -1.057372 3.032103 -10.977804
v -1.055763 3.032646 -10.944830
v -1.103889 2.979668 -11.038240
v -1.097128 3.010749 -11.023586
v -1.090685 3.030216 -11.001816
v -1.084493 3.040520 -10.974432
v -1.078620 3.039212 -10.939932
v -1.126864 2.981964 -11.030725
v -1.124473 3.011017 -11.015220
v -1.119536 3.029509 -10.993971
v -1.112377 3.039522 -10.968159
v -1.102671 3.038972 -10.936604
v -1.148731 2.982254 -11.015355
v -1.151476 3.002569 -10.998199
v -1.148705 3.017189 -10.979012
v -1.141160 3.026877 -10.958066
v -1.128099 3.030872 -10.935087
vn -0.4262 -0.8603 -0.2796
vn -0.5769 -0.8166 -0.0171
vn -0.7749 -0.5777 -0.2566
vn -0.5061 -0.6884 -0.5196
vn -0.6739 -0.6959 0.2483
vn -0.9021 -0.4305 0.0288
vn -0.7073 -0.5094 0.4902
vn -0.9210 -0.2333 0.3119
vn -0.6742 -0.2761 0.6850
vn -0.7954 -0.0066 0.6060
vn -0.8331 -0.3054 -0.4612
vn -0.5386 -0.4509 -0.7118
vn -0.9764 -0.1317 -0.1712
vn -0.9881 0.0598 0.1419
vn -0.8422 0.2647 0.4696
vn -0.7908 0.0024 -0.6121
vn -0.5203 -0.1709 -0.8367
vn -0.9190 0.1849 -0.3482
vn -0.9369 0.3468 -0.0436
vn -0.8096 0.5110 0.2889
vn -0.6084 0.3320 -0.7209
vn -0.4532 0.1240 -0.8827
vn -0.7069 0.5096 -0.4904
vn -0.7388 0.6392 -0.2137
vn -0.7012 0.7083 0.0819
vn -0.4253 -0.2734 0.8628
vn -0.5125 0.1087 0.8518
vn -0.1353 -0.2450 0.9600
vn -0.1918 0.1642 0.9676
vn 0.1675 -0.1934 0.9667
vn 0.1520 0.1983 0.9683
vn 0.4532 -0.1240 0.8827
vn 0.5203 0.1708 0.8367
vn -0.5527 0.4243 0.7173
vn -0.2147 0.5060 0.8354
vn 0.1522 0.5194 0.8409
vn 0.5386 0.4509 0.7118
vn -0.5284 0.6888 0.4963
vn -0.2087 0.7796 0.5905
vn 0.1361 0.7784 0.6128
vn 0.5061 0.6884 0.5196
vn -0.4568 0.8752 0.1589
vn -0.1684 0.9605 0.2214
vn 0.1360 0.9552 0.2629
vn 0.4263 0.8603 0.2796
vn 0.6084 -0.3320 0.7209
vn 0.7908 -0.0025 0.6121
vn 0.7070 -0.5096 0.4904
vn 0.9190 -0.1849 0.3482
vn 0.7388 -0.6392 0.2137
vn 0.9369 -0.3468 0.0436
vn 0.7012 -0.7083 -0.0819
vn 0.8096 -0.5110 -0.2889
vn 0.8331 0.3054 0.4612
vn 0.9764 0.1317 0.1712
vn 0.9881 -0.0598 -0.1419
vn 0.8423 -0.2647 -0.4696
vn 0.7749 0.5777 0.2566
vn 0.9021 0.4305 -0.0289
vn 0.9210 0.2333 -0.3119
vn 0.7954 0.0066 -0.6060
vn 0.5769 0.8166 0.0171
vn 0.6739 0.6959 -0.2483
vn 0.7073 0.5094 -0.4902
vn 0.6742 0.2761 -0.6850
vn 0.4568 -0.8752 -0.1590
vn 0.5284 -0.6888 -0.4963
vn 0.1684 -0.9605 -0.2214
vn 0.2087 -0.7796 -0.5905
vn -0.1360 -0.9552 -0.2629
vn -0.1361 -0.7784 -0.6128
vn 0.5527 -0.4243 -0.7173
vn 0.2147 -0.5060 -0.8354
vn -0.1522 -0.5194 -0.8409
vn 0.5125 -0.1087 -0.8518
vn 0.1918 -0.1642 -0.9676
vn -0.1520 -0.1983 -0.9683
vn 0.4253 0.2734 -0.8628
vn 0.1353 0.2450 -0.9600
vn -0.1675 0.1934 -0.9667
vn 0.4258 -0.8746 0.2319
vn 0.3742 -0.7474 0.5489
vn 0.2797 -0.5302 0.8004
vn 0.0993 -0.9776 0.1856
vn 0.0234 -0.8524 0.5223
vn -0.0557 -0.6123 0.7886
vn -0.2387 -0.9642 0.1153
vn -0.3306 -0.8425 0.4253
vn -0.3848 -0.6199 0.6839
vn -0.2797 0.5302 -0.8004
vn -0.3742 0.7474 -0.5489
vn -0.4258 0.8746 -0.2319
vn 0.0557 0.6123 -0.7886
vn -0.0234 0.8524 -0.5223
vn -0.0993 0.9776 -0.1856
vn 0.3848 0.6199 -0.6839
vn 0.3306 0.8425 -0.4253
vn 0.2387 0.9642 -0.1153
vn 0.4262 -0.8603 -0.2796
vn 0.5061 -0.6884 -0.5196
vn 0.7749 -0.5777 -0.2566
vn 0.5769 -0.8166 -0.0171
vn 0.9021 -0.4305 0.0288
vn 0.6739 -0.6959 0.2483
vn 0.9210 -0.2333 0.3119
vn 0.7073 -0.5094 0.4902
vn 0.7954 -0.0066 0.6060
vn 0.6742 -0.2761 0.6850
vn 0.5386 -0.4509 -0.7118
vn 0.8331 -0.3054 -0.4612
vn 0.9764 -0.1317 -0.1712
vn 0.9881 0.0598 0.1419
vn 0.8422 0.2647 0.4696
vn 0.5203 -0.1709 -0.8367
vn 0.7908 0.0024 -0.6121
vn 0.9190 0.1849 -0.3482
vn 0.9369 0.3468 -0.0436
vn 0.8096 0.5110 0.2889
vn 0.4532 0.1240 -0.8827
vn 0.6084 0.3320 -0.7209
vn 0.7069 0.5096 -0.4904
vn 0.7388 0.6392 -0.2137
vn 0.7012 0.7083 0.0819
vn 0.5125 0.1087 0.8518
vn 0.4253 -0.2734 0.8628
vn 0.1918 0.1642 0.9676
vn 0.1353 -0.2450 0.9600
vn -0.1520 0.1983 0.9683
vn -0.1675 -0.1934 0.9667
vn -0.5203 0.1708 0.8367
vn -0.4532 -0.1240 0.8827
vn 0.5527 0.4243 0.7173
vn 0.2147 0.5060 0.8354
vn -0.1522 0.5194 0.8409
vn -0.5386 0.4509 0.7118
vn 0.5284 0.6888 0.4963
vn 0.2087 0.7796 0.5905
vn -0.1361 0.7784 0.6128
vn -0.5061 0.6884 0.5196
vn 0.4568 0.8752 0.1589
vn 0.1684 0.9605 0.2214
vn -0.1360 0.9552 0.2629
vn -0.4263 0.8603 0.2796
vn -0.7908 -0.0025 0.6121
vn -0.6084 -0.3320 0.7209
vn -0.9190 -0.1849 0.3482
vn -0.7070 -0.5096 0.4904
vn -0.9369 -0.3468 0.0436
vn -0.7388 -0.6392 0.2137
vn -0.8096 -0.5110 -0.2889
vn -0.7012 -0.7083 -0.0819
vn -0.8331 0.3054 0.4612
vn -0.9764 0.1317 0.1712
vn -0.9881 -0.0598 -0.1419
vn -0.8423 -0.2647 -0.4696
vn -0.7749 0.5777 0.2566
vn -0.9021 0.4305 -0.0289
vn -0.9210 0.2333 -0.3119
vn -0.7954 0.0066 -0.6060
vn -0.5769 0.8166 0.0171
vn -0.6739 0.6959 -0.2483
vn -0.7073 0.5094 -0.4902
vn -0.6742 0.2760 -0.6850
vn -0.5284 -0.6888 -0.4963
vn -0.4568 -0.8752 -0.1590
vn -0.2087 -0.7796 -0.5905
vn -0.1684 -0.9605 -0.2214
vn 0.1361 -0.7784 -0.6128
vn 0.1360 -0.9552 -0.2629
vn -0.5527 -0.4243 -0.7173
vn -0.2147 -0.5060 -0.8354
vn 0.1522 -0.5194 -0.8409
vn -0.5125 -0.1087 -0.8518
vn -0.1918 -0.1642 -0.9676
vn 0.1520 -0.1983 -0.9683
vn -0.4253 0.2734 -0.8628
vn -0.1353 0.2450 -0.9600
vn 0.1675 0.1934 -0.9667
vn -0.4258 -0.8746 0.2319
vn -0.3742 -0.7474 0.5489
vn -0.2797 -0.5302 0.8004
vn -0.0993 -0.9776 0.1856
vn -0.0234 -0.8524 0.5223
vn 0.0557 -0.6123 0.7886
vn 0.2387 -0.9642 0.1153
vn 0.3306 -0.8425 0.4253
vn 0.3848 -0.6199 0.6839
vn 0.2797 0.5302 -0.8004
vn 0.3742 0.7474 -0.5489
vn 0.4258 0.8746 -0.2319
vn -0.0557 0.6123 -0.7886
vn 0.0234 0.8524 -0.5223
vn 0.0993 0.9776 -0.1856
vn -0.3848 0.6199 -0.6839
vn -0.3306 0.8425 -0.4253
vn -0.2387 0.9642 -0.1153
vt 0.120105 0.726407
vt 0.155621 0.690507
vt 0.190483 0.664066
vt 0.227496 0.640729
vt 0.140727 0.772502
vt 0.186172 0.738406
vt 0.223385 0.711573
vt 0.261592 0.686175
vt 0.164063 0.809516
vt 0.211571 0.776614
vt 0.249998 0.750001
vt 0.288425 0.723388
vt 0.190504 0.844377
vt 0.238405 0.813827
vt 0.276610 0.788429
vt 0.313824 0.761595
vt 0.273593 0.620108
vt 0.283899 0.563369
vt 0.795407 0.000000
vt 0.295411 0.500001
vt 0.783898 0.063368
vt 0.309493 0.655623
vt 0.350428 0.601781
vt 0.394342 0.537170
vt 0.689724 0.000002
vt 0.708111 0.075930
vt 0.335934 0.690486
vt 0.394062 0.650230
vt 0.464159 0.601684
vt 0.601679 0.035841
vt 0.650226 0.105938
vt 0.359270 0.727498
vt 0.424070 0.708114
vt 0.499998 0.689728
vt 0.537166 0.105658
vt 0.601779 0.149573
vt 0.773592 0.120106
vt 0.809494 0.155621
vt 0.835934 0.190484
vt 0.859271 0.227495
vt 0.727496 0.140727
vt 0.761594 0.186173
vt 0.788427 0.223387
vt 0.813826 0.261592
vt 0.690484 0.164066
vt 0.723385 0.211573
vt 0.750000 0.250001
vt 0.776613 0.288426
vt 0.655621 0.190506
vt 0.686172 0.238407
vt 0.711573 0.276614
vt 0.738406 0.313826
vt 0.879893 0.273593
vt 0.936631 0.283898
vt 1.000000 0.295410
vt 0.000000 0.704590
vt 0.063366 0.716100
vt 0.844378 0.309492
vt 0.898220 0.350426
vt 0.962834 0.394341
vt 0.000000 0.810273
vt 0.075927 0.791887
vt 0.809515 0.335934
vt 0.849773 0.394062
vt 0.898319 0.464158
vt 0.035839 0.898318
vt 0.105935 0.849773
vt 0.772503 0.359271
vt 0.791889 0.424069
vt 0.810276 0.499999
vt 0.105654 0.962831
vt 0.149568 0.898220
vt 0.924070 0.208110
vt 0.894061 0.150226
vt 0.850427 0.101779
vt 1.000000 0.189724
vt 0.037167 0.605658
vt 0.964157 0.101678
vt 0.101683 0.535840
vt 0.894343 0.037167
vt 0.189724 0.500002
vt 0.101779 0.649570
vt 0.150226 0.605937
vt 0.208111 0.575929
vt 0.226403 0.879894
vt 0.272500 0.859272
vt 0.309512 0.835937
vt 0.344375 0.809495
vt 0.379890 0.773596
vt 0.216097 0.936633
vt 0.291885 0.924072
vt 0.349769 0.894065
vt 0.398217 0.850431
vt 0.436630 0.783903
vt 0.204585 0.999999
vt 0.704593 0.500000
vt 0.310269 1.000000
vt 0.605659 0.462835
vt 0.398317 0.964160
vt 0.535841 0.398318
vt 0.462828 0.894346
vt 0.500001 0.310277
vt 0.499998 0.795412
vt 0.500000 0.204591
vt 0.716101 0.436631
vt 0.649572 0.398220
vt 0.605938 0.349772
vt 0.575931 0.291889
vt 0.563368 0.216102
vt 0.726408 0.379893
vt 0.690507 0.344378
vt 0.664066 0.309515
vt 0.640729 0.272504
vt 0.620107 0.226407
vt 0.773594 0.620107
vt 0.727497 0.640729
vt 0.690485 0.664064
vt 0.655622 0.690506
vt 0.809493 0.655622
vt 0.761593 0.686173
vt 0.723387 0.711572
vt 0.686174 0.738405
vt 0.835935 0.690485
vt 0.788427 0.723387
vt 0.750000 0.750000
vt 0.711573 0.776612
vt 0.859271 0.727497
vt 0.813825 0.761594
vt 0.776613 0.788427
vt 0.738406 0.813825
vt 0.620107 0.726405
vt 0.563368 0.716098
vt 0.500000 0.295411
vt 0.500000 0.704590
vt 0.436632 0.283900
vt 0.640727 0.772502
vt 0.575928 0.791886
vt 0.500000 0.810273
vt 0.462833 0.394343
vt 0.398220 0.350428
vt 0.664063 0.809515
vt 0.605936 0.849772
vt 0.535839 0.898319
vt 0.398319 0.464161
vt 0.349773 0.394064
vt 0.690505 0.844377
vt 0.649570 0.898219
vt 0.605655 0.962831
vt 0.310276 0.499999
vt 0.291888 0.424070
vt 0.379893 0.273595
vt 0.359272 0.227498
vt 0.335935 0.190486
vt 0.309493 0.155622
vt 0.344379 0.309495
vt 0.313827 0.261593
vt 0.288427 0.223387
vt 0.261595 0.186175
vt 0.309515 0.335935
vt 0.276614 0.288429
vt 0.249999 0.250000
vt 0.223387 0.211575
vt 0.272504 0.359272
vt 0.238407 0.313827
vt 0.211573 0.276614
vt 0.186174 0.238409
vt 0.273593 0.120107
vt 0.283900 0.063370
vt 0.295408 0.000000
vt 0.795411 0.500002
vt 0.783900 0.563367
vt 0.227497 0.140728
vt 0.208113 0.075932
vt 0.189725 0.000001
vt 0.894343 0.537169
vt 0.850428 0.601779
vt 0.190485 0.164067
vt 0.150227 0.105939
vt 0.101681 0.035843
vt 0.964159 0.601683
vt 0.894063 0.650228
vt 0.155622 0.190506
vt 0.101781 0.149573
vt 0.037168 0.105659
vt 0.999997 0.689726
vt 0.924070 0.708112
vt 0.350429 0.101781
vt 0.394063 0.150229
vt 0.424070 0.208112
vt 0.394342 0.037166
vt 0.689727 0.500001
vt 0.464160 0.101683
vt 0.601681 0.535841
vt 0.500000 0.189725
vt 0.537169 0.605655
vt 0.708112 0.575928
vt 0.650228 0.605936
vt 0.601780 0.649570
vt 0.879893 0.773593
vt 0.844377 0.809493
vt 0.809515 0.835934
vt 0.772501 0.859271
vt 0.726406 0.879892
vt 0.936632 0.783900
vt 0.898219 0.850429
vt 0.849772 0.894063
vt 0.791887 0.924070
vt 0.716099 0.936632
vt 0.999997 0.795409
vt 0.000000 0.204590
vt 0.962831 0.894342
vt 0.000000 0.310276
vt 0.898316 0.964160
vt 0.035842 0.398322
vt 0.810274 0.999998
vt 0.105656 0.462833
vt 0.704587 0.999999
vt 0.204592 0.500001
vt 0.063369 0.216102
vt 0.075930 0.291889
vt 0.105939 0.349774
vt 0.149572 0.398220
vt 0.216101 0.436632
vt 0.120107 0.226406
vt 0.140729 0.272505
vt 0.164066 0.309517
vt 0.190506 0.344378
vt 0.226407 0.379893
s 1
usemtl MT03_Hourse_Eyes
f 2182/2466/2169 2183/2467/2170 2187/2471/2171 2186/2470/2172
f 2183/2467/2170 2184/2468/2173 2188/2472/2174 2187/2471/2171
f 2184/2468/2173 2185/2469/2175 2189/2473/2176 2188/2472/2174
f 2185/2469/2175 2198/2482/2177 2202/2487/2178 2189/2473/2176
f 2186/2470/2172 2187/2471/2171 2191/2475/2179 2190/2474/2180
f 2187/2471/2171 2188/2472/2174 2192/2476/2181 2191/2475/2179
f 2188/2472/2174 2189/2473/2176 2193/2477/2182 2192/2476/2181
f 2189/2473/2176 2202/2487/2178 2206/2492/2183 2193/2477/2182
f 2190/2474/2180 2191/2475/2179 2195/2479/2184 2194/2478/2185
f 2191/2475/2179 2192/2476/2181 2196/2480/2186 2195/2479/2184
f 2192/2476/2181 2193/2477/2182 2197/2481/2187 2196/2480/2186
f 2193/2477/2182 2206/2492/2183 2210/2497/2188 2197/2481/2187
f 2194/2478/2185 2195/2479/2184 2256/2551/2189 2255/2550/2190
f 2195/2479/2184 2196/2480/2186 2257/2552/2191 2256/2551/2189
f 2196/2480/2186 2197/2481/2187 2258/2553/2192 2257/2552/2191
f 2197/2481/2187 2210/2497/2188 2259/2554/2193 2258/2553/2192
f 2198/2482/2177 2199/2483/2194 2203/2488/2195 2202/2487/2178
f 2199/2483/2194 2200/2485/2196 2204/2489/2197 2203/2488/2195
f 2200/2484/2196 2201/2486/2198 2205/2491/2199 2204/2490/2197
f 2201/2486/2198 2214/2502/2200 2218/2506/2201 2205/2491/2199
f 2202/2487/2178 2203/2488/2195 2207/2493/2202 2206/2492/2183
f 2203/2488/2195 2204/2489/2197 2208/2494/2203 2207/2493/2202
f 2204/2490/2197 2205/2491/2199 2209/2496/2204 2208/2495/2203
f 2205/2491/2199 2218/2506/2201 2222/2510/2205 2209/2496/2204
f 2206/2492/2183 2207/2493/2202 2211/2498/2206 2210/2497/2188
f 2207/2493/2202 2208/2494/2203 2212/2499/2207 2211/2498/2206
f 2208/2495/2203 2209/2496/2204 2213/2501/2208 2212/2500/2207
f 2209/2496/2204 2222/2510/2205 2226/2514/2209 2213/2501/2208
f 2210/2497/2188 2211/2498/2206 2264/2559/2210 2259/2554/2193
f 2211/2498/2206 2212/2499/2207 2269/2568/2211 2264/2559/2210
f 2212/2500/2207 2213/2501/2208 2274/2574/2212 2269/2569/2211
f 2213/2501/2208 2226/2514/2209 2279/2579/2213 2274/2574/2212
f 2214/2502/2200 2215/2503/2214 2219/2507/2215 2218/2506/2201
f 2215/2503/2214 2216/2504/2216 2220/2508/2217 2219/2507/2215
f 2216/2504/2216 2217/2505/2218 2221/2509/2219 2220/2508/2217
f 2217/2505/2218 2230/2518/2220 2234/2523/2221 2221/2509/2219
f 2218/2506/2201 2219/2507/2215 2223/2511/2222 2222/2510/2205
f 2219/2507/2215 2220/2508/2217 2224/2512/2223 2223/2511/2222
f 2220/2508/2217 2221/2509/2219 2225/2513/2224 2224/2512/2223
f 2221/2509/2219 2234/2523/2221 2238/2528/2225 2225/2513/2224
f 2222/2510/2205 2223/2511/2222 2227/2515/2226 2226/2514/2209
f 2223/2511/2222 2224/2512/2223 2228/2516/2227 2227/2515/2226
f 2224/2512/2223 2225/2513/2224 2229/2517/2228 2228/2516/2227
f 2225/2513/2224 2238/2528/2225 2242/2533/2229 2229/2517/2228
f 2226/2514/2209 2227/2515/2226 2278/2578/2230 2279/2579/2213
f 2227/2515/2226 2228/2516/2227 2277/2577/2231 2278/2578/2230
f 2228/2516/2227 2229/2517/2228 2276/2576/2232 2277/2577/2231
f 2229/2517/2228 2242/2533/2229 2275/2575/2233 2276/2576/2232
f 2230/2518/2220 2231/2519/2234 2235/2524/2235 2234/2523/2221
f 2231/2519/2234 2232/2520/2236 2236/2525/2237 2235/2524/2235
f 2232/2521/2236 2233/2522/2238 2237/2527/2239 2236/2526/2237
f 2233/2522/2238 2182/2466/2169 2186/2470/2172 2237/2527/2239
f 2234/2523/2221 2235/2524/2235 2239/2529/2240 2238/2528/2225
f 2235/2524/2235 2236/2525/2237 2240/2530/2241 2239/2529/2240
f 2236/2526/2237 2237/2527/2239 2241/2532/2242 2240/2531/2241
f 2237/2527/2239 2186/2470/2172 2190/2474/2180 2241/2532/2242
f 2238/2528/2225 2239/2529/2240 2243/2534/2243 2242/2533/2229
f 2239/2529/2240 2240/2530/2241 2244/2535/2244 2243/2534/2243
f 2240/2531/2241 2241/2532/2242 2245/2537/2245 2244/2536/2244
f 2241/2532/2242 2190/2474/2180 2194/2478/2185 2245/2537/2245
f 2242/2533/2229 2243/2534/2243 2270/2570/2246 2275/2575/2233
f 2243/2534/2243 2244/2535/2244 2265/2561/2247 2270/2570/2246
f 2244/2536/2244 2245/2537/2245 2260/2555/2248 2265/2560/2247
f 2245/2537/2245 2194/2478/2185 2255/2550/2190 2260/2555/2248
f 2230/2518/2220 2217/2505/2218 2246/2538/2249 2231/2519/2234
f 2217/2505/2218 2216/2504/2216 2247/2539/2250 2246/2538/2249
f 2216/2504/2216 2215/2503/2214 2248/2540/2251 2247/2539/2250
f 2215/2503/2214 2214/2502/2200 2201/2486/2198 2248/2540/2251
f 2231/2519/2234 2246/2538/2249 2249/2541/2252 2232/2520/2236
f 2246/2538/2249 2247/2539/2250 2250/2543/2253 2249/2541/2252
f 2247/2539/2250 2248/2540/2251 2251/2545/2254 2250/2543/2253
f 2248/2540/2251 2201/2486/2198 2200/2484/2196 2251/2545/2254
f 2232/2521/2236 2249/2542/2252 2252/2547/2255 2233/2522/2238
f 2249/2542/2252 2250/2544/2253 2253/2548/2256 2252/2547/2255
f 2250/2544/2253 2251/2546/2254 2254/2549/2257 2253/2548/2256
f 2251/2546/2254 2200/2485/2196 2199/2483/2194 2254/2549/2257
f 2233/2522/2238 2252/2547/2255 2183/2467/2170 2182/2466/2169
f 2252/2547/2255 2253/2548/2256 2184/2468/2173 2183/2467/2170
f 2253/2548/2256 2254/2549/2257 2185/2469/2175 2184/2468/2173
f 2254/2549/2257 2199/2483/2194 2198/2482/2177 2185/2469/2175
f 2255/2550/2190 2256/2551/2189 2261/2556/2258 2260/2555/2248
f 2256/2551/2189 2257/2552/2191 2262/2557/2259 2261/2556/2258
f 2257/2552/2191 2258/2553/2192 2263/2558/2260 2262/2557/2259
f 2258/2553/2192 2259/2554/2193 2264/2559/2210 2263/2558/2260
f 2260/2555/2248 2261/2556/2258 2266/2562/2261 2265/2560/2247
f 2261/2556/2258 2262/2557/2259 2267/2564/2262 2266/2562/2261
f 2262/2557/2259 2263/2558/2260 2268/2566/2263 2267/2564/2262
f 2263/2558/2260 2264/2559/2210 2269/2568/2211 2268/2566/2263
f 2265/2561/2247 2266/2563/2261 2271/2571/2264 2270/2570/2246
f 2266/2563/2261 2267/2565/2262 2272/2572/2265 2271/2571/2264
f 2267/2565/2262 2268/2567/2263 2273/2573/2266 2272/2572/2265
f 2268/2567/2263 2269/2569/2211 2274/2574/2212 2273/2573/2266
f 2270/2570/2246 2271/2571/2264 2276/2576/2232 2275/2575/2233
f 2271/2571/2264 2272/2572/2265 2277/2577/2231 2276/2576/2232
f 2272/2572/2265 2273/2573/2266 2278/2578/2230 2277/2577/2231
f 2273/2573/2266 2274/2574/2212 2279/2579/2213 2278/2578/2230
f 2280/2580/2267 2284/2584/2268 2285/2585/2269 2281/2581/2270
f 2281/2581/2270 2285/2585/2269 2286/2586/2271 2282/2582/2272
f 2282/2582/2272 2286/2586/2271 2287/2587/2273 2283/2583/2274
f 2283/2583/2274 2287/2587/2273 2300/2601/2275 2296/2596/2276
f 2284/2584/2268 2288/2588/2277 2289/2589/2278 2285/2585/2269
f 2285/2585/2269 2289/2589/2278 2290/2590/2279 2286/2586/2271
f 2286/2586/2271 2290/2590/2279 2291/2591/2280 2287/2587/2273
f 2287/2587/2273 2291/2591/2280 2304/2606/2281 2300/2601/2275
f 2288/2588/2277 2292/2592/2282 2293/2593/2283 2289/2589/2278
f 2289/2589/2278 2293/2593/2283 2294/2594/2284 2290/2590/2279
f 2290/2590/2279 2294/2594/2284 2295/2595/2285 2291/2591/2280
f 2291/2591/2280 2295/2595/2285 2308/2611/2286 2304/2606/2281
f 2292/2592/2282 2353/2664/2287 2354/2665/2288 2293/2593/2283
f 2293/2593/2283 2354/2665/2288 2355/2666/2289 2294/2594/2284
f 2294/2594/2284 2355/2666/2289 2356/2667/2290 2295/2595/2285
f 2295/2595/2285 2356/2667/2290 2357/2668/2291 2308/2611/2286
f 2296/2596/2276 2300/2601/2275 2301/2602/2292 2297/2597/2293
f 2297/2597/2293 2301/2602/2292 2302/2603/2294 2298/2599/2295
f 2298/2598/2295 2302/2604/2294 2303/2605/2296 2299/2600/2297
f 2299/2600/2297 2303/2605/2296 2316/2620/2298 2312/2616/2299
f 2300/2601/2275 2304/2606/2281 2305/2607/2300 2301/2602/2292
f 2301/2602/2292 2305/2607/2300 2306/2608/2301 2302/2603/2294
f 2302/2604/2294 2306/2609/2301 2307/2610/2302 2303/2605/2296
f 2303/2605/2296 2307/2610/2302 2320/2624/2303 2316/2620/2298
f 2304/2606/2281 2308/2611/2286 2309/2612/2304 2305/2607/2300
f 2305/2607/2300 2309/2612/2304 2310/2613/2305 2306/2608/2301
f 2306/2609/2301 2310/2614/2305 2311/2615/2306 2307/2610/2302
f 2307/2610/2302 2311/2615/2306 2324/2628/2307 2320/2624/2303
f 2308/2611/2286 2357/2668/2291 2362/2673/2308 2309/2612/2304
f 2309/2612/2304 2362/2673/2308 2367/2682/2309 2310/2613/2305
f 2310/2614/2305 2367/2683/2309 2372/2688/2310 2311/2615/2306
f 2311/2615/2306 2372/2688/2310 2377/2693/2311 2324/2628/2307
f 2312/2616/2299 2316/2620/2298 2317/2621/2312 2313/2617/2313
f 2313/2617/2313 2317/2621/2312 2318/2622/2314 2314/2618/2315
f 2314/2618/2315 2318/2622/2314 2319/2623/2316 2315/2619/2317
f 2315/2619/2317 2319/2623/2316 2332/2637/2318 2328/2632/2319
f 2316/2620/2298 2320/2624/2303 2321/2625/2320 2317/2621/2312
f 2317/2621/2312 2321/2625/2320 2322/2626/2321 2318/2622/2314
f 2318/2622/2314 2322/2626/2321 2323/2627/2322 2319/2623/2316
f 2319/2623/2316 2323/2627/2322 2336/2642/2323 2332/2637/2318
f 2320/2624/2303 2324/2628/2307 2325/2629/2324 2321/2625/2320
f 2321/2625/2320 2325/2629/2324 2326/2630/2325 2322/2626/2321
f 2322/2626/2321 2326/2630/2325 2327/2631/2326 2323/2627/2322
f 2323/2627/2322 2327/2631/2326 2340/2647/2327 2336/2642/2323
f 2324/2628/2307 2377/2693/2311 2376/2692/2328 2325/2629/2324
f 2325/2629/2324 2376/2692/2328 2375/2691/2329 2326/2630/2325
f 2326/2630/2325 2375/2691/2329 2374/2690/2330 2327/2631/2326
f 2327/2631/2326 2374/2690/2330 2373/2689/2331 2340/2647/2327
f 2328/2632/2319 2332/2637/2318 2333/2638/2332 2329/2633/2333
f 2329/2633/2333 2333/2638/2332 2334/2639/2334 2330/2634/2335
f 2330/2635/2335 2334/2640/2334 2335/2641/2336 2331/2636/2337
f 2331/2636/2337 2335/2641/2336 2284/2584/2268 2280/2580/2267
f 2332/2637/2318 2336/2642/2323 2337/2643/2338 2333/2638/2332
f 2333/2638/2332 2337/2643/2338 2338/2644/2339 2334/2639/2334
f 2334/2640/2334 2338/2645/2339 2339/2646/2340 2335/2641/2336
f 2335/2641/2336 2339/2646/2340 2288/2588/2277 2284/2584/2268
f 2336/2642/2323 2340/2647/2327 2341/2648/2341 2337/2643/2338
f 2337/2643/2338 2341/2648/2341 2342/2649/2342 2338/2644/2339
f 2338/2645/2339 2342/2650/2342 2343/2651/2343 2339/2646/2340
f 2339/2646/2340 2343/2651/2343 2292/2592/2282 2288/2588/2277
f 2340/2647/2327 2373/2689/2331 2368/2684/2344 2341/2648/2341
f 2341/2648/2341 2368/2684/2344 2363/2675/2345 2342/2649/2342
f 2342/2650/2342 2363/2674/2345 2358/2669/2346 2343/2651/2343
f 2343/2651/2343 2358/2669/2346 2353/2664/2287 2292/2592/2282
f 2328/2632/2319 2329/2633/2333 2344/2652/2347 2315/2619/2317
f 2315/2619/2317 2344/2652/2347 2345/2653/2348 2314/2618/2315
f 2314/2618/2315 2345/2653/2348 2346/2654/2349 2313/2617/2313
f 2313/2617/2313 2346/2654/2349 2299/2600/2297 2312/2616/2299
f 2329/2633/2333 2330/2634/2335 2347/2655/2350 2344/2652/2347
f 2344/2652/2347 2347/2655/2350 2348/2657/2351 2345/2653/2348
f 2345/2653/2348 2348/2657/2351 2349/2659/2352 2346/2654/2349
f 2346/2654/2349 2349/2659/2352 2298/2598/2295 2299/2600/2297
f 2330/2635/2335 2331/2636/2337 2350/2661/2353 2347/2656/2350
f 2347/2656/2350 2350/2661/2353 2351/2662/2354 2348/2658/2351
f 2348/2658/2351 2351/2662/2354 2352/2663/2355 2349/2660/2352
f 2349/2660/2352 2352/2663/2355 2297/2597/2293 2298/2599/2295
f 2331/2636/2337 2280/2580/2267 2281/2581/2270 2350/2661/2353
f 2350/2661/2353 2281/2581/2270 2282/2582/2272 2351/2662/2354
f 2351/2662/2354 2282/2582/2272 2283/2583/2274 2352/2663/2355
f 2352/2663/2355 2283/2583/2274 2296/2596/2276 2297/2597/2293
f 2353/2664/2287 2358/2669/2346 2359/2670/2356 2354/2665/2288
f 2354/2665/2288 2359/2670/2356 2360/2671/2357 2355/2666/2289
f 2355/2666/2289 2360/2671/2357 2361/2672/2358 2356/2667/2290
f 2356/2667/2290 2361/2672/2358 2362/2673/2308 2357/2668/2291
f 2358/2669/2346 2363/2674/2345 2364/2676/2359 2359/2670/2356
f 2359/2670/2356 2364/2676/2359 2365/2678/2360 2360/2671/2357
f 2360/2671/2357 2365/2678/2360 2366/2680/2361 2361/2672/2358
f 2361/2672/2358 2366/2680/2361 2367/2682/2309 2362/2673/2308
f 2363/2675/2345 2368/2684/2344 2369/2685/2362 2364/2677/2359
f 2364/2677/2359 2369/2685/2362 2370/2686/2363 2365/2679/2360
f 2365/2679/2360 2370/2686/2363 2371/2687/2364 2366/2681/2361
f 2366/2681/2361 2371/2687/2364 2372/2688/2310 2367/2683/2309
f 2368/2684/2344 2373/2689/2331 2374/2690/2330 2369/2685/2362
f 2369/2685/2362 2374/2690/2330 2375/2691/2329 2370/2686/2363
f 2370/2686/2363 2375/2691/2329 2376/2692/2328 2371/2687/2364
f 2371/2687/2364 2376/2692/2328 2377/2693/2311 2372/2688/2310
